item,avg_weekly_demand,std_weekly_demand,median_weekly_demand,max_weekly_demand,sales_weeks,zero_weeks
944,3.7777777777777777,2.279132388529557,5.0,7.0,9,83
945,,,,0.0,0,92
946,3.25,2.217355782608345,3.0,6.0,4,88
947,2.0,,2.0,2.0,1,91
948,,,,0.0,0,92
949,2.75,1.5,3.0,4.0,4,88
950,,,,0.0,0,92
951,2.7777777777777777,2.1081851067789197,1.0,5.0,9,83
952,4.1,2.4244128727957577,4.0,9.0,10,82
953,4.222222222222222,3.0206262606512486,5.0,10.0,18,74
954,,,,0.0,0,92
955,,,,0.0,0,92
956,,,,0.0,0,92
957,,,,0.0,0,92
958,,,,0.0,0,92
959,,,,0.0,0,92
960,,,,0.0,0,92
961,,,,0.0,0,92
962,,,,0.0,0,92
963,,,,0.0,0,92
964,,,,0.0,0,92
965,,,,0.0,0,92
966,,,,0.0,0,92
967,,,,0.0,0,92
968,,,,0.0,0,92
2048,1.5,1.0,1.0,3.0,4,88
2049,1.4545454545454546,0.6875516509523286,1.0,3.0,11,81
2060,2.357142857142857,3.692135985018446,1.0,15.0,14,78
2061,,,,0.0,0,92
2062,2.0,1.7320508075688772,1.0,4.0,3,89
2063,1.2,0.4472135954999579,1.0,2.0,5,87
2064,1.6666666666666667,0.5773502691896257,2.0,2.0,3,89
2065,4.75,3.855731664245668,3.5,15.0,16,76
2074,3.0,,3.0,3.0,1,91
2075,7.5,3.5355339059327378,7.5,10.0,2,90
2076,2.5,1.9148542155126762,2.0,5.0,4,88
2079,3.5,2.0816659994661326,3.5,6.0,4,88
2080,4.0,2.0,4.0,6.0,3,89
2081,,,,0.0,0,92
2085,4.866666666666666,3.7959878568725434,4.0,15.0,15,77
2086,8.166666666666666,8.526251796479489,5.0,29.0,12,80
2087,2.0,1.5811388300841898,1.0,6.0,13,79
2088,1.875,0.9910312089651149,2.0,4.0,8,84
2089,16.6,28.95690874562691,5.0,132.0,40,52
2090,,,,0.0,0,92
2091,1.2,0.44721359549995804,1.0,2.0,5,87
2092,,,,0.0,0,92
2093,4.588235294117647,3.365569613531922,4.0,17.0,51,41
2094,1.6,0.8944271909999159,1.0,3.0,5,87
2095,,,,0.0,0,92
2096,8.564102564102564,9.037334469023113,6.0,39.0,39,53
2097,3.6470588235294117,2.523419715153135,3.0,10.0,17,75
2098,1.75,0.9574271077563381,1.5,3.0,4,88
2105,2.625,1.0606601717798212,2.5,4.0,8,84
2106,,,,0.0,0,92
2107,1.0,,1.0,1.0,1,91
2108,,,,0.0,0,92
2109,2.25,0.5,2.0,3.0,4,88
2110,1.0,0.0,1.0,1.0,3,89
2111,1.5714285714285714,1.1338934190276817,1.0,4.0,7,85
2112,30.0,8.48528137423857,30.0,36.0,2,90
2113,27.647058823529413,15.495614927986397,24.0,72.0,34,58
2114,13.0,8.246211251235321,12.0,24.0,4,88
2116,,,,0.0,0,92
2117,,,,0.0,0,92
2118,,,,0.0,0,92
2119,,,,0.0,0,92
2120,1.0,,1.0,1.0,1,91
2125,2.2857142857142856,1.799470821684875,2.0,6.0,7,85
2126,,,,0.0,0,92
2127,1.5,0.9899494936611666,1.0,5.0,26,66
2128,1.2,0.4472135954999579,1.0,2.0,5,87
2129,4.1923076923076925,4.252051230662087,3.0,21.0,52,40
2130,4.75,3.6980976090316933,4.0,17.0,28,64
2131,2.727272727272727,1.931735419668473,2.0,8.0,22,70
2134,1.0,,1.0,1.0,1,91
2135,6.0,,6.0,6.0,1,91
2136,2.3333333333333335,1.5275252316519465,2.0,4.0,3,89
2137,2.375,1.1877349391654208,2.0,4.0,8,84
2138,9.390243902439025,8.233705267923087,8.0,47.0,41,51
2139,6.111111111111111,4.986091767217197,4.0,16.0,9,83
2140,3.923076923076923,3.211517733696352,2.5,12.0,26,66
2141,3.7916666666666665,3.741415294483773,3.0,21.0,24,68
2142,4.875,2.5787593916455256,4.0,8.0,16,76
2143,3.0833333333333335,1.9752253419585197,3.0,8.0,12,80
2147,,,,0.0,0,92
2153,1.6666666666666667,0.5773502691896257,2.0,2.0,3,89
2168,26.0,28.751811537130433,15.0,100.0,10,82
2169,27.5,31.05295017040594,15.0,100.0,8,84
2170,84.62962962962963,61.6965478060239,100.0,330.0,54,38
2171,30.0,39.370039370059054,10.0,100.0,5,87
2172,120.71428571428571,71.94701957950465,100.0,300.0,14,78
2173,50.0,,50.0,50.0,1,91
2174,55.0,63.63961030678928,55.0,100.0,2,90
2175,115.84415584415585,94.23306282759852,100.0,470.0,77,15
2176,46.25,35.431019500674026,35.0,100.0,8,84
2177,85.0,36.742346141747674,100.0,100.0,6,86
2178,100.0,,100.0,100.0,1,91
2179,260.8333333333333,147.73799494887953,200.0,600.0,12,80
2180,20.0,,20.0,20.0,1,91
2181,66.0,59.29212051829109,40.0,200.0,10,82
2182,57.391304347826086,39.45277859835014,50.0,170.0,23,69
2183,100.0,0.0,100.0,100.0,2,90
2184,21.666666666666668,13.291601358251256,20.0,40.0,6,86
2185,186.15384615384616,191.2842478134006,100.0,750.0,65,27
2186,17.142857142857142,4.8795003647426665,20.0,20.0,7,85
2187,89.71428571428571,83.83855134430334,65.0,400.0,70,22
2188,77.14285714285714,39.46064947695181,100.0,100.0,7,85
2189,28.333333333333332,20.37526724122938,25.0,70.0,12,80
2190,31.666666666666668,34.30257521916783,20.0,100.0,6,86
2191,46.666666666666664,46.188021535170066,20.0,100.0,3,89
2192,76.25,62.54998001598402,75.0,200.0,8,84
2193,22.0,26.832815729997478,10.0,70.0,5,87
2194,102.5,136.46035531035588,45.0,400.0,8,84
2195,67.70833333333333,60.88844292860102,45.0,260.0,48,44
2196,17.5,5.0,20.0,20.0,4,88
2197,62.234042553191486,88.78288435865117,30.0,520.0,47,45
2198,,,,0.0,0,92
2199,15.0,5.773502691896258,15.0,20.0,4,88
2200,26.666666666666668,20.816659994661325,20.0,50.0,3,89
2201,32.0,29.808915253182704,20.0,100.0,15,77
2202,35.55555555555556,25.00793524857311,30.0,100.0,36,56
2203,21.428571428571427,12.314558524297638,20.0,50.0,14,78
2204,15.0,5.477225575051661,15.0,20.0,6,86
2205,67.02702702702703,62.36722290121807,40.0,330.0,74,18
2206,23.333333333333332,24.397501823713327,10.0,100.0,15,77
2207,28.636363636363637,27.48080794290454,20.0,110.0,22,70
2208,114.82142857142857,141.06080019143997,45.0,500.0,56,36
2209,20.76923076923077,24.651415936864716,10.0,100.0,13,79
2210,30.0,,30.0,30.0,1,91
2211,147.63888888888889,177.410902498997,60.0,810.0,72,20
2212,18.823529411764707,11.663164740528442,10.0,40.0,17,75
2213,20.714285714285715,4.746311465493234,20.0,30.0,14,78
2214,129.04761904761904,150.99363675669855,50.0,610.0,63,29
2215,15.0,6.183469424008423,10.0,30.0,18,74
2216,16.0,8.94427190999916,10.0,30.0,5,87
2217,128.4313725490196,152.55651476118098,50.0,600.0,51,41
2218,17.857142857142858,5.789342235218394,20.0,30.0,14,78
2219,1.2777777777777777,0.5745131499601417,1.0,3.0,18,74
2221,,,,0.0,0,92
2222,1.6666666666666667,1.2110601416389966,1.0,4.0,6,86
2223,,,,0.0,0,92
2224,,,,0.0,0,92
2225,,,,0.0,0,92
2226,,,,0.0,0,92
2227,,,,0.0,0,92
2228,,,,0.0,0,92
2229,,,,0.0,0,92
2230,,,,0.0,0,92
2231,,,,0.0,0,92
2232,,,,0.0,0,92
2233,,,,0.0,0,92
2234,,,,0.0,0,92
2235,,,,0.0,0,92
2236,,,,0.0,0,92
2237,,,,0.0,0,92
2238,,,,0.0,0,92
2239,,,,0.0,0,92
2240,,,,0.0,0,92
2241,,,,0.0,0,92
2242,,,,0.0,0,92
2243,,,,0.0,0,92
2244,,,,0.0,0,92
2245,,,,0.0,0,92
2246,,,,0.0,0,92
2247,,,,0.0,0,92
2248,,,,0.0,0,92
2249,,,,0.0,0,92
2250,,,,0.0,0,92
2251,,,,0.0,0,92
2252,,,,0.0,0,92
2253,,,,0.0,0,92
2254,,,,0.0,0,92
2255,,,,0.0,0,92
2256,,,,0.0,0,92
2257,,,,0.0,0,92
2258,,,,0.0,0,92
2259,,,,0.0,0,92
2260,,,,0.0,0,92
2261,,,,0.0,0,92
2262,,,,0.0,0,92
2263,,,,0.0,0,92
2264,,,,0.0,0,92
2265,2.5636363636363635,1.8029157080975946,2.0,11.0,55,37
2266,7.444444444444445,4.3906466241064965,7.0,15.0,9,83
2267,1.0,0.0,1.0,1.0,2,90
2268,,,,0.0,0,92
2269,1.0,0.0,1.0,1.0,10,82
2270,2.2857142857142856,1.707127913861675,1.0,5.0,21,71
2271,2.576923076923077,1.7927203222606012,1.5,6.0,26,66
2272,2.9444444444444446,2.5081566285227512,1.5,10.0,18,74
2273,2.6,2.073644135332772,2.0,6.0,5,87
2274,1.6666666666666667,0.5773502691896257,2.0,2.0,3,89
2275,16.7816091954023,10.537226685309037,17.0,50.0,87,5
2276,2.6,1.9493588689617927,2.0,6.0,5,87
2277,2.8,1.0954451150103321,2.0,4.0,5,87
2278,3.0,2.6457513110645907,2.0,6.0,3,89
2279,3.1818181818181817,1.6011359603844901,3.0,5.0,11,81
2280,8.882352941176471,7.171184166714809,6.0,29.0,51,41
2281,7.555555555555555,6.921785254622619,5.0,25.0,36,56
2282,7.904761904761905,7.980631315283032,4.0,22.0,21,71
2283,3.8666666666666667,4.940599539481399,2.0,20.0,15,77
2284,3.0,2.7838821814150108,2.0,10.0,9,83
2285,3.0,2.8284271247461903,3.0,5.0,2,90
2286,,,,0.0,0,92
2287,7.818181818181818,7.015838318762097,5.0,22.0,44,48
2288,10.424657534246576,9.211885149419107,8.0,61.0,73,19
2289,2.0,,2.0,2.0,1,91
2290,5.576923076923077,4.729325093192904,4.0,21.0,52,40
2291,4.235294117647059,3.143620991973503,3.0,11.0,34,58
2292,3.4705882352941178,2.764001787689896,2.0,10.0,17,75
2293,1.8,1.3038404810405297,1.0,4.0,5,87
2294,1.75,0.9574271077563381,1.5,3.0,4,88
2295,1.0,,1.0,1.0,1,91
2296,6.245283018867925,4.493181416911966,5.0,20.0,53,39
2297,3.973684210526316,3.642740593662542,2.5,15.0,38,54
2298,1.8823529411764706,0.8574929257125442,2.0,4.0,17,75
2299,2.4705882352941178,1.3746657347707991,2.0,6.0,17,75
2300,2.0,0.816496580927726,2.0,3.0,4,88
2301,1.75,0.5,2.0,2.0,4,88
2302,1.6666666666666667,0.5773502691896257,2.0,2.0,3,89
2303,4.880952380952381,4.232293853924819,4.0,20.0,42,50
2304,,,,0.0,0,92
2305,1.0,0.0,1.0,1.0,2,90
2306,3.25,2.6049403612586386,2.0,9.0,8,84
2307,2.2142857142857144,1.9120890816289537,2.0,10.0,28,64
2308,2.1176470588235294,1.21872643265298,2.0,6.0,17,75
2309,3.1333333333333333,4.778921974472405,2.0,20.0,15,77
2310,2.142857142857143,1.7032612545052805,1.0,6.0,14,78
2311,2.4285714285714284,2.5027457449242148,1.5,10.0,14,78
2312,2.8333333333333335,1.602081978759722,3.0,5.0,6,86
2313,3.875,2.895398648430529,3.0,11.0,16,76
2314,2.4545454545454546,1.5075567228888183,2.0,6.0,11,81
2315,1.8888888888888888,0.8323523637957304,2.0,4.0,18,74
2316,4.523809523809524,3.0713451802579512,4.0,17.0,84,8
2317,1.911764705882353,1.2641357584081996,1.0,6.0,34,58
2318,11.272727272727273,8.484717474495516,10.0,45.0,77,15
2321,2.4444444444444446,1.3333333333333333,2.0,5.0,9,83
2322,4.0,1.8397324220155997,4.0,6.0,14,78
2342,,,,0.0,0,92
2343,,,,0.0,0,92
2344,,,,0.0,0,92
2345,,,,0.0,0,92
2346,,,,0.0,0,92
2347,,,,0.0,0,92
2348,,,,0.0,0,92
2349,,,,0.0,0,92
2350,,,,0.0,0,92
2351,,,,0.0,0,92
2352,3.5,3.5355339059327378,3.5,6.0,2,90
2353,,,,0.0,0,92
2354,,,,0.0,0,92
2355,1.0,0.0,1.0,1.0,6,86
2356,1.0,,1.0,1.0,1,91
2357,,,,0.0,0,92
2358,2.3333333333333335,1.5275252316519468,2.0,4.0,3,89
2359,,,,0.0,0,92
2360,42.1764705882353,35.350081121464456,35.0,129.0,51,41
2366,1.1428571428571428,0.5345224838248488,1.0,3.0,14,78
2367,,,,0.0,0,92
2368,,,,0.0,0,92
2369,,,,0.0,0,92
2370,4.0,,4.0,4.0,1,91
2371,,,,0.0,0,92
2372,,,,0.0,0,92
2373,,,,0.0,0,92
2374,8.333333333333334,4.725815626252608,10.0,12.0,3,89
2375,,,,0.0,0,92
2376,2.0,2.1483446221182985,1.0,8.0,14,78
2377,6.0,,6.0,6.0,1,91
2378,,,,0.0,0,92
2379,5.0,5.656854249492381,5.0,9.0,2,90
2380,2.5,0.7071067811865476,2.5,3.0,2,90
2381,3.6666666666666665,2.081665999466133,3.0,6.0,3,89
2382,18.0,,18.0,18.0,1,91
2383,18.94736842105263,27.498325307859062,12.0,160.0,57,35
2384,,,,0.0,0,92
2385,,,,0.0,0,92
2386,,,,0.0,0,92
2387,3.0,1.984313483298443,2.0,8.0,33,59
2388,,,,0.0,0,92
2389,,,,0.0,0,92
2390,1.3333333333333333,0.5,1.0,2.0,9,83
2391,,,,0.0,0,92
2392,1.0,,1.0,1.0,1,91
2393,2.0,,2.0,2.0,1,91
2394,6.0,2.8284271247461903,6.0,8.0,2,90
2395,5.0,4.242640687119285,5.0,8.0,2,90
2396,3.5,0.7071067811865476,3.5,4.0,2,90
2397,2.5,0.7071067811865476,2.5,3.0,2,90
2398,1.5,0.7071067811865476,1.5,2.0,2,90
2399,5.701754385964913,5.088379310745718,4.0,25.0,57,35
2400,3.3,1.9145540580979454,3.5,7.0,30,62
2401,,,,0.0,0,92
2402,,,,0.0,0,92
2403,,,,0.0,0,92
2404,,,,0.0,0,92
2408,,,,0.0,0,92
2409,2.0,,2.0,2.0,1,91
2410,6.875,3.1367635732209265,6.5,12.0,8,84
2411,8.55,4.740364187652563,6.0,18.0,20,72
2412,11.571428571428571,10.599865228253748,7.0,48.0,21,71
2413,12.0,6.617077473153407,12.0,33.0,57,35
2414,6.705882352941177,4.482810305521985,6.0,18.0,17,75
2415,3.142857142857143,3.1320159337914952,2.0,9.0,7,85
2416,12.029411764705882,9.057008985570562,9.5,46.0,34,58
2417,52.092592592592595,35.18965784952642,43.5,188.0,54,38
2418,56.148148148148145,38.19236681980305,46.0,192.0,54,38
2419,,,,0.0,0,92
2420,3.0833333333333335,1.928651593652148,3.0,6.0,12,80
2421,2.857142857142857,1.9518001458970664,3.0,6.0,7,85
2425,,,,0.0,0,92
2428,7.322033898305085,5.864682952791406,6.0,26.0,59,33
2429,,,,0.0,0,92
2430,3.4,2.756809750418044,3.0,10.0,10,82
2431,1.0833333333333333,0.28867513459481287,1.0,2.0,12,80
2432,6.666666666666667,3.055050463303893,6.0,10.0,3,89
2433,,,,0.0,0,92
2434,,,,0.0,0,92
2435,,,,0.0,0,92
2436,,,,0.0,0,92
2437,2.0,,2.0,2.0,1,91
2438,1.5,0.97182531580755,1.0,4.0,10,82
2439,1.25,0.4629100498862757,1.0,2.0,8,84
2440,1.0,0.0,1.0,1.0,4,88
2441,1.3333333333333333,0.7071067811865476,1.0,3.0,9,83
2442,1.0,0.0,1.0,1.0,5,87
2443,1.0,0.0,1.0,1.0,4,88
2444,,,,0.0,0,92
2445,46.411764705882355,64.19020449368561,17.0,258.0,17,75
2446,,,,0.0,0,92
2447,6.666666666666667,3.055050463303893,6.0,10.0,3,89
2450,2.0,0.0,2.0,2.0,2,90
2451,1.6666666666666667,0.5773502691896257,2.0,2.0,3,89
2452,2.235294117647059,1.7510501051050011,2.0,6.0,17,75
2453,2.736842105263158,1.55785127171862,2.0,5.0,19,73
2454,1.25,0.5,1.0,2.0,4,88
2455,3.5,1.9748417658131499,2.5,6.0,6,86
2456,1.3333333333333333,0.816496580927726,1.0,3.0,6,86
2457,1.7777777777777777,0.8084520834544433,2.0,4.0,18,74
2458,2.263157894736842,1.1551110985836486,2.0,6.0,38,54
2459,,,,0.0,0,92
2460,2.6,1.83694283372101,2.0,7.0,40,52
2470,3.142857142857143,1.6104057232283404,3.0,6.0,14,78
2471,1.875,1.226961606004318,1.0,4.0,24,68
2472,1.0,0.0,1.0,1.0,5,87
2473,1.4761904761904763,0.6015852075182383,1.0,3.0,21,71
2474,5.5,4.949747468305833,5.5,9.0,2,90
2475,,,,0.0,0,92
2478,,,,0.0,0,92
2479,16.348837209302324,9.04981904825735,12.0,48.0,43,49
2480,15.206896551724139,8.256509597821362,12.0,34.0,29,63
2481,4.870967741935484,3.7748460055466366,3.0,12.0,31,61
2482,5.375,4.112987559751022,4.0,14.0,16,76
2483,14.869565217391305,12.57813524199863,12.0,46.0,23,69
2484,16.901960784313726,9.0780061730774,15.0,42.0,51,41
2485,,,,0.0,0,92
2486,,,,0.0,0,92
2487,2.0,1.4142135623730951,2.0,3.0,2,90
2488,6.84,6.459360133429111,4.0,24.0,25,67
2489,9.5,8.214515254691857,7.5,27.0,24,68
2490,,,,0.0,0,92
2491,2.0,1.3601470508735443,2.0,6.0,41,51
2492,1.8484848484848484,1.1758298165873144,1.0,5.0,33,59
2493,1.8,1.2787861891837349,1.0,6.0,35,57
2494,2.1739130434782608,1.556574733569118,2.0,7.0,23,69
2495,2.235294117647059,1.4374200745044001,2.0,6.0,17,75
2496,,,,0.0,0,92
2497,,,,0.0,0,92
2498,,,,0.0,0,92
2499,1.2,0.4216370213557839,1.0,2.0,10,82
2500,2.2857142857142856,1.3801311186847083,2.0,5.0,7,85
2501,6.0,3.8133537295491835,5.0,20.0,49,43
2503,1.2,0.44721359549995804,1.0,2.0,5,87
2504,5.615384615384615,1.6092680291808414,6.0,9.0,13,79
2505,2.6666666666666665,1.543033499620919,2.0,6.0,15,77
2506,1.5,0.5773502691896257,1.5,2.0,4,88
2507,4.714285714285714,4.990467102863408,4.0,15.0,7,85
2509,1.5,0.7559289460184544,1.0,3.0,8,84
2510,2.0,0.0,2.0,2.0,2,90
2511,1.7333333333333334,1.4375905768565218,1.0,6.0,15,77
2518,1.7727272727272727,1.2698638165386527,1.0,5.0,22,70
2522,1.8,0.44721359549995804,2.0,2.0,5,87
2524,1.9259259259259258,1.3566340112409982,2.0,7.0,27,65
2526,,,,0.0,0,92
2528,,,,0.0,0,92
2529,5.590909090909091,6.544056488499723,2.5,27.0,22,70
2530,,,,0.0,0,92
2547,4.36734693877551,2.7438862156849453,3.0,13.0,49,43
2548,3.981818181818182,3.058024714013141,4.0,21.0,55,37
2549,2.7083333333333335,1.8761469921708918,2.0,8.0,24,68
2550,,,,0.0,0,92
2551,,,,0.0,0,92
2552,,,,0.0,0,92
2553,17.235294117647058,36.80782765215285,4.0,129.0,17,75
2555,1.0,0.0,1.0,1.0,2,90
2556,,,,0.0,0,92
2559,,,,0.0,0,92
2654,38.955555555555556,32.92856111840205,29.5,159.0,90,2
2747,,,,0.0,0,92
2748,,,,0.0,0,92
2749,,,,0.0,0,92
2751,,,,0.0,0,92
2752,,,,0.0,0,92
2753,,,,0.0,0,92
2754,,,,0.0,0,92
2755,,,,0.0,0,92
2756,,,,0.0,0,92
2757,,,,0.0,0,92
2758,,,,0.0,0,92
2759,,,,0.0,0,92
2760,,,,0.0,0,92
2761,,,,0.0,0,92
2762,,,,0.0,0,92
2763,,,,0.0,0,92
2764,,,,0.0,0,92
2765,,,,0.0,0,92
2766,,,,0.0,0,92
2794,,,,0.0,0,92
2795,,,,0.0,0,92
2905,,,,0.0,0,92
2906,2.0,,2.0,2.0,1,91
2907,,,,0.0,0,92
2911,,,,0.0,0,92
2912,,,,0.0,0,92
2913,,,,0.0,0,92
2914,,,,0.0,0,92
2915,,,,0.0,0,92
3124,2.4444444444444446,1.130388330520878,2.0,4.0,9,83
3125,2.3333333333333335,1.7511900715418263,1.5,5.0,6,86
3257,,,,0.0,0,92
3262,1.0,0.0,1.0,1.0,3,89
3360,2.48,2.1432063207571344,2.0,10.0,25,67
3361,3.7333333333333334,3.150757484680902,2.0,15.0,45,47
3544,9.884615384615385,9.926502150667657,5.5,56.0,52,40
3545,3.7,2.811629982393618,3.0,10.0,20,72
3546,4.5,4.571076114232322,2.5,20.0,20,72
3547,7.0,5.652487707545291,5.0,29.0,82,10
3548,,,,0.0,0,92
3549,,,,0.0,0,92
3944,4.098039215686274,3.287886263001105,3.0,17.0,51,41
4147,4.0,,4.0,4.0,1,91
4148,4.6,6.066300355241241,1.0,15.0,5,87
4149,4.5,7.0,1.0,15.0,4,88
4150,1.1428571428571428,0.37796447300922725,1.0,2.0,7,85
4151,,,,0.0,0,92
4152,,,,0.0,0,92
4153,,,,0.0,0,92
4154,3.0,2.224268064117415,2.0,8.0,20,72
4155,1.0,,1.0,1.0,1,91
4156,3.8421052631578947,2.522414141138446,4.0,10.0,19,73
4157,1.2,0.44721359549995804,1.0,2.0,5,87
4158,6.0,4.0,6.0,10.0,5,87
4159,1.9090909090909092,1.044465935734187,2.0,4.0,11,81
4160,2.6666666666666665,1.5275252316519465,3.0,4.0,3,89
4161,1.3333333333333333,0.5773502691896257,1.0,2.0,3,89
4162,2.5714285714285716,1.8126539343499315,2.0,5.0,7,85
4163,3.388888888888889,2.3549419597915633,2.5,10.0,18,74
4164,,,,0.0,0,92
4165,,,,0.0,0,92
4167,,,,0.0,0,92
4168,17.238095238095237,13.430952169912459,12.0,60.0,21,71
4169,,,,0.0,0,92
4170,,,,0.0,0,92
4171,,,,0.0,0,92
4172,,,,0.0,0,92
4173,,,,0.0,0,92
4174,,,,0.0,0,92
4175,,,,0.0,0,92
4176,,,,0.0,0,92
4177,10.0,0.0,10.0,10.0,5,87
4178,,,,0.0,0,92
4179,3.0714285714285716,2.93040979852675,2.0,13.0,28,64
4180,3.0,2.2443344307471285,3.0,12.0,28,64
4181,2.0,0.816496580927726,2.0,5.0,25,67
4182,7.333333333333333,6.8068592855540455,5.0,15.0,3,89
4183,3.1733333333333333,2.042609177559979,3.0,9.0,75,17
4184,,,,0.0,0,92
4185,,,,0.0,0,92
4187,,,,0.0,0,92
4188,3.0,2.3696802770383636,2.0,11.0,27,65
4189,1.0,0.0,1.0,1.0,4,88
4190,3.0,,3.0,3.0,1,91
4191,4.823529411764706,8.17186709171814,3.0,35.0,17,75
4192,1.4,0.8944271909999159,1.0,3.0,5,87
4193,4.304347826086956,4.5454229247912,3.0,24.0,46,46
4194,2.0,1.0,2.0,3.0,7,85
4195,6.666666666666667,4.097301403104096,6.0,12.0,12,80
4196,2.0,0.0,2.0,2.0,2,90
4197,3.0,1.4142135623730951,3.0,4.0,2,90
4247,,,,0.0,0,92
4248,13.083333333333334,14.78610117234384,4.0,40.0,12,80
4249,1.0,0.0,1.0,1.0,2,90
4250,3.2222222222222223,2.9907264074877267,2.0,11.0,9,83
4251,8.192307692307692,11.2819120038023,5.0,54.0,26,66
4252,7.464285714285714,21.11254172262113,2.0,113.0,28,64
4253,8.328125,10.445709512628724,5.0,53.0,64,28
4254,6.0,11.16813649304452,1.5,40.0,12,80
4255,,,,0.0,0,92
4256,,,,0.0,0,92
4257,,,,0.0,0,92
4258,1.0,,1.0,1.0,1,91
4259,1.0,,1.0,1.0,1,91
4260,1.875,1.7268882005337975,1.0,6.0,8,84
4261,1.8571428571428572,0.949262293098647,2.0,4.0,14,78
4262,1.0,0.0,1.0,1.0,2,90
4263,3.6666666666666665,3.785938897200183,2.0,8.0,3,89
4264,,,,0.0,0,92
4265,5.25,4.425306015783918,5.0,10.0,4,88
4266,1.0,,1.0,1.0,1,91
4267,19.846153846153847,39.84521333411362,10.0,150.0,13,79
4268,6.333333333333333,7.8547418606195905,4.5,30.0,12,80
4269,4.533333333333333,5.0123656614227095,3.0,20.0,15,77
4270,10.0,7.0710678118654755,10.0,15.0,2,90
4271,6.142857142857143,6.273965043147544,3.5,21.0,14,78
4272,14.0,14.53075555994447,7.5,40.0,8,84
4273,1.8571428571428572,1.0690449676496974,2.0,4.0,7,85
4274,1.75,1.7525491637693282,1.0,6.0,8,84
4275,1.1111111111111112,0.33333333333333337,1.0,2.0,9,83
4276,2.0,1.6922282244532987,2.0,11.0,45,47
4277,,,,0.0,0,92
4278,,,,0.0,0,92
4279,,,,0.0,0,92
4280,,,,0.0,0,92
4281,,,,0.0,0,92
4282,,,,0.0,0,92
4283,,,,0.0,0,92
4284,3.7291666666666665,4.62527553329153,3.0,32.0,48,44
4285,3.1176470588235294,2.0556951021348415,3.0,11.0,51,41
4286,1.8333333333333333,1.0072203103706698,2.0,5.0,24,68
4287,1.7391304347826086,0.7518094115561123,2.0,3.0,23,69
4288,1.25,0.5,1.0,2.0,4,88
4289,1.4705882352941178,0.8744746321952062,1.0,4.0,17,75
4290,3.5,0.7071067811865476,3.5,4.0,2,90
4291,12.181818181818182,9.929111331263798,10.5,72.0,88,4
4292,,,,0.0,0,92
4293,8.053571428571429,19.56845294471054,2.0,109.0,56,36
4294,14.225352112676056,38.99054727315276,5.0,265.0,71,21
4295,14.08,33.911155782227276,4.0,206.0,75,17
4296,13.658227848101266,28.17886372659087,6.0,156.0,79,13
4297,9.73015873015873,24.132167228321794,3.0,160.0,63,29
4298,10.483870967741936,23.676606657262983,3.0,141.0,62,30
4299,17.097560975609756,44.547056512214574,2.0,212.0,41,51
4300,5.9411764705882355,11.488970142602486,4.0,68.0,34,58
4301,1.0,,1.0,1.0,1,91
4302,2.5416666666666665,2.3215281074376826,1.5,9.0,24,68
4303,1.853658536585366,1.0853795559562587,2.0,5.0,41,51
4304,1.25,0.8968544062928813,1.0,5.0,24,68
4305,,,,0.0,0,92
4306,2.175438596491228,1.269460051382137,2.0,6.0,57,35
4307,1.8653846153846154,1.237151157468375,1.0,6.0,52,40
4308,35.7032967032967,38.6662340508829,24.0,209.0,91,1
4309,,,,0.0,0,92
4310,,,,0.0,0,92
4311,,,,0.0,0,92
4312,3.52,2.215345368569158,3.0,9.0,50,42
4313,1.4705882352941178,1.007326105267277,1.0,5.0,17,75
4314,1.85,1.2258187382102497,1.0,5.0,20,72
4315,2.1,1.2152872405004,2.0,5.0,40,52
4316,3.9047619047619047,3.06759486387103,3.0,15.0,63,29
4317,1.4814814814814814,0.7529618628798983,1.0,3.0,27,65
4318,1.4705882352941178,0.6242642728467979,1.0,3.0,17,75
4319,2.8372093023255816,1.9387063993210911,2.0,11.0,43,49
4320,,,,0.0,0,92
4321,6.119047619047619,4.978035519786829,5.0,30.0,84,8
4322,,,,0.0,0,92
4323,,,,0.0,0,92
4324,,,,0.0,0,92
4325,,,,0.0,0,92
4326,1.5294117647058822,0.6242642728467979,1.0,3.0,17,75
4327,1.9444444444444444,1.513555308934105,1.0,6.0,18,74
4328,,,,0.0,0,92
4329,,,,0.0,0,92
4330,,,,0.0,0,92
4331,,,,0.0,0,92
4332,2.5,1.3394467690277294,2.0,5.0,18,74
4333,4.428571428571429,5.255382728122436,3.0,16.0,7,85
4334,13.344444444444445,9.827913824272592,12.0,65.0,90,2
4335,,,,0.0,0,92
4336,,,,0.0,0,92
4337,,,,0.0,0,92
4338,1.5833333333333333,1.138903617201808,1.0,6.0,24,68
4339,1.25,0.5501196042201808,1.0,3.0,20,72
4340,1.2,0.44721359549995804,1.0,2.0,5,87
4341,2.2941176470588234,1.4879192663970409,2.0,7.0,34,58
4342,3.3333333333333335,1.7819760370137496,3.0,8.0,39,53
4343,1.3636363636363635,0.504524979109513,1.0,2.0,11,81
4344,15.652173913043478,8.520737189653026,15.0,49.0,92,0
4345,,,,0.0,0,92
4346,,,,0.0,0,92
4347,,,,0.0,0,92
4348,,,,0.0,0,92
4349,,,,0.0,0,92
4350,,,,0.0,0,92
4352,,,,0.0,0,92
4353,,,,0.0,0,92
4354,,,,0.0,0,92
4355,,,,0.0,0,92
4356,2.2857142857142856,1.1464230084422218,2.0,5.0,21,71
4357,17.78021978021978,12.062616445312166,14.0,58.0,91,1
4358,2.8085106382978724,3.3792094384977376,2.0,21.0,47,45
4359,8.617977528089888,5.800677111685732,7.0,25.0,89,3
4360,1.75,1.5,1.0,4.0,4,88
4361,3.2666666666666666,1.3345232785352155,4.0,5.0,15,77
4362,,,,0.0,0,92
4363,,,,0.0,0,92
4364,10.0,,10.0,10.0,1,91
4365,10.0,,10.0,10.0,1,91
4366,3.0,0.816496580927726,3.0,4.0,4,88
4367,10.958333333333334,12.414709017935136,7.0,82.0,72,20
4368,1.9333333333333333,1.3717937825410136,1.0,7.0,45,47
4369,2.0,1.4142135623730951,1.5,4.0,4,88
4370,1.0,,1.0,1.0,1,91
4371,,,,0.0,0,92
4372,6.0,2.70801280154532,5.0,10.0,4,88
4373,2.0,,2.0,2.0,1,91
4374,,,,0.0,0,92
4375,,,,0.0,0,92
4376,,,,0.0,0,92
4377,,,,0.0,0,92
4378,3.0,,3.0,3.0,1,91
4379,,,,0.0,0,92
4380,,,,0.0,0,92
4381,,,,0.0,0,92
4382,1.625,0.9161253813129043,1.0,3.0,8,84
4383,3.6956521739130435,2.457544646939218,3.0,10.0,23,69
4384,4.15,2.8783007807759398,3.0,12.0,40,52
4385,4.67948717948718,4.29887810717552,3.0,19.0,78,14
4386,73.0340909090909,64.30056020628604,50.5,335.0,88,4
4387,,,,0.0,0,92
4388,,,,0.0,0,92
4389,,,,0.0,0,92
4390,,,,0.0,0,92
4391,,,,0.0,0,92
4392,1.35,0.48936048492959294,1.0,2.0,20,72
4393,21.168539325842698,14.763465313721525,18.0,85.0,89,3
4394,1.0,,1.0,1.0,1,91
4395,2.5208333333333335,1.6109939225334515,2.0,7.0,48,44
4396,12.546666666666667,12.043045916833288,10.0,72.0,75,17
4397,11.13953488372093,7.111155760613741,10.5,39.0,86,6
4398,7.333333333333333,2.309401076758503,6.0,10.0,3,89
4399,,,,0.0,0,92
4400,15.213483146067416,9.032104242534414,14.0,42.0,89,3
4401,5.666666666666667,10.579370346248254,2.0,50.0,27,65
4402,2.9069767441860463,2.102311126088349,2.0,10.0,43,49
4403,3.9361702127659575,2.362793623981624,3.0,12.0,47,45
4404,3.4655172413793105,2.2021960111732435,3.0,9.0,58,34
4405,3.0,2.1984843263788196,3.0,10.0,25,67
4406,3.8636363636363638,3.9390171663482856,3.0,23.0,44,48
4407,5.788461538461538,5.038426997221935,4.0,23.0,52,40
4408,9.390243902439025,11.198275988961978,6.0,74.0,82,10
4409,2.0,0.9074852129730301,2.0,4.0,18,74
4410,2.3636363636363638,2.058794881389684,1.0,10.0,33,59
4411,4.069767441860465,2.384427143313855,4.0,10.0,43,49
4412,2.35,1.9540780569443943,2.0,9.0,20,72
4413,1.368421052631579,0.5972647203701474,1.0,3.0,19,73
4414,2.914285714285714,1.59726657268024,3.0,7.0,35,57
4415,3.757575757575758,2.5128457850401285,3.0,15.0,33,59
4416,4.766233766233766,4.412589954043889,4.0,23.0,77,15
4417,6.310344827586207,9.863726651133227,2.0,50.0,29,63
4418,,,,0.0,0,92
4419,,,,0.0,0,92
4420,,,,0.0,0,92
4421,,,,0.0,0,92
4422,1.894736842105263,1.2425214883947913,1.0,5.0,19,73
4423,2.0384615384615383,1.4554935721127518,1.5,6.0,26,66
4424,3.1818181818181817,2.56195947736032,2.0,10.0,11,81
4425,9.325,6.918650267139346,8.0,35.0,80,12
4426,3.6666666666666665,2.998083679140133,3.0,14.0,30,62
4427,3.625,2.217355782608345,3.0,10.0,16,76
4428,5.232142857142857,7.50270513985352,3.0,44.0,56,36
4429,4.3,2.359378449224852,4.5,9.0,10,82
4430,7.351351351351352,7.504213304998462,6.0,45.0,74,18
4431,2.2916666666666665,1.7810394294555534,2.0,9.0,24,68
4432,5.967741935483871,9.664821696447081,3.0,62.0,62,30
4433,1.0,,1.0,1.0,1,91
4434,2.9130434782608696,1.4114159066908942,3.0,7.0,23,69
4435,5.066666666666666,2.4344274032324718,5.0,13.0,30,62
4436,11.213333333333333,13.786296891550753,8.0,89.0,75,17
4437,8.974683544303797,9.27772999914491,6.0,49.0,79,13
4438,4.185714285714286,2.5723888246162074,4.0,13.0,70,22
4439,1.8,1.1547005383792515,1.0,4.0,25,67
4440,1.7096774193548387,1.2163757201099987,1.0,6.0,31,61
4441,1.2,0.4472135954999579,1.0,2.0,5,87
4442,1.0,,1.0,1.0,1,91
4443,1.1428571428571428,0.37796447300922725,1.0,2.0,7,85
4444,1.0555555555555556,0.23570226039551584,1.0,2.0,18,74
4445,1.0,0.0,1.0,1.0,2,90
4446,1.391304347826087,0.8913284485317717,1.0,5.0,23,69
4447,,,,0.0,0,92
4448,,,,0.0,0,92
4449,,,,0.0,0,92
4450,,,,0.0,0,92
4451,2.3773584905660377,1.4574268037345242,2.0,7.0,53,39
4452,2.8550724637681157,2.1575814504347264,2.0,10.0,69,23
4453,1.967741935483871,1.4019955056452436,1.0,6.0,31,61
4454,4.25,7.741662181555931,1.0,24.0,16,76
4455,15.222222222222221,59.87177073394111,2.0,398.0,54,38
4456,4.926470588235294,4.341112645292913,4.0,23.0,68,24
4457,1.4444444444444444,0.7264831572567789,1.0,3.0,9,83
4458,2.4285714285714284,1.2724180205607036,2.0,4.0,7,85
4459,2.525,1.9346701832479658,2.0,8.0,40,52
4460,2.04,1.2610329423265092,2.0,6.0,50,42
4461,3.5694444444444446,2.560954866423074,3.0,11.0,72,20
4462,2.4545454545454546,2.5045413298101655,1.0,9.0,11,81
4463,,,,0.0,0,92
4464,1.1428571428571428,0.3631365196012815,1.0,2.0,14,78
4465,6.0,3.605551275463989,5.0,10.0,3,89
4466,,,,0.0,0,92
4467,,,,0.0,0,92
4468,,,,0.0,0,92
4469,,,,0.0,0,92
4470,,,,0.0,0,92
4471,,,,0.0,0,92
4472,,,,0.0,0,92
4473,,,,0.0,0,92
4474,,,,0.0,0,92
4475,,,,0.0,0,92
4476,,,,0.0,0,92
4477,,,,0.0,0,92
4478,3.25,2.6551836094703507,2.0,11.0,36,56
4479,18.58823529411765,25.88932893956845,6.0,86.0,17,75
4480,2.825,3.4780446908852207,1.0,20.0,40,52
4481,2.090909090909091,1.1361818036340359,2.0,4.0,11,81
4482,1.2333333333333334,0.9352607356658148,1.0,6.0,30,62
4483,1.0833333333333333,0.28867513459481287,1.0,2.0,12,80
4484,4.0,,4.0,4.0,1,91
4485,1.25,0.45226701686664544,1.0,2.0,12,80
4486,2.066666666666667,1.5167613430435958,1.0,7.0,60,32
4487,1.5471698113207548,0.9520431013160199,1.0,7.0,53,39
4488,5.868421052631579,4.662507460361129,6.0,20.0,38,54
4489,,,,0.0,0,92
4490,1.6666666666666667,0.7071067811865476,2.0,3.0,9,83
4491,1.5555555555555556,1.0266295602447135,1.0,5.0,36,56
4492,2.95,1.8411608886030355,3.0,9.0,80,12
4493,1.9545454545454546,1.2140947137789433,1.5,5.0,22,70
4494,1.2,0.44721359549995804,1.0,2.0,5,87
4495,1.4285714285714286,0.8106434833777776,1.0,4.0,21,71
4496,2.2666666666666666,2.086236073022646,1.0,8.0,15,77
4497,5.6923076923076925,6.7596085457892965,4.0,40.0,39,53
4498,20.767857142857142,29.06606335507165,7.0,135.0,56,36
4499,11.25,9.924716620639604,9.0,30.0,8,84
4500,15.6,15.097577358810357,10.0,60.0,20,72
4501,5.0,3.605551275463989,6.0,10.0,5,87
4502,14.764705882352942,19.021612625657436,10.0,90.0,34,58
4503,31.410958904109588,28.63604741523753,24.0,134.0,73,19
4504,,,,0.0,0,92
4505,4.0,2.8284271247461903,4.0,6.0,2,90
4506,23.142857142857142,16.166713870253204,17.0,60.0,14,78
4507,23.4375,16.149174385501365,25.0,50.0,16,76
4508,25.0,23.804761428476166,15.0,60.0,4,88
4509,7.260869565217392,5.310516079221301,5.0,20.0,23,69
4510,25.160714285714285,21.62807668977298,20.0,130.0,56,36
4511,14.282608695652174,10.592792189824719,10.0,60.0,46,46
4512,6.545454545454546,3.5032452487268535,6.0,10.0,11,81
4513,11.0,6.879922480183431,10.0,20.0,10,82
4514,4.5,2.1213203435596424,4.5,6.0,2,90
4515,10.0,,10.0,10.0,1,91
4516,,,,0.0,0,92
4517,,,,0.0,0,92
4518,,,,0.0,0,92
4519,,,,0.0,0,92
4520,,,,0.0,0,92
4521,18.0,13.114877048604,20.0,30.0,3,89
4522,16.0,21.170983121144598,10.0,100.0,20,72
4523,14.916666666666666,21.869274142393284,10.0,80.0,12,80
4524,11.5,2.1213203435596424,11.5,13.0,2,90
4525,6.0,2.943920288775949,5.5,10.0,4,88
4526,23.454545454545453,22.157237684742693,19.0,90.0,33,59
4527,13.857142857142858,12.55502176137387,12.0,62.0,21,71
4528,6.0,2.8284271247461903,6.0,10.0,6,86
4529,11.571428571428571,4.613644360558611,10.0,20.0,7,85
4530,23.0,30.23243291566195,10.0,100.0,11,81
4531,36.516129032258064,37.3111877482183,30.0,180.0,31,61
4532,28.113636363636363,25.913286444917045,20.0,150.0,44,48
4533,33.5,39.23935871962325,20.0,150.0,12,80
4534,1.0,0.0,1.0,1.0,2,90
4535,41.625,32.69747696688538,50.0,100.0,8,84
4536,39.0,28.802006102970598,45.0,100.0,10,82
4537,,,,0.0,0,92
4551,3.0689655172413794,2.3083530163111714,2.0,10.0,58,34
4552,,,,0.0,0,92
4553,,,,0.0,0,92
4554,,,,0.0,0,92
4555,,,,0.0,0,92
4556,1.5217391304347827,0.593109312122548,1.0,3.0,23,69
4557,3.819672131147541,2.9749408774030646,3.0,13.0,61,31
4562,,,,0.0,0,92
4563,,,,0.0,0,92
4564,,,,0.0,0,92
4565,,,,0.0,0,92
4566,,,,0.0,0,92
4567,,,,0.0,0,92
4568,,,,0.0,0,92
4572,,,,0.0,0,92
4573,,,,0.0,0,92
4574,,,,0.0,0,92
4575,,,,0.0,0,92
4576,,,,0.0,0,92
4579,6.0,0.0,6.0,6.0,2,90
4580,,,,0.0,0,92
4581,3.75,2.2519832529192065,3.0,8.0,8,84
4582,14.785714285714286,11.275995903852278,10.0,60.0,42,50
4583,22.153846153846153,13.959600472224466,20.0,46.0,39,53
4584,8.5,5.3452248382484875,8.0,16.0,8,84
4585,9.666666666666666,4.725815626252608,8.0,15.0,3,89
4586,10.666666666666666,4.618802153517006,8.0,16.0,3,89
4587,7.857142857142857,4.4131837120372035,8.0,16.0,7,85
4588,25.0,7.0710678118654755,25.0,30.0,2,90
4589,,,,0.0,0,92
4590,2.0,,2.0,2.0,1,91
4591,,,,0.0,0,92
4592,22.0625,15.575488221347456,18.0,60.0,16,76
4593,44.735849056603776,32.70271156917692,36.0,160.0,53,39
4594,158.41304347826087,78.6155134110133,153.0,417.0,92,0
4595,,,,0.0,0,92
4596,11.870967741935484,13.800342835074474,10.0,80.0,31,61
4597,15.833333333333334,10.100960932738325,10.0,31.0,18,74
4598,2.0,,2.0,2.0,1,91
4599,1.7333333333333334,0.7988086367179803,2.0,4.0,15,77
4600,,,,0.0,0,92
4601,,,,0.0,0,92
4602,,,,0.0,0,92
4603,,,,0.0,0,92
4604,7.0,,7.0,7.0,1,91
4605,,,,0.0,0,92
4609,1.627906976744186,0.7566610807624786,2.0,4.0,43,49
4610,,,,0.0,0,92
4611,10.0,0.0,10.0,10.0,3,89
4612,,,,0.0,0,92
4613,2.7333333333333334,2.016597794967223,2.0,9.0,15,77
4614,5.888888888888889,5.618193888083836,4.0,22.0,27,65
4615,1.8571428571428572,1.5619092289760117,1.0,5.0,14,78
4616,2.0,1.4142135623730951,1.5,4.0,4,88
4617,1.9166666666666667,1.5050420310248864,1.0,5.0,12,80
4618,1.8,1.6193277068654828,1.0,6.0,10,82
4619,,,,0.0,0,92
4620,,,,0.0,0,92
4621,2.0,1.1547005383792515,2.0,3.0,4,88
4622,2.9375,2.8628365886535216,2.0,12.0,16,76
4623,5.666666666666667,9.552486587271401,2.0,30.0,9,83
4624,7.285714285714286,14.874074601066624,2.0,41.0,7,85
4625,14.0,11.647603473104098,10.0,35.0,7,85
4626,3.5098039215686274,3.7275866134517,2.0,20.0,51,41
4627,1.3333333333333333,0.8539125638299666,1.0,5.0,33,59
4628,3.0526315789473686,3.0997075885481395,2.0,11.0,19,73
4629,3.711864406779661,2.470870623175139,3.0,14.0,59,33
4630,2.4615384615384617,1.3301243435223522,2.0,5.0,13,79
4631,4.116666666666666,2.76841548431324,4.0,13.0,60,32
4632,1.55,0.887041208323017,1.0,4.0,20,72
4633,4.0,4.74692883171144,2.5,20.0,16,76
4634,3.5,3.187913219909604,3.0,16.0,44,48
4635,,,,0.0,0,92
4636,,,,0.0,0,92
4637,4.218181818181818,2.8847678454055052,4.0,14.0,55,37
4638,2.2962962962962963,1.5144131845197644,2.0,6.0,27,65
4639,1.6,0.828078671210825,1.0,3.0,15,77
4640,,,,0.0,0,92
4641,,,,0.0,0,92
4642,1.6666666666666667,0.816496580927726,1.5,3.0,6,86
4643,10.0,0.0,10.0,10.0,3,89
4644,1.5454545454545454,0.5222329678670935,2.0,2.0,11,81
4645,3.526315789473684,2.202416880111031,2.5,11.0,38,54
4646,,,,0.0,0,92
4647,,,,0.0,0,92
4648,,,,0.0,0,92
4649,,,,0.0,0,92
4650,12.0,22.427661492005804,1.0,52.0,5,87
4651,25.8,61.445187859677915,5.5,200.0,10,82
4652,36.65714285714286,140.50286638423032,2.0,802.0,35,57
4653,27.105263157894736,91.53135148184782,1.0,400.0,19,73
4654,1.6,0.5477225575051661,2.0,2.0,5,87
4655,3.0,0.5773502691896257,3.0,4.0,7,85
4656,7.357142857142857,16.691568698251988,4.0,91.0,28,64
4657,,,,0.0,0,92
4658,,,,0.0,0,92
4659,,,,0.0,0,92
4660,6.166666666666667,8.09975682388432,3.0,26.0,12,80
4665,,,,0.0,0,92
4666,,,,0.0,0,92
4667,,,,0.0,0,92
4668,1.0,0.0,1.0,1.0,2,90
4669,3.3333333333333335,1.1547005383792515,4.0,4.0,3,89
4670,2.0,,2.0,2.0,1,91
4671,1.0,,1.0,1.0,1,91
4672,,,,0.0,0,92
4673,1.5454545454545454,0.6875516509523286,1.0,3.0,11,81
4674,3.369565217391304,2.6277044959192795,2.0,10.0,46,46
4675,1.9473684210526316,2.040525101550696,1.0,10.0,19,73
4676,1.1666666666666667,0.408248290463863,1.0,2.0,6,86
4677,,,,0.0,0,92
4678,,,,0.0,0,92
4679,2.1666666666666665,1.0494995356656043,2.0,5.0,24,68
4680,1.6666666666666667,0.816496580927726,1.5,3.0,6,86
4681,1.6666666666666667,0.5773502691896257,2.0,2.0,3,89
4682,2.1627906976744184,1.5107587585640776,2.0,8.0,43,49
4683,3.1904761904761907,2.027110104919824,3.0,9.0,42,50
4684,4.0,,4.0,4.0,1,91
4685,,,,0.0,0,92
4686,,,,0.0,0,92
4687,1.2916666666666667,0.858672720295521,1.0,5.0,24,68
4688,,,,0.0,0,92
4689,,,,0.0,0,92
4690,3.5,0.7071067811865476,3.5,4.0,2,90
4691,8.833333333333334,4.020779360604939,10.5,12.0,6,86
4692,1.0,0.0,1.0,1.0,5,87
4693,,,,0.0,0,92
4694,2.75,2.7544430510974682,2.0,12.0,24,68
4695,3.611111111111111,1.6499158227686108,4.0,6.0,18,74
4696,,,,0.0,0,92
4697,2.2758620689655173,2.21837378861405,1.0,11.0,29,63
4747,1.3333333333333333,1.0,1.0,4.0,9,83
4847,,,,0.0,0,92
4848,,,,0.0,0,92
6155,,,,0.0,0,92
6156,2.5,0.7071067811865476,2.5,3.0,2,90
6157,,,,0.0,0,92
6158,,,,0.0,0,92
6159,,,,0.0,0,92
6160,,,,0.0,0,92
6162,1.0,,1.0,1.0,1,91
6163,1.0,,1.0,1.0,1,91
6164,1.0,,1.0,1.0,1,91
6166,,,,0.0,0,92
6167,1.25,0.5,1.0,2.0,4,88
6172,,,,0.0,0,92
6173,,,,0.0,0,92
6177,1.0,,1.0,1.0,1,91
6179,1.0,0.0,1.0,1.0,3,89
6180,,,,0.0,0,92
6181,,,,0.0,0,92
6182,,,,0.0,0,92
6184,1.3,0.4830458915396479,1.0,2.0,10,82
6185,1.1428571428571428,0.37796447300922725,1.0,2.0,7,85
6186,1.125,0.3535533905932738,1.0,2.0,8,84
6187,,,,0.0,0,92
6188,1.0,0.0,1.0,1.0,2,90
6191,1.8857142857142857,1.3009369603443188,1.0,6.0,35,57
6192,,,,0.0,0,92
6193,1.6666666666666667,0.5163977794943223,2.0,2.0,6,86
6194,1.0,,1.0,1.0,1,91
6196,,,,0.0,0,92
6199,1.0,0.0,1.0,1.0,3,89
6200,,,,0.0,0,92
6201,2.909090909090909,2.467976720090587,2.0,9.0,11,81
6202,,,,0.0,0,92
6203,1.0,,1.0,1.0,1,91
6205,4.333333333333333,2.0816659994661326,5.0,6.0,3,89
6206,3.0,,3.0,3.0,1,91
6207,,,,0.0,0,92
6208,,,,0.0,0,92
6209,,,,0.0,0,92
6210,3.7777777777777777,3.527668414752788,2.0,10.0,9,83
6211,3.0,,3.0,3.0,1,91
6212,,,,0.0,0,92
6214,1.4,0.5477225575051661,1.0,2.0,5,87
6215,2.25,1.2583057392117916,2.0,4.0,4,88
6220,1.0,,1.0,1.0,1,91
6221,,,,0.0,0,92
6222,1.125,0.3535533905932738,1.0,2.0,8,84
6223,,,,0.0,0,92
6225,,,,0.0,0,92
6226,3.0,,3.0,3.0,1,91
6231,,,,0.0,0,92
6234,,,,0.0,0,92
6238,,,,0.0,0,92
6239,3.5,2.1213203435596424,3.5,5.0,2,90
6240,1.0,,1.0,1.0,1,91
6241,1.0,0.0,1.0,1.0,3,89
6242,,,,0.0,0,92
6243,,,,0.0,0,92
7756,,,,0.0,0,92
7757,,,,0.0,0,92
7758,,,,0.0,0,92
7759,,,,0.0,0,92
7760,,,,0.0,0,92
7761,,,,0.0,0,92
7762,,,,0.0,0,92
7763,,,,0.0,0,92
7765,,,,0.0,0,92
7766,,,,0.0,0,92
7767,,,,0.0,0,92
7768,,,,0.0,0,92
7769,,,,0.0,0,92
7770,,,,0.0,0,92
7771,,,,0.0,0,92
7772,,,,0.0,0,92
7773,,,,0.0,0,92
7774,,,,0.0,0,92
7776,,,,0.0,0,92
7777,2.967741935483871,1.6630067341563781,2.0,6.0,31,61
7778,,,,0.0,0,92
7779,1.2,0.6324555320336759,1.0,3.0,10,82
7780,2.15,1.3869694338832113,1.5,5.0,20,72
7781,2.0,1.4142135623730951,2.0,3.0,2,90
7782,1.0,,1.0,1.0,1,91
7783,3.0,2.8284271247461903,3.0,5.0,2,90
7784,8.833333333333334,8.727351641057364,6.5,26.0,6,86
7785,14.8,8.408329203831164,17.0,26.0,5,87
7786,5.0,,5.0,5.0,1,91
7787,12.0,,12.0,12.0,1,91
7788,3.3333333333333335,2.081665999466133,4.0,5.0,3,89
7789,2.3333333333333335,0.5773502691896258,2.0,3.0,3,89
7790,1.0,0.0,1.0,1.0,2,90
7791,,,,0.0,0,92
7793,1.5,0.7071067811865476,1.5,2.0,2,90
7794,1.0,0.0,1.0,1.0,2,90
7795,,,,0.0,0,92
7796,1.0,,1.0,1.0,1,91
7797,1.1666666666666667,0.408248290463863,1.0,2.0,6,86
7798,2.0,1.4142135623730951,2.0,3.0,2,90
7800,,,,0.0,0,92
7802,,,,0.0,0,92
7803,,,,0.0,0,92
7804,1.0,,1.0,1.0,1,91
7807,1.0,0.0,1.0,1.0,3,89
7808,1.0,,1.0,1.0,1,91
7809,,,,0.0,0,92
7810,,,,0.0,0,92
7811,,,,0.0,0,92
7812,,,,0.0,0,92
7813,,,,0.0,0,92
7815,,,,0.0,0,92
7816,8.909090909090908,11.836000553012369,2.0,35.0,11,81
7817,12.3,13.565069521057055,8.0,43.0,10,82
7818,2.625,1.685018016012207,2.0,6.0,8,84
7819,3.0,,3.0,3.0,1,91
7820,1.0,,1.0,1.0,1,91
7821,7.5,3.5355339059327378,7.5,10.0,2,90
7822,,,,0.0,0,92
7823,,,,0.0,0,92
7824,,,,0.0,0,92
7825,,,,0.0,0,92
7826,,,,0.0,0,92
7827,5.136363636363637,5.775939045858419,2.0,23.0,22,70
7828,,,,0.0,0,92
7829,,,,0.0,0,92
7830,1.5,0.7071067811865476,1.5,2.0,2,90
7831,3.0526315789473686,1.747178176073456,2.0,5.0,19,73
7832,3.0476190476190474,1.774153050787628,3.0,7.0,21,71
7833,,,,0.0,0,92
7834,13.666666666666666,10.96965511460289,20.0,20.0,3,89
7836,1.3333333333333333,0.5163977794943223,1.0,2.0,6,86
7837,1.5,0.7071067811865476,1.5,2.0,2,90
7838,1.3333333333333333,0.5,1.0,2.0,9,83
7839,1.6944444444444444,0.9507724512038902,1.0,4.0,36,56
7841,,,,0.0,0,92
7842,1.0,,1.0,1.0,1,91
7843,1.375,0.7440238091428449,1.0,3.0,8,84
7845,,,,0.0,0,92
7847,,,,0.0,0,92
7849,1.0,0.0,1.0,1.0,2,90
7852,,,,0.0,0,92
7857,1.6666666666666667,0.5773502691896257,2.0,2.0,3,89
7859,1.6,0.8944271909999159,1.0,3.0,5,87
7860,,,,0.0,0,92
7861,1.6571428571428573,1.0555973258234952,1.0,5.0,35,57
7862,,,,0.0,0,92
7863,,,,0.0,0,92
7864,,,,0.0,0,92
7865,,,,0.0,0,92
7866,2.1666666666666665,1.465284553774253,2.0,6.0,18,74
7867,,,,0.0,0,92
7868,,,,0.0,0,92
7871,3.25,2.9154759474226504,2.5,10.0,8,84
7873,,,,0.0,0,92
7874,4.666666666666667,3.0550504633038935,4.0,8.0,3,89
7875,3.0,,3.0,3.0,1,91
7876,1.0,0.0,1.0,1.0,2,90
7878,,,,0.0,0,92
7879,2.6666666666666665,1.1547005383792515,2.0,4.0,3,89
7880,3.5,0.7071067811865476,3.5,4.0,2,90
7881,,,,0.0,0,92
7883,,,,0.0,0,92
7884,,,,0.0,0,92
7886,1.0,,1.0,1.0,1,91
7887,,,,0.0,0,92
7888,,,,0.0,0,92
7890,,,,0.0,0,92
7892,,,,0.0,0,92
7893,1.0,,1.0,1.0,1,91
7894,1.0,0.0,1.0,1.0,2,90
7895,,,,0.0,0,92
7896,,,,0.0,0,92
7897,3.533333333333333,1.505545305418162,3.0,5.0,15,77
7898,4.0,1.1547005383792515,4.5,5.0,10,82
7899,2.710526315789474,1.5405842124028724,2.5,8.0,38,54
7900,3.466666666666667,2.3596220231117577,3.0,12.0,30,62
7901,2.878787878787879,1.6347319305771468,2.0,7.0,33,59
7903,,,,0.0,0,92
7904,2.0,0.0,2.0,2.0,2,90
7905,5.214285714285714,2.044827298653527,4.0,9.0,14,78
7906,2.3333333333333335,0.5773502691896258,2.0,3.0,3,89
7907,1.5,0.7071067811865476,1.5,2.0,2,90
7908,2.125,0.7187952884282609,2.0,3.0,16,76
7909,,,,0.0,0,92
7910,1.3333333333333333,0.5773502691896257,1.0,2.0,3,89
7911,2.4444444444444446,1.4240006242195884,2.0,5.0,9,83
7912,,,,0.0,0,92
7913,,,,0.0,0,92
7915,1.2857142857142858,0.48795003647426666,1.0,2.0,7,85
7919,2.6,1.816590212458495,2.0,5.0,5,87
7920,2.5,1.2909944487358056,2.5,4.0,4,88
7921,,,,0.0,0,92
7922,,,,0.0,0,92
7923,1.3636363636363635,0.504524979109513,1.0,2.0,11,81
7924,1.3333333333333333,0.5773502691896257,1.0,2.0,3,89
7925,3.5,2.1213203435596424,3.5,5.0,2,90
7926,1.8571428571428572,1.4638501094227998,1.0,5.0,7,85
7927,,,,0.0,0,92
7928,1.5,0.5773502691896257,1.5,2.0,4,88
7929,1.4736842105263157,1.172292201564078,1.0,5.0,19,73
7930,,,,0.0,0,92
7931,2.0,0.0,2.0,2.0,2,90
7932,1.5714285714285714,0.9783367810436534,1.0,5.0,21,71
7933,,,,0.0,0,92
7935,,,,0.0,0,92
7936,,,,0.0,0,92
7937,,,,0.0,0,92
7940,,,,0.0,0,92
7943,,,,0.0,0,92
7944,,,,0.0,0,92
7946,1.0,,1.0,1.0,1,91
7947,,,,0.0,0,92
7948,,,,0.0,0,92
7951,,,,0.0,0,92
7952,,,,0.0,0,92
7954,,,,0.0,0,92
7959,,,,0.0,0,92
7960,1.5,1.224744871391589,1.0,4.0,6,86
7961,,,,0.0,0,92
7962,,,,0.0,0,92
7963,,,,0.0,0,92
7964,,,,0.0,0,92
7965,,,,0.0,0,92
7966,,,,0.0,0,92
7967,,,,0.0,0,92
7968,1.6666666666666667,0.9999999999999999,1.0,5.0,27,65
7969,,,,0.0,0,92
7970,,,,0.0,0,92
7971,,,,0.0,0,92
7972,,,,0.0,0,92
7975,2.0,,2.0,2.0,1,91
7976,2.142857142857143,1.4638501094227998,2.0,5.0,7,85
7977,1.6,1.3416407864998738,1.0,4.0,5,87
7978,,,,0.0,0,92
7979,1.0,0.0,1.0,1.0,2,90
7980,2.8461538461538463,3.791488443261381,2.0,19.0,26,66
7981,1.5,0.7071067811865476,1.5,2.0,2,90
7982,,,,0.0,0,92
7983,1.1428571428571428,0.3779644730092273,1.0,2.0,7,85
7984,3.3333333333333335,1.8618986725025255,3.5,5.0,6,86
7985,,,,0.0,0,92
7986,,,,0.0,0,92
7988,,,,0.0,0,92
7989,,,,0.0,0,92
7990,1.6666666666666667,1.632993161855452,1.0,5.0,6,86
7991,,,,0.0,0,92
7992,,,,0.0,0,92
7993,,,,0.0,0,92
7994,,,,0.0,0,92
7995,1.0,,1.0,1.0,1,91
7996,,,,0.0,0,92
7997,1.0,,1.0,1.0,1,91
7998,,,,0.0,0,92
8000,1.0,,1.0,1.0,1,91
8001,1.1538461538461537,0.37553380809940534,1.0,2.0,13,79
8002,1.0,0.0,1.0,1.0,4,88
8003,1.0,0.0,1.0,1.0,3,89
8004,1.0,,1.0,1.0,1,91
8005,1.44,0.916515138991168,1.0,5.0,25,67
8006,,,,0.0,0,92
8007,1.0,,1.0,1.0,1,91
8008,,,,0.0,0,92
8009,,,,0.0,0,92
8010,,,,0.0,0,92
8011,1.0,0.0,1.0,1.0,2,90
8012,1.6666666666666667,0.5773502691896257,2.0,2.0,3,89
8014,2.111111111111111,1.0540925533894598,3.0,3.0,9,83
8015,2.8461538461538463,1.573009527739414,3.0,7.0,13,79
8016,2.0,2.8284271247461903,1.0,12.0,15,77
8017,1.0,0.0,1.0,1.0,3,89
8018,1.1666666666666667,0.408248290463863,1.0,2.0,6,86
8020,1.0,0.0,1.0,1.0,3,89
8021,,,,0.0,0,92
8022,,,,0.0,0,92
8028,,,,0.0,0,92
8029,,,,0.0,0,92
8031,,,,0.0,0,92
8033,,,,0.0,0,92
8036,1.0,,1.0,1.0,1,91
8037,1.0,0.0,1.0,1.0,3,89
8038,4.6,6.9498201415576215,2.0,17.0,5,87
8039,,,,0.0,0,92
8040,1.0,,1.0,1.0,1,91
8041,,,,0.0,0,92
8042,3.0,2.0,3.0,5.0,3,89
8043,,,,0.0,0,92
8045,,,,0.0,0,92
8047,2.1875,1.5152007567755943,1.5,6.0,16,76
8048,,,,0.0,0,92
8049,1.5,0.5477225575051661,1.5,2.0,6,86
8050,,,,0.0,0,92
8051,1.0,,1.0,1.0,1,91
8053,,,,0.0,0,92
8054,,,,0.0,0,92
8055,,,,0.0,0,92
8056,,,,0.0,0,92
8057,,,,0.0,0,92
8059,1.0,0.0,1.0,1.0,11,81
8060,1.0,0.0,1.0,1.0,3,89
8061,1.0,,1.0,1.0,1,91
8062,,,,0.0,0,92
8063,,,,0.0,0,92
8064,,,,0.0,0,92
8065,,,,0.0,0,92
8067,,,,0.0,0,92
8070,,,,0.0,0,92
8071,,,,0.0,0,92
8072,,,,0.0,0,92
8073,,,,0.0,0,92
8074,,,,0.0,0,92
8075,,,,0.0,0,92
8076,,,,0.0,0,92
8077,,,,0.0,0,92
8078,,,,0.0,0,92
8079,,,,0.0,0,92
8080,,,,0.0,0,92
8081,,,,0.0,0,92
8082,,,,0.0,0,92
8083,,,,0.0,0,92
8084,,,,0.0,0,92
8086,,,,0.0,0,92
8087,,,,0.0,0,92
8088,,,,0.0,0,92
8089,,,,0.0,0,92
8090,,,,0.0,0,92
8092,,,,0.0,0,92
8093,,,,0.0,0,92
8094,,,,0.0,0,92
8095,,,,0.0,0,92
8096,,,,0.0,0,92
8097,,,,0.0,0,92
8098,,,,0.0,0,92
8099,,,,0.0,0,92
8100,,,,0.0,0,92
8101,,,,0.0,0,92
8102,,,,0.0,0,92
8103,,,,0.0,0,92
8105,1.0,0.0,1.0,1.0,2,90
8106,1.5714285714285714,0.5345224838248488,2.0,2.0,7,85
8107,1.0,0.0,1.0,1.0,4,88
8108,1.0,,1.0,1.0,1,91
8109,1.0,,1.0,1.0,1,91
8110,1.0,0.0,1.0,1.0,2,90
8112,,,,0.0,0,92
8118,2.142857142857143,1.7728105208558367,2.0,6.0,7,85
8119,1.0,,1.0,1.0,1,91
8120,,,,0.0,0,92
8122,1.2857142857142858,0.5606119105813882,1.0,3.0,21,71
8123,1.0,0.0,1.0,1.0,3,89
8124,,,,0.0,0,92
8125,1.0,0.0,1.0,1.0,3,89
8126,,,,0.0,0,92
8127,1.0,0.0,1.0,1.0,2,90
8128,,,,0.0,0,92
8129,1.0,0.0,1.0,1.0,7,85
8130,1.0,0.0,1.0,1.0,4,88
8131,,,,0.0,0,92
8132,1.1111111111111112,0.33333333333333337,1.0,2.0,9,83
8133,,,,0.0,0,92
8134,,,,0.0,0,92
8136,,,,0.0,0,92
8137,,,,0.0,0,92
8138,2.3333333333333335,1.6583123951777,2.0,5.0,9,83
8139,1.3333333333333333,0.5773502691896257,1.0,2.0,3,89
8140,2.4583333333333335,1.5597983890531346,2.0,6.0,24,68
8141,,,,0.0,0,92
8142,,,,0.0,0,92
8143,,,,0.0,0,92
8144,,,,0.0,0,92
8146,1.0,0.0,1.0,1.0,3,89
8147,1.3076923076923077,0.6304251719561151,1.0,3.0,13,79
8148,,,,0.0,0,92
8149,,,,0.0,0,92
8150,2.1707317073170733,1.4815943949743846,2.0,8.0,41,51
8151,2.630434782608696,2.719139534257719,2.0,16.0,46,46
8152,2.227272727272727,1.7163587753985021,2.0,8.0,22,70
8153,1.5,0.5773502691896257,1.5,2.0,4,88
8155,1.1818181818181819,0.6030226891555273,1.0,3.0,11,81
8156,,,,0.0,0,92
8159,,,,0.0,0,92
8160,,,,0.0,0,92
8161,3.8,1.7888543819998317,4.0,6.0,5,87
8162,4.1,1.1972189997378646,4.0,6.0,10,82
8163,2.0,,2.0,2.0,1,91
8165,,,,0.0,0,92
8166,1.6,0.5477225575051661,2.0,2.0,5,87
8167,7.0,4.242640687119285,7.0,10.0,2,90
8169,5.545454545454546,11.474873736679077,2.0,40.0,11,81
8170,5.5,9.0,1.0,19.0,4,88
8171,4.583333333333333,4.561864318522206,4.0,18.0,12,80
8172,1.8333333333333333,1.1690451944500122,1.5,4.0,6,86
8173,,,,0.0,0,92
8175,1.0,0.0,1.0,1.0,3,89
8177,,,,0.0,0,92
8178,,,,0.0,0,92
8179,2.0,,2.0,2.0,1,91
8180,,,,0.0,0,92
8182,,,,0.0,0,92
8183,,,,0.0,0,92
8184,,,,0.0,0,92
8185,,,,0.0,0,92
8186,,,,0.0,0,92
8187,2.2857142857142856,3.401680257083045,1.0,10.0,7,85
8188,,,,0.0,0,92
8189,4.666666666666667,3.214550253664318,6.0,7.0,3,89
8190,,,,0.0,0,92
8191,1.0,0.0,1.0,1.0,3,89
8192,,,,0.0,0,92
8193,,,,0.0,0,92
8195,1.0,0.0,1.0,1.0,3,89
8197,,,,0.0,0,92
8198,,,,0.0,0,92
8199,,,,0.0,0,92
8200,,,,0.0,0,92
8201,,,,0.0,0,92
8202,1.0,,1.0,1.0,1,91
8204,,,,0.0,0,92
8205,,,,0.0,0,92
8206,,,,0.0,0,92
8207,1.0,0.0,1.0,1.0,2,90
8208,,,,0.0,0,92
8209,,,,0.0,0,92
8210,1.0,0.0,1.0,1.0,3,89
8211,1.0,0.0,1.0,1.0,3,89
8212,,,,0.0,0,92
8213,1.0,0.0,1.0,1.0,2,90
8214,,,,0.0,0,92
8215,1.0,,1.0,1.0,1,91
8216,1.0,,1.0,1.0,1,91
8218,,,,0.0,0,92
8219,1.0,0.0,1.0,1.0,3,89
8220,1.0,,1.0,1.0,1,91
8223,,,,0.0,0,92
8225,,,,0.0,0,92
8226,,,,0.0,0,92
8228,9.0,12.661267405267623,5.0,43.0,14,78
8229,1.0,,1.0,1.0,1,91
8230,1.3333333333333333,0.5773502691896257,1.0,2.0,3,89
8231,,,,0.0,0,92
8232,,,,0.0,0,92
8234,1.7419354838709677,1.1245070604634986,1.0,6.0,31,61
8236,6.96875,15.730562762937303,2.0,90.0,32,60
8237,,,,0.0,0,92
8238,,,,0.0,0,92
8239,1.0,,1.0,1.0,1,91
8240,,,,0.0,0,92
8241,2.0,0.0,2.0,2.0,3,89
8242,,,,0.0,0,92
8243,,,,0.0,0,92
8244,,,,0.0,0,92
8245,,,,0.0,0,92
8246,1.5,0.7071067811865476,1.5,2.0,2,90
8248,,,,0.0,0,92
8249,,,,0.0,0,92
8250,,,,0.0,0,92
8251,,,,0.0,0,92
8252,,,,0.0,0,92
8254,,,,0.0,0,92
8255,,,,0.0,0,92
8256,,,,0.0,0,92
8257,,,,0.0,0,92
8258,,,,0.0,0,92
8260,1.0,,1.0,1.0,1,91
8262,1.0,,1.0,1.0,1,91
8263,,,,0.0,0,92
8266,1.0,0.0,1.0,1.0,3,89
8267,,,,0.0,0,92
8268,1.3,0.6749485577105528,1.0,3.0,10,82
8269,1.0,0.0,1.0,1.0,4,88
8270,1.0,0.0,1.0,1.0,7,85
8274,3.163265306122449,3.2167979600289263,2.0,20.0,49,43
8275,,,,0.0,0,92
8276,2.5,0.8366600265340756,2.0,4.0,6,86
8277,,,,0.0,0,92
8278,1.3333333333333333,0.5773502691896257,1.0,2.0,3,89
8281,1.0,,1.0,1.0,1,91
8283,,,,0.0,0,92
8284,2.8,1.3038404810405297,2.0,5.0,5,87
8285,,,,0.0,0,92
8286,3.3333333333333335,3.444802848737017,2.0,10.0,6,86
8287,1.6666666666666667,0.816496580927726,1.5,3.0,6,86
8288,,,,0.0,0,92
8289,,,,0.0,0,92
8290,,,,0.0,0,92
8291,1.0,,1.0,1.0,1,91
8292,1.0,0.0,1.0,1.0,5,87
8294,1.0,0.0,1.0,1.0,2,90
8295,1.5,0.7071067811865476,1.5,2.0,2,90
8296,,,,0.0,0,92
8298,,,,0.0,0,92
8299,1.5,0.7071067811865476,1.5,2.0,2,90
8300,1.2,0.4472135954999579,1.0,2.0,5,87
8301,,,,0.0,0,92
8302,,,,0.0,0,92
8304,,,,0.0,0,92
8305,5.333333333333333,5.8594652770823155,3.0,12.0,3,89
8306,1.5,0.8366600265340756,1.0,3.0,6,86
8307,1.0,0.0,1.0,1.0,2,90
8308,,,,0.0,0,92
8309,,,,0.0,0,92
8310,1.0,,1.0,1.0,1,91
8311,2.0,,2.0,2.0,1,91
8312,1.75,0.5,2.0,2.0,4,88
8313,1.2,0.5606119105813882,1.0,3.0,15,77
8314,2.125,1.1259916264596033,2.0,4.0,8,84
8315,2.6666666666666665,1.96638416050035,2.0,6.0,6,86
8317,1.0,0.0,1.0,1.0,3,89
8318,,,,0.0,0,92
8319,,,,0.0,0,92
8320,2.272727272727273,1.848832555474351,1.0,5.0,11,81
8321,,,,0.0,0,92
8322,,,,0.0,0,92
8324,,,,0.0,0,92
8326,5.666666666666667,6.035249988545829,4.0,22.0,12,80
8327,1.0,,1.0,1.0,1,91
8329,,,,0.0,0,92
8330,,,,0.0,0,92
8331,,,,0.0,0,92
8332,,,,0.0,0,92
8334,,,,0.0,0,92
8335,,,,0.0,0,92
8336,1.5,0.7071067811865476,1.5,2.0,2,90
8337,4.0,1.4142135623730951,4.0,5.0,2,90
8338,,,,0.0,0,92
8342,,,,0.0,0,92
8346,1.6666666666666667,0.5773502691896257,2.0,2.0,3,89
8347,1.0,0.0,1.0,1.0,3,89
8348,,,,0.0,0,92
8350,,,,0.0,0,92
8352,,,,0.0,0,92
8354,1.1,0.31622776601683794,1.0,2.0,10,82
8355,1.0,,1.0,1.0,1,91
8356,2.375,1.3024701806293193,2.5,4.0,8,84
8357,,,,0.0,0,92
8358,1.0,0.0,1.0,1.0,4,88
8359,,,,0.0,0,92
8360,1.0,,1.0,1.0,1,91
8361,,,,0.0,0,92
8362,1.0,,1.0,1.0,1,91
8363,,,,0.0,0,92
8364,1.0,0.0,1.0,1.0,2,90
8365,,,,0.0,0,92
8366,,,,0.0,0,92
8367,,,,0.0,0,92
8368,,,,0.0,0,92
8369,1.2222222222222223,0.9428090415820634,1.0,5.0,18,74
8370,1.625,0.8850612031567836,1.0,4.0,16,76
8371,3.0,2.32992949004287,2.0,10.0,15,77
8372,2.6315789473684212,2.361979544454408,2.0,10.0,19,73
8373,1.0,0.0,1.0,1.0,3,89
8374,,,,0.0,0,92
8375,,,,0.0,0,92
8376,,,,0.0,0,92
8378,1.5,0.7071067811865476,1.5,2.0,2,90
8379,,,,0.0,0,92
8380,1.0,0.0,1.0,1.0,4,88
8381,1.0,0.0,1.0,1.0,4,88
8383,,,,0.0,0,92
8384,,,,0.0,0,92
8385,1.0,,1.0,1.0,1,91
8386,,,,0.0,0,92
8387,,,,0.0,0,92
8388,1.0,,1.0,1.0,1,91
8389,2.0,1.1547005383792515,2.0,3.0,4,88
8390,,,,0.0,0,92
8391,,,,0.0,0,92
8392,1.0,0.0,1.0,1.0,3,89
8395,,,,0.0,0,92
8396,,,,0.0,0,92
8397,1.5,0.7071067811865476,1.5,2.0,2,90
8398,2.4,1.51657508881031,2.0,4.0,5,87
8399,1.7777777777777777,1.6414763002993507,1.0,6.0,9,83
8400,,,,0.0,0,92
8401,,,,0.0,0,92
8402,2.0,,2.0,2.0,1,91
8403,1.5,0.7071067811865476,1.5,2.0,2,90
8404,,,,0.0,0,92
8405,1.0,0.0,1.0,1.0,2,90
8406,,,,0.0,0,92
8407,,,,0.0,0,92
8408,,,,0.0,0,92
8409,,,,0.0,0,92
8410,,,,0.0,0,92
8411,,,,0.0,0,92
8413,,,,0.0,0,92
8415,,,,0.0,0,92
8416,,,,0.0,0,92
8417,,,,0.0,0,92
8418,,,,0.0,0,92
8419,,,,0.0,0,92
8420,,,,0.0,0,92
8421,,,,0.0,0,92
8423,,,,0.0,0,92
8424,,,,0.0,0,92
8425,,,,0.0,0,92
8426,,,,0.0,0,92
8427,,,,0.0,0,92
8428,,,,0.0,0,92
8429,,,,0.0,0,92
8430,,,,0.0,0,92
8431,,,,0.0,0,92
8432,1.25,0.5,1.0,2.0,4,88
8433,,,,0.0,0,92
8434,1.5,1.0,1.0,3.0,4,88
8436,1.0,,1.0,1.0,1,91
8437,,,,0.0,0,92
8438,1.4285714285714286,1.1338934190276815,1.0,4.0,7,85
8439,1.9024390243902438,1.2410656318015676,1.0,6.0,41,51
8440,1.25,0.5,1.0,2.0,4,88
8441,1.2727272727272727,0.46709936649691375,1.0,2.0,11,81
8442,1.0,,1.0,1.0,1,91
8443,1.1666666666666667,0.408248290463863,1.0,2.0,6,86
8444,,,,0.0,0,92
8445,1.0,,1.0,1.0,1,91
8446,,,,0.0,0,92
8449,2.0,,2.0,2.0,1,91
8450,2.0,0.0,2.0,2.0,2,90
8451,1.0,,1.0,1.0,1,91
8452,2.0,0.816496580927726,2.0,3.0,4,88
8453,,,,0.0,0,92
8454,,,,0.0,0,92
8455,,,,0.0,0,92
8456,,,,0.0,0,92
8457,,,,0.0,0,92
8458,,,,0.0,0,92
8459,,,,0.0,0,92
8460,,,,0.0,0,92
8461,,,,0.0,0,92
8462,,,,0.0,0,92
8463,5.75,4.573474244670748,5.0,12.0,4,88
8464,1.0,,1.0,1.0,1,91
8465,1.0,,1.0,1.0,1,91
8466,5.0,10.21028892833107,1.0,32.0,9,83
8467,,,,0.0,0,92
8468,2.0,2.23606797749979,1.0,7.0,7,85
8469,1.6363636363636365,1.026910636104941,1.0,4.0,11,81
8470,1.1666666666666667,0.408248290463863,1.0,2.0,6,86
8471,3.238095238095238,3.9357942261348207,2.0,16.0,21,71
8472,,,,0.0,0,92
8473,,,,0.0,0,92
8474,,,,0.0,0,92
8475,,,,0.0,0,92
8476,,,,0.0,0,92
8477,,,,0.0,0,92
8478,,,,0.0,0,92
8479,,,,0.0,0,92
8480,,,,0.0,0,92
8481,,,,0.0,0,92
8482,2.0714285714285716,2.3685206585314194,1.0,10.0,14,78
8484,,,,0.0,0,92
8486,2.0,1.8708286933869707,1.0,6.0,13,79
8489,1.0,0.0,1.0,1.0,4,88
8490,1.3333333333333333,0.5773502691896257,1.0,2.0,3,89
8492,,,,0.0,0,92
8493,,,,0.0,0,92
8495,,,,0.0,0,92
8496,,,,0.0,0,92
8497,,,,0.0,0,92
8498,,,,0.0,0,92
8499,,,,0.0,0,92
8500,,,,0.0,0,92
8501,,,,0.0,0,92
8502,,,,0.0,0,92
8503,,,,0.0,0,92
8504,,,,0.0,0,92
8505,,,,0.0,0,92
8506,,,,0.0,0,92
8507,,,,0.0,0,92
8508,,,,0.0,0,92
8509,1.0,0.0,1.0,1.0,3,89
8510,1.1666666666666667,0.408248290463863,1.0,2.0,6,86
8511,1.0,,1.0,1.0,1,91
8512,1.6666666666666667,1.1547005383792517,1.0,3.0,3,89
8513,1.2,0.4472135954999579,1.0,2.0,5,87
8514,1.0,,1.0,1.0,1,91
8515,2.4761904761904763,0.9283882603225668,2.0,4.0,21,71
8517,2.8125,2.0726392192886185,2.0,10.0,16,76
8518,3.264705882352941,2.6777288378503266,2.0,10.0,34,58
8519,1.6,0.9660917830792959,1.0,4.0,10,82
8520,1.4,0.8944271909999159,1.0,3.0,5,87
8521,,,,0.0,0,92
8522,1.0,0.0,1.0,1.0,4,88
8523,1.0,,1.0,1.0,1,91
8524,6.0,3.6742346141747673,4.0,10.0,5,87
8525,4.666666666666667,4.618802153517007,2.0,10.0,3,89
8526,1.3846153846153846,0.650443635587991,1.0,3.0,13,79
8527,1.0,0.0,1.0,1.0,2,90
8529,,,,0.0,0,92
8531,,,,0.0,0,92
8534,,,,0.0,0,92
8535,2.2777777777777777,1.227410260553666,2.0,5.0,18,74
8537,1.3076923076923077,0.6304251719561151,1.0,3.0,13,79
8538,,,,0.0,0,92
8539,,,,0.0,0,92
8540,,,,0.0,0,92
8541,1.3333333333333333,0.5163977794943222,1.0,2.0,6,86
8542,1.5,0.8366600265340756,1.0,3.0,6,86
8543,,,,0.0,0,92
8544,1.0,,1.0,1.0,1,91
8545,1.25,0.5,1.0,2.0,4,88
8546,19.375,30.61780527732189,6.0,97.0,16,76
8547,8.538461538461538,14.858305110921325,3.0,52.0,13,79
8548,24.0,38.89499341586926,6.5,141.0,40,52
8551,,,,0.0,0,92
8552,3.6,2.4129281427805145,4.0,6.0,10,82
8553,5.5,2.1213203435596424,5.5,7.0,2,90
8554,3.5,3.5355339059327378,3.5,6.0,2,90
8555,,,,0.0,0,92
8556,1.5,0.7071067811865476,1.5,2.0,2,90
8557,,,,0.0,0,92
8558,,,,0.0,0,92
8559,,,,0.0,0,92
8561,,,,0.0,0,92
8562,,,,0.0,0,92
8563,,,,0.0,0,92
8564,,,,0.0,0,92
8565,1.0,0.0,1.0,1.0,4,88
8566,1.1428571428571428,0.3631365196012815,1.0,2.0,14,78
8567,,,,0.0,0,92
8568,1.5,0.9235481451827989,1.0,4.0,18,74
8569,1.0714285714285714,0.26726124191242434,1.0,2.0,14,78
8573,,,,0.0,0,92
8574,,,,0.0,0,92
8575,,,,0.0,0,92
8576,,,,0.0,0,92
8577,,,,0.0,0,92
8579,,,,0.0,0,92
8580,1.4545454545454546,0.9341987329938276,1.0,4.0,11,81
8581,1.4666666666666666,0.6399404734221844,1.0,3.0,15,77
8582,1.0,0.0,1.0,1.0,2,90
8583,3.25,3.575711717366808,1.5,11.0,8,84
8584,,,,0.0,0,92
8585,1.0,0.0,1.0,1.0,2,90
8587,,,,0.0,0,92
8589,3.2033898305084745,2.398129019399895,3.0,11.0,59,33
8590,,,,0.0,0,92
8592,,,,0.0,0,92
8594,1.25,0.5,1.0,2.0,4,88
8595,,,,0.0,0,92
8597,,,,0.0,0,92
8598,1.0,,1.0,1.0,1,91
8599,1.4545454545454546,0.9341987329938277,1.0,4.0,11,81
8600,1.1666666666666667,0.408248290463863,1.0,2.0,6,86
8601,1.9393939393939394,1.1973771841872223,1.0,5.0,33,59
8602,1.3333333333333333,0.816496580927726,1.0,3.0,6,86
8604,,,,0.0,0,92
8608,,,,0.0,0,92
8609,,,,0.0,0,92
8610,,,,0.0,0,92
8612,,,,0.0,0,92
8614,,,,0.0,0,92
8615,,,,0.0,0,92
8617,14.0,,14.0,14.0,1,91
8618,,,,0.0,0,92
8619,,,,0.0,0,92
8620,,,,0.0,0,92
8622,1.8333333333333333,1.6020819787597222,1.0,5.0,6,86
8623,1.0,0.0,1.0,1.0,3,89
8624,,,,0.0,0,92
8625,,,,0.0,0,92
8630,,,,0.0,0,92
8631,1.0,0.0,1.0,1.0,3,89
8632,,,,0.0,0,92
8633,1.0,,1.0,1.0,1,91
8634,1.0,0.0,1.0,1.0,5,87
8635,,,,0.0,0,92
8636,1.1666666666666667,0.408248290463863,1.0,2.0,6,86
8637,1.0,0.0,1.0,1.0,7,85
8640,1.0,,1.0,1.0,1,91
8641,1.0,0.0,1.0,1.0,3,89
8643,,,,0.0,0,92
8644,,,,0.0,0,92
8645,,,,0.0,0,92
8646,1.0,0.0,1.0,1.0,2,90
8647,,,,0.0,0,92
8648,,,,0.0,0,92
8649,,,,0.0,0,92
8650,,,,0.0,0,92
8651,,,,0.0,0,92
8652,,,,0.0,0,92
8653,1.2352941176470589,0.43723731609760313,1.0,2.0,17,75
8654,1.5172413793103448,0.9110703930453145,1.0,4.0,29,63
8655,1.6,0.9660917830792958,1.0,4.0,10,82
8657,1.0,0.0,1.0,1.0,2,90
8658,,,,0.0,0,92
8659,,,,0.0,0,92
8660,,,,0.0,0,92
8661,,,,0.0,0,92
8662,,,,0.0,0,92
8663,1.0,,1.0,1.0,1,91
8664,,,,0.0,0,92
8665,,,,0.0,0,92
8666,1.0,0.0,1.0,1.0,2,90
8667,,,,0.0,0,92
8669,,,,0.0,0,92
8671,,,,0.0,0,92
8673,,,,0.0,0,92
8674,,,,0.0,0,92
8675,,,,0.0,0,92
8677,,,,0.0,0,92
8678,,,,0.0,0,92
8679,,,,0.0,0,92
8680,,,,0.0,0,92
8681,,,,0.0,0,92
8683,,,,0.0,0,92
8684,1.0,0.0,1.0,1.0,2,90
8685,1.0,,1.0,1.0,1,91
8686,,,,0.0,0,92
8687,1.3333333333333333,0.5773502691896257,1.0,2.0,3,89
8688,,,,0.0,0,92
8689,,,,0.0,0,92
8690,,,,0.0,0,92
8691,,,,0.0,0,92
8693,,,,0.0,0,92
8694,,,,0.0,0,92
8695,1.6666666666666667,0.5773502691896257,2.0,2.0,3,89
8696,1.25,0.5,1.0,2.0,4,88
8697,,,,0.0,0,92
8699,,,,0.0,0,92
8700,,,,0.0,0,92
8702,2.0,,2.0,2.0,1,91
8703,1.3333333333333333,0.5773502691896257,1.0,2.0,3,89
8704,5.0,,5.0,5.0,1,91
8705,2.0,,2.0,2.0,1,91
8708,1.1428571428571428,0.37796447300922725,1.0,2.0,7,85
8709,,,,0.0,0,92
8710,5.785714285714286,2.9135907380774997,6.0,10.0,14,78
8712,,,,0.0,0,92
8713,,,,0.0,0,92
8716,,,,0.0,0,92
8717,,,,0.0,0,92
8718,,,,0.0,0,92
8721,,,,0.0,0,92
8722,,,,0.0,0,92
8726,,,,0.0,0,92
8728,1.9230769230769231,0.7595545253127499,2.0,3.0,13,79
8729,,,,0.0,0,92
8731,,,,0.0,0,92
8732,,,,0.0,0,92
8737,2.4615384615384617,1.5607361839521232,2.0,6.0,13,79
8739,1.0,0.0,1.0,1.0,3,89
8740,1.125,0.3535533905932738,1.0,2.0,8,84
8741,1.0,0.0,1.0,1.0,6,86
8742,1.7777777777777777,0.9718253158075502,2.0,4.0,9,83
8744,,,,0.0,0,92
8745,,,,0.0,0,92
8746,1.8,0.8366600265340756,2.0,3.0,5,87
8747,,,,0.0,0,92
8748,3.4285714285714284,5.57072410310967,1.0,20.0,14,78
8750,,,,0.0,0,92
8751,,,,0.0,0,92
8754,6.0,,6.0,6.0,1,91
8755,1.0,,1.0,1.0,1,91
8757,,,,0.0,0,92
8760,,,,0.0,0,92
8761,,,,0.0,0,92
8763,,,,0.0,0,92
8768,,,,0.0,0,92
8769,,,,0.0,0,92
8770,,,,0.0,0,92
8771,,,,0.0,0,92
8772,1.0,,1.0,1.0,1,91
8775,1.0,,1.0,1.0,1,91
8779,1.5,0.7071067811865476,1.5,2.0,2,90
8780,1.2727272727272727,0.46709936649691375,1.0,2.0,11,81
8782,8.0,10.44030650891055,3.0,20.0,3,89
8783,2.875,0.9910312089651149,3.0,5.0,8,84
8785,2.25,2.3754698783308417,1.5,8.0,8,84
8786,,,,0.0,0,92
8788,3.2,1.3038404810405297,3.0,5.0,5,87
8789,,,,0.0,0,92
8790,5.0,5.656854249492381,5.0,9.0,2,90
8791,,,,0.0,0,92
8792,,,,0.0,0,92
8793,10.0,,10.0,10.0,1,91
8794,,,,0.0,0,92
8795,,,,0.0,0,92
8796,,,,0.0,0,92
8797,,,,0.0,0,92
8798,,,,0.0,0,92
8806,,,,0.0,0,92
8807,,,,0.0,0,92
8809,,,,0.0,0,92
8810,,,,0.0,0,92
8811,,,,0.0,0,92
8812,,,,0.0,0,92
8813,,,,0.0,0,92
8815,,,,0.0,0,92
8816,,,,0.0,0,92
8817,,,,0.0,0,92
8819,,,,0.0,0,92
8820,4.666666666666667,4.725815626252608,3.0,10.0,3,89
8821,,,,0.0,0,92
8822,,,,0.0,0,92
8824,2.0,,2.0,2.0,1,91
8829,1.0,0.0,1.0,1.0,4,88
8830,,,,0.0,0,92
8831,3.0,,3.0,3.0,1,91
8832,,,,0.0,0,92
8835,10.142857142857142,17.6864220183033,4.0,50.0,7,85
8836,6.157894736842105,9.447299190155041,2.0,35.0,19,73
8837,12.5,13.277801022759755,7.5,32.0,6,86
8838,,,,0.0,0,92
8839,1.0,,1.0,1.0,1,91
8840,1.0,0.0,1.0,1.0,6,86
8841,1.0,0.0,1.0,1.0,2,90
8842,,,,0.0,0,92
8843,,,,0.0,0,92
8844,,,,0.0,0,92
8845,,,,0.0,0,92
8846,,,,0.0,0,92
8848,,,,0.0,0,92
8852,,,,0.0,0,92
8854,,,,0.0,0,92
8855,1.5,0.7071067811865476,1.5,2.0,2,90
8858,,,,0.0,0,92
8859,1.0,0.0,1.0,1.0,6,86
8860,1.0,0.0,1.0,1.0,5,87
8861,1.3333333333333333,0.5773502691896257,1.0,2.0,3,89
8862,1.0,,1.0,1.0,1,91
8863,2.2142857142857144,2.3592231912080863,1.5,10.0,14,78
8867,,,,0.0,0,92
8869,,,,0.0,0,92
8870,,,,0.0,0,92
8871,,,,0.0,0,92
8872,,,,0.0,0,92
8876,,,,0.0,0,92
8877,3.75,2.0615528128088303,4.0,6.0,4,88
8879,,,,0.0,0,92
8883,,,,0.0,0,92
8884,,,,0.0,0,92
8885,1.0,0.0,1.0,1.0,2,90
8888,4.75,2.5,4.5,8.0,4,88
8889,,,,0.0,0,92
8890,2.0,,2.0,2.0,1,91
8891,,,,0.0,0,92
8892,1.0,,1.0,1.0,1,91
8893,,,,0.0,0,92
8895,1.0,0.0,1.0,1.0,5,87
8897,,,,0.0,0,92
8899,,,,0.0,0,92
8901,5.0,5.656854249492381,5.0,9.0,2,90
8902,,,,0.0,0,92
8903,,,,0.0,0,92
8904,,,,0.0,0,92
8906,,,,0.0,0,92
8907,1.5,0.7071067811865476,1.5,2.0,2,90
8908,1.0,,1.0,1.0,1,91
8909,3.0,2.449489742783178,2.5,6.0,4,88
8913,,,,0.0,0,92
8914,,,,0.0,0,92
8916,,,,0.0,0,92
8917,,,,0.0,0,92
8918,3.7333333333333334,4.697272380445055,2.0,25.0,30,62
8919,,,,0.0,0,92
8921,2.0,0.0,2.0,2.0,2,90
8922,,,,0.0,0,92
8923,,,,0.0,0,92
8924,9.785714285714286,20.840709316987386,2.0,80.0,14,78
8925,28.625,34.786069800624404,10.5,140.0,24,68
8927,,,,0.0,0,92
8928,,,,0.0,0,92
8936,,,,0.0,0,92
8955,4.5,3.5355339059327378,4.5,7.0,2,90
8956,1.0,0.0,1.0,1.0,3,89
8957,1.0,,1.0,1.0,1,91
8958,,,,0.0,0,92
8959,,,,0.0,0,92
8960,1.8,1.30384048104053,1.0,4.0,5,87
8961,3.0,3.265986323710904,2.0,10.0,7,85
8962,,,,0.0,0,92
8964,,,,0.0,0,92
8965,1.0,0.0,1.0,1.0,4,88
8967,1.8,1.7888543819998322,1.0,5.0,5,87
8968,1.0,,1.0,1.0,1,91
8969,1.1,0.31622776601683794,1.0,2.0,10,82
8970,3.6,3.272783388968954,2.5,12.0,10,82
8971,,,,0.0,0,92
8972,,,,0.0,0,92
8974,,,,0.0,0,92
8977,1.0,,1.0,1.0,1,91
8979,,,,0.0,0,92
8981,,,,0.0,0,92
8987,,,,0.0,0,92
11457,1.0,,1.0,1.0,1,91
11458,,,,0.0,0,92
11460,5.333333333333333,5.499311251640903,3.0,20.0,12,80
11462,,,,0.0,0,92
11463,,,,0.0,0,92
11464,,,,0.0,0,92
11465,,,,0.0,0,92
11466,,,,0.0,0,92
11467,,,,0.0,0,92
11468,,,,0.0,0,92
11469,,,,0.0,0,92
11470,,,,0.0,0,92
11471,,,,0.0,0,92
11472,,,,0.0,0,92
11473,,,,0.0,0,92
11474,,,,0.0,0,92
11475,,,,0.0,0,92
11476,,,,0.0,0,92
11477,,,,0.0,0,92
11478,,,,0.0,0,92
11479,,,,0.0,0,92
11481,,,,0.0,0,92
11482,,,,0.0,0,92
11486,1.0,,1.0,1.0,1,91
11487,1.2857142857142858,0.48795003647426666,1.0,2.0,7,85
11489,,,,0.0,0,92
11490,1.0,0.0,1.0,1.0,4,88
11491,1.8,0.8366600265340756,2.0,3.0,5,87
11492,2.0,0.816496580927726,2.0,3.0,4,88
11493,2.6666666666666665,1.1547005383792515,2.0,4.0,3,89
11494,3.0,2.3664319132398464,2.0,6.0,6,86
11495,2.6666666666666665,1.7511900715418263,2.0,6.0,6,86
11496,1.6,0.8944271909999159,1.0,3.0,5,87
11497,,,,0.0,0,92
11501,1.7142857142857142,0.7559289460184545,2.0,3.0,7,85
11502,2.0,0.0,2.0,2.0,2,90
11503,3.28,1.884848285996645,3.0,10.0,50,42
11505,,,,0.0,0,92
11506,6.0,,6.0,6.0,1,91
11507,1.0,0.0,1.0,1.0,2,90
11508,,,,0.0,0,92
11509,1.5714285714285714,0.7867957924694432,1.0,3.0,7,85
11510,2.2142857142857144,1.3114039117603011,2.0,6.0,14,78
11511,1.3333333333333333,0.5773502691896257,1.0,2.0,3,89
11512,1.5,0.7071067811865476,1.5,2.0,2,90
11513,,,,0.0,0,92
11514,1.0,0.0,1.0,1.0,2,90
11515,,,,0.0,0,92
11517,,,,0.0,0,92
11519,1.0,,1.0,1.0,1,91
11520,1.5,0.7071067811865476,1.5,2.0,2,90
11521,,,,0.0,0,92
11523,,,,0.0,0,92
11524,,,,0.0,0,92
11525,1.0,,1.0,1.0,1,91
11526,,,,0.0,0,92
11527,1.0,0.0,1.0,1.0,7,85
11528,4.44,4.5467937421146924,3.0,19.0,25,67
11529,2.4444444444444446,1.2360330811826103,3.0,4.0,9,83
11530,,,,0.0,0,92
11532,1.5555555555555556,1.0137937550497034,1.0,4.0,9,83
11533,,,,0.0,0,92
11534,,,,0.0,0,92
11535,,,,0.0,0,92
11536,1.0,,1.0,1.0,1,91
11538,3.0416666666666665,2.466441431158124,2.0,11.0,48,44
11540,,,,0.0,0,92
11541,1.0,0.0,1.0,1.0,2,90
11542,1.5,0.7071067811865476,1.5,2.0,2,90
11543,,,,0.0,0,92
11544,,,,0.0,0,92
11545,,,,0.0,0,92
11546,,,,0.0,0,92
11547,3.0,,3.0,3.0,1,91
11548,3.0,2.8284271247461903,3.0,5.0,2,90
11549,1.0,,1.0,1.0,1,91
11550,,,,0.0,0,92
11551,,,,0.0,0,92
11552,,,,0.0,0,92
11553,1.7142857142857142,1.2535663410560174,1.0,4.0,7,85
11555,,,,0.0,0,92
11557,,,,0.0,0,92
11558,2.3333333333333335,1.5275252316519465,2.0,4.0,3,89
11559,,,,0.0,0,92
11560,,,,0.0,0,92
11562,,,,0.0,0,92
11563,,,,0.0,0,92
11564,3.6875,3.1983068437325812,3.0,13.0,16,76
11565,1.6,0.8944271909999159,1.0,3.0,5,87
11566,,,,0.0,0,92
11571,,,,0.0,0,92
11573,,,,0.0,0,92
11574,2.6666666666666665,2.250925735484551,2.0,7.0,6,86
11575,1.25,0.5,1.0,2.0,4,88
11576,,,,0.0,0,92
11577,,,,0.0,0,92
11578,,,,0.0,0,92
11579,3.0,,3.0,3.0,1,91
11580,3.0,2.8284271247461903,3.0,5.0,2,90
11581,,,,0.0,0,92
11582,,,,0.0,0,92
11583,2.0,0.0,2.0,2.0,2,90
11584,1.2857142857142858,0.48795003647426666,1.0,2.0,7,85
11585,,,,0.0,0,92
11596,,,,0.0,0,92
11597,1.2727272727272727,0.46709936649691375,1.0,2.0,11,81
11599,,,,0.0,0,92
11600,2.5,0.7071067811865476,2.5,3.0,2,90
11602,,,,0.0,0,92
11603,1.7692307692307692,1.0919284281983377,1.0,4.0,13,79
11604,3.32,1.930457631409368,3.0,7.0,25,67
11605,,,,0.0,0,92
11606,2.736842105263158,1.9675733859858355,2.0,6.0,19,73
11607,,,,0.0,0,92
11609,6.0,,6.0,6.0,1,91
11610,,,,0.0,0,92
11611,2.0,1.4142135623730951,2.0,3.0,2,90
11612,6.0,,6.0,6.0,1,91
11614,,,,0.0,0,92
11615,1.625,0.5175491695067657,2.0,2.0,8,84
11616,3.2,3.2710854467592254,2.0,9.0,5,87
11617,1.5,0.7071067811865476,1.5,2.0,2,90
11618,1.5789473684210527,0.606976978666884,2.0,3.0,19,73
11619,,,,0.0,0,92
11622,,,,0.0,0,92
11623,1.2,0.6324555320336759,1.0,3.0,10,82
11624,1.625,1.1349200316590018,1.0,5.0,24,68
11625,1.3548387096774193,0.7093841036079206,1.0,4.0,31,61
11626,1.3888888888888888,0.7775443160352293,1.0,4.0,18,74
11627,1.125,0.3535533905932738,1.0,2.0,8,84
11628,1.4666666666666666,0.6399404734221844,1.0,3.0,15,77
11629,1.0666666666666667,0.25819888974716115,1.0,2.0,15,77
11630,2.090909090909091,1.3914118498945367,2.0,7.0,55,37
11631,1.0909090909090908,0.30151134457776363,1.0,2.0,11,81
11632,1.5,0.8498365855987975,1.0,3.0,10,82
11633,1.0,0.0,1.0,1.0,2,90
11634,1.0,0.0,1.0,1.0,2,90
11635,1.0,,1.0,1.0,1,91
11636,1.375,0.5175491695067657,1.0,2.0,8,84
11637,1.0,0.0,1.0,1.0,4,88
11638,1.5,0.7071067811865476,1.5,2.0,2,90
11639,1.0,0.0,1.0,1.0,3,89
11640,,,,0.0,0,92
11641,1.0,0.0,1.0,1.0,7,85
11642,1.0,0.0,1.0,1.0,2,90
11643,,,,0.0,0,92
11645,,,,0.0,0,92
11646,1.5,1.224744871391589,1.0,4.0,6,86
11647,1.0,0.0,1.0,1.0,2,90
11648,1.0,0.0,1.0,1.0,2,90
11649,,,,0.0,0,92
11650,1.0,0.0,1.0,1.0,9,83
11651,1.7083333333333333,1.1601786469133206,1.0,5.0,24,68
11652,1.3333333333333333,0.5163977794943223,1.0,2.0,6,86
11653,1.0,,1.0,1.0,1,91
11654,,,,0.0,0,92
11655,1.0,,1.0,1.0,1,91
11656,,,,0.0,0,92
11657,,,,0.0,0,92
11659,1.0,,1.0,1.0,1,91
11660,2.0,1.1881770515720091,2.0,5.0,35,57
11661,1.3333333333333333,0.5773502691896257,1.0,2.0,3,89
11662,1.0,,1.0,1.0,1,91
11663,1.5,1.0,1.0,3.0,4,88
11664,1.3846153846153846,0.7679476477883045,1.0,3.0,13,79
11665,1.3055555555555556,0.7862912744358596,1.0,5.0,36,56
11666,1.0,0.0,1.0,1.0,3,89
11668,1.0,,1.0,1.0,1,91
11669,1.3333333333333333,0.5773502691896257,1.0,2.0,3,89
11670,1.0,,1.0,1.0,1,91
11671,1.0,0.0,1.0,1.0,2,90
11672,1.5806451612903225,1.0574873852167095,1.0,6.0,31,61
11675,,,,0.0,0,92
11676,,,,0.0,0,92
11678,4.0,1.0,4.0,5.0,3,89
11679,3.0,1.4142135623730951,3.0,4.0,2,90
11683,2.0,,2.0,2.0,1,91
11684,1.0,,1.0,1.0,1,91
11685,15.0,7.0710678118654755,15.0,20.0,2,90
11686,,,,0.0,0,92
11687,4.0,,4.0,4.0,1,91
11688,,,,0.0,0,92
11689,,,,0.0,0,92
11690,,,,0.0,0,92
11691,18.0,4.47213595499958,20.0,20.0,5,87
11692,1.5,0.7071067811865476,1.5,2.0,2,90
11693,24.545454545454547,28.05838069584072,10.0,100.0,11,81
11695,,,,0.0,0,92
11696,26.666666666666668,22.50925735484551,20.0,70.0,6,86
11697,15.0,5.773502691896258,15.0,20.0,4,88
11698,23.333333333333332,23.094010767585033,10.0,50.0,3,89
11699,10.0,,10.0,10.0,1,91
11700,,,,0.0,0,92
11701,,,,0.0,0,92
11703,2.357142857142857,1.6458405781822274,2.0,7.0,14,78
11704,3.259259259259259,2.6974716451435174,2.0,10.0,27,65
11705,,,,0.0,0,92
11706,4.0,,4.0,4.0,1,91
11710,,,,0.0,0,92
11711,,,,0.0,0,92
11712,,,,0.0,0,92
11714,4.0,5.354126134736337,1.5,12.0,4,88
11716,3.5625,4.88492579268099,1.0,14.0,16,76
11717,,,,0.0,0,92
11719,1.0,,1.0,1.0,1,91
11720,,,,0.0,0,92
11721,,,,0.0,0,92
11723,1.2,0.4472135954999579,1.0,2.0,5,87
11725,1.0,0.0,1.0,1.0,2,90
11728,19.585365853658537,23.95514100329624,8.0,80.0,41,51
11730,1.5,0.7071067811865476,1.5,2.0,2,90
11731,1.0,,1.0,1.0,1,91
11732,,,,0.0,0,92
11734,2.0,1.7320508075688772,1.0,4.0,3,89
11737,,,,0.0,0,92
11738,,,,0.0,0,92
11744,,,,0.0,0,92
11745,,,,0.0,0,92
11747,,,,0.0,0,92
11748,1.0,0.0,1.0,1.0,2,90
11749,,,,0.0,0,92
11752,1.0,0.0,1.0,1.0,4,88
11753,1.0,0.0,1.0,1.0,2,90
11754,1.0,,1.0,1.0,1,91
11755,1.0,0.0,1.0,1.0,5,87
11756,1.0,0.0,1.0,1.0,3,89
11757,1.0,0.0,1.0,1.0,7,85
11758,,,,0.0,0,92
11759,1.3333333333333333,0.5773502691896257,1.0,2.0,3,89
11761,1.5,0.7071067811865476,1.5,2.0,2,90
11762,9.975609756097562,6.973119118723158,10.0,30.0,41,51
11765,3.0,1.8257418583505538,3.0,5.0,4,88
11766,,,,0.0,0,92
11768,,,,0.0,0,92
11769,,,,0.0,0,92
11771,,,,0.0,0,92
11777,1.7222222222222223,1.178511301977579,1.0,5.0,18,74
11778,2.5,2.073644135332772,1.5,6.0,6,86
11781,,,,0.0,0,92
11782,2.1739130434782608,1.874522337048791,1.0,8.0,23,69
11783,1.0,0.0,1.0,1.0,4,88
11784,1.8333333333333333,1.6020819787597222,1.0,5.0,6,86
11785,1.0,0.0,1.0,1.0,2,90
11786,1.0,,1.0,1.0,1,91
11787,3.0,,3.0,3.0,1,91
11788,1.0,,1.0,1.0,1,91
11790,,,,0.0,0,92
11792,,,,0.0,0,92
11794,,,,0.0,0,92
11795,,,,0.0,0,92
11797,,,,0.0,0,92
11799,,,,0.0,0,92
11800,,,,0.0,0,92
11801,,,,0.0,0,92
11802,,,,0.0,0,92
11803,,,,0.0,0,92
11806,,,,0.0,0,92
11815,,,,0.0,0,92
11817,,,,0.0,0,92
11818,,,,0.0,0,92
11819,,,,0.0,0,92
11820,,,,0.0,0,92
11821,,,,0.0,0,92
11822,,,,0.0,0,92
11823,1.3333333333333333,0.5773502691896257,1.0,2.0,3,89
11824,1.0,,1.0,1.0,1,91
11825,1.5,0.5477225575051661,1.5,2.0,6,86
11826,1.4615384615384615,0.7762500258061847,1.0,3.0,13,79
11827,,,,0.0,0,92
11832,3.0,1.0,3.0,4.0,3,89
11834,1.0,0.0,1.0,1.0,2,90
11835,,,,0.0,0,92
11837,,,,0.0,0,92
11838,2.3333333333333335,1.5275252316519465,2.0,4.0,3,89
11839,3.4,3.717824931626316,1.5,11.0,10,82
11840,,,,0.0,0,92
11841,21.0,26.870057685088806,21.0,40.0,2,90
11842,1.5,0.7071067811865476,1.5,2.0,2,90
11843,,,,0.0,0,92
11844,3.25,2.0615528128088303,3.5,5.0,4,88
11845,,,,0.0,0,92
11848,,,,0.0,0,92
11849,,,,0.0,0,92
11850,,,,0.0,0,92
11851,,,,0.0,0,92
11852,,,,0.0,0,92
11854,1.0,,1.0,1.0,1,91
11855,1.0,,1.0,1.0,1,91
11856,1.3333333333333333,0.5773502691896257,1.0,2.0,3,89
11859,,,,0.0,0,92
11862,,,,0.0,0,92
11863,3.0,4.041451884327381,1.0,12.0,7,85
11864,,,,0.0,0,92
11865,,,,0.0,0,92
11866,,,,0.0,0,92
11868,,,,0.0,0,92
11869,2.7777777777777777,0.97182531580755,3.0,4.0,9,83
11870,3.0,1.1547005383792515,3.0,4.0,4,88
11871,,,,0.0,0,92
11874,,,,0.0,0,92
11877,1.5555555555555556,0.7264831572567789,1.0,3.0,9,83
11879,,,,0.0,0,92
11883,,,,0.0,0,92
11884,,,,0.0,0,92
11886,,,,0.0,0,92
11889,2.823529411764706,0.9510056596602791,3.0,4.0,17,75
11890,1.0,0.0,1.0,1.0,2,90
11891,2.823529411764706,0.9510056596602791,3.0,4.0,17,75
11892,2.823529411764706,0.9510056596602791,3.0,4.0,17,75
11893,2.9375,0.8539125638299665,3.0,4.0,16,76
11894,2.9375,0.8539125638299665,3.0,4.0,16,76
11895,,,,0.0,0,92
11896,,,,0.0,0,92
11897,1.0,0.0,1.0,1.0,2,90
11898,2.0,,2.0,2.0,1,91
11901,,,,0.0,0,92
11902,,,,0.0,0,92
11903,,,,0.0,0,92
11904,,,,0.0,0,92
11905,1.8333333333333333,1.1690451944500122,1.5,4.0,6,86
11906,,,,0.0,0,92
11909,1.0,0.0,1.0,1.0,8,84
11910,1.0,,1.0,1.0,1,91
11911,3.7,4.231461113834646,2.0,20.0,20,72
11912,3.090909090909091,5.629467922540201,1.0,20.0,11,81
11913,1.25,0.5,1.0,2.0,4,88
11914,,,,0.0,0,92
11915,3.3333333333333335,2.3094010767585034,2.0,6.0,3,89
11916,,,,0.0,0,92
11917,2.625,1.5059406173077154,2.0,5.0,8,84
11918,1.5,0.7071067811865476,1.5,2.0,2,90
11920,1.75,0.5,2.0,2.0,4,88
11921,1.0,0.0,1.0,1.0,2,90
11922,1.0,0.0,1.0,1.0,3,89
11923,1.0,,1.0,1.0,1,91
11925,1.875,1.3562026818605375,1.0,4.0,8,84
11929,,,,0.0,0,92
11932,,,,0.0,0,92
11933,,,,0.0,0,92
11934,1.25,0.5,1.0,2.0,4,88
11935,1.25,0.5,1.0,2.0,4,88
11936,7.333333333333333,3.2145502536643185,6.0,11.0,3,89
11937,3.6,2.270584848790187,3.5,8.0,10,82
11939,5.5,4.226897995772629,4.0,16.0,16,76
11940,1.0,0.0,1.0,1.0,2,90
11941,,,,0.0,0,92
11942,1.2857142857142858,0.48795003647426666,1.0,2.0,7,85
11943,2.3333333333333335,1.96638416050035,1.5,6.0,6,86
11944,1.2727272727272727,0.46709936649691375,1.0,2.0,11,81
11945,4.0,,4.0,4.0,1,91
11946,4.0,,4.0,4.0,1,91
11947,3.125,4.85320218294802,1.0,15.0,8,84
11961,,,,0.0,0,92
11962,1.0,,1.0,1.0,1,91
11963,,,,0.0,0,92
11964,1.0,0.0,1.0,1.0,2,90
11966,,,,0.0,0,92
11967,,,,0.0,0,92
11968,,,,0.0,0,92
11970,1.0,,1.0,1.0,1,91
11971,1.0,,1.0,1.0,1,91
11972,,,,0.0,0,92
11973,1.0,,1.0,1.0,1,91
11974,1.0,,1.0,1.0,1,91
11975,2.0,,2.0,2.0,1,91
11976,1.0,0.0,1.0,1.0,2,90
11977,,,,0.0,0,92
11982,,,,0.0,0,92
11983,,,,0.0,0,92
11985,,,,0.0,0,92
11986,5.428571428571429,4.825527358301296,5.0,13.0,7,85
11988,2.0,,2.0,2.0,1,91
11989,1.0,0.0,1.0,1.0,3,89
11991,,,,0.0,0,92
11992,,,,0.0,0,92
11993,,,,0.0,0,92
11998,,,,0.0,0,92
11999,,,,0.0,0,92
12000,,,,0.0,0,92
12001,2.0,0.0,2.0,2.0,3,89
12002,1.6666666666666667,0.5773502691896257,2.0,2.0,3,89
12003,2.5454545454545454,1.9679246105293955,1.0,5.0,11,81
12004,1.0,,1.0,1.0,1,91
12006,1.0,,1.0,1.0,1,91
12007,2.8,1.3038404810405297,2.0,5.0,5,87
12008,1.0,,1.0,1.0,1,91
12009,2.0,1.2649110640673518,1.5,4.0,6,86
12010,5.0,4.358898943540674,3.0,10.0,3,89
12011,,,,0.0,0,92
12012,,,,0.0,0,92
12014,3.024390243902439,2.2966040677274866,2.0,10.0,41,51
12015,2.625,1.407885953173359,2.5,5.0,8,84
12016,1.3333333333333333,0.6513389472789295,1.0,3.0,12,80
12017,2.125,1.2041594578792296,2.0,4.0,16,76
12018,,,,0.0,0,92
12019,2.5,2.1213203435596424,2.5,4.0,2,90
12020,,,,0.0,0,92
12021,1.0,0.0,1.0,1.0,2,90
12023,5.0,,5.0,5.0,1,91
12025,3.0,0.0,3.0,3.0,2,90
12026,3.0,0.0,3.0,3.0,2,90
12030,,,,0.0,0,92
12031,1.5,0.7071067811865476,1.5,2.0,2,90
12032,,,,0.0,0,92
12034,8.0,,8.0,8.0,1,91
12036,,,,0.0,0,92
12037,,,,0.0,0,92
12039,,,,0.0,0,92
12041,,,,0.0,0,92
12042,,,,0.0,0,92
12043,1.0,,1.0,1.0,1,91
12044,2.5,2.1213203435596424,2.5,4.0,2,90
12045,1.875,0.9910312089651149,2.0,4.0,8,84
12046,1.7692307692307692,0.7250110520819842,2.0,3.0,13,79
12047,2.0,0.816496580927726,2.0,3.0,7,85
12048,1.0,,1.0,1.0,1,91
12049,2.0,,2.0,2.0,1,91
12050,1.0,0.0,1.0,1.0,4,88
12051,1.0,,1.0,1.0,1,91
12052,1.5,0.5773502691896257,1.5,2.0,4,88
12053,1.0,,1.0,1.0,1,91
12054,1.0,,1.0,1.0,1,91
12055,1.0,,1.0,1.0,1,91
12056,3.0,,3.0,3.0,1,91
12057,2.0,1.4142135623730951,2.0,3.0,2,90
12058,2.0,1.0,2.0,3.0,5,87
12059,2.0,1.4142135623730951,2.0,3.0,2,90
12061,1.0,,1.0,1.0,1,91
12062,1.0,0.0,1.0,1.0,3,89
12063,1.3636363636363635,0.504524979109513,1.0,2.0,11,81
12064,1.6,1.0555973258234952,1.0,4.0,15,77
12065,1.6,0.8944271909999159,1.0,3.0,5,87
12066,1.0,0.0,1.0,1.0,3,89
12067,1.5,0.7071067811865476,1.5,2.0,2,90
12068,1.0,0.0,1.0,1.0,2,90
12069,4.0,,4.0,4.0,1,91
12070,1.3333333333333333,0.816496580927726,1.0,3.0,6,86
12071,1.5,0.5773502691896257,1.5,2.0,4,88
12072,1.3333333333333333,0.5773502691896257,1.0,2.0,3,89
12073,,,,0.0,0,92
12074,1.0,0.0,1.0,1.0,2,90
12075,1.0,,1.0,1.0,1,91
12076,,,,0.0,0,92
12077,,,,0.0,0,92
12078,,,,0.0,0,92
12079,1.25,0.5,1.0,2.0,4,88
12080,1.5263157894736843,1.0202625507753482,1.0,5.0,19,73
12081,1.2,0.42163702135578396,1.0,2.0,10,82
12083,,,,0.0,0,92
12084,,,,0.0,0,92
12085,,,,0.0,0,92
12086,3.1666666666666665,1.9407902170679516,2.5,6.0,6,86
12087,5.5,6.363961030678928,5.5,10.0,2,90
12088,,,,0.0,0,92
12089,3.0,1.5811388300841898,3.0,5.0,5,87
12090,2.5,1.2909944487358056,2.5,4.0,4,88
12091,,,,0.0,0,92
12092,1.0,0.0,1.0,1.0,2,90
12093,8.666666666666666,7.094598884597588,10.0,15.0,3,89
12094,15.565217391304348,6.07398391769447,15.0,30.0,23,69
12095,6.0,,6.0,6.0,1,91
12096,11.285714285714286,5.959386353835915,10.0,20.0,21,71
12097,11.153846153846153,6.485012306494461,10.0,20.0,26,66
12098,6.75,4.807664335582962,5.0,20.0,12,80
12099,2.5,3.6742346141747673,1.0,10.0,6,86
12100,1.6666666666666667,1.632993161855452,1.0,5.0,6,86
12101,1.5,0.7071067811865476,1.5,2.0,2,90
12102,4.0,5.196152422706632,1.0,10.0,3,89
12103,2.0,0.0,2.0,2.0,2,90
12104,2.0,0.0,2.0,2.0,2,90
12105,3.2222222222222223,2.9907264074877267,2.0,10.0,9,83
12106,3.142857142857143,3.338091841585121,2.0,10.0,7,85
12107,5.0,0.0,5.0,5.0,2,90
12108,,,,0.0,0,92
12109,6.0,,6.0,6.0,1,91
12110,2.0,,2.0,2.0,1,91
12114,1.0,0.0,1.0,1.0,2,90
12120,,,,0.0,0,92
12126,,,,0.0,0,92
12128,1.5714285714285714,0.9759000729485333,1.0,3.0,7,85
12129,5.142857142857143,3.184785258515422,4.0,12.0,7,85
12130,,,,0.0,0,92
12131,,,,0.0,0,92
12135,1.0,,1.0,1.0,1,91
12136,,,,0.0,0,92
12138,,,,0.0,0,92
12140,,,,0.0,0,92
12141,1.0,0.0,1.0,1.0,4,88
12142,,,,0.0,0,92
12145,5.0,,5.0,5.0,1,91
12146,,,,0.0,0,92
12148,,,,0.0,0,92
12151,,,,0.0,0,92
12152,,,,0.0,0,92
12156,,,,0.0,0,92
12157,8.0,,8.0,8.0,1,91
12158,,,,0.0,0,92
12164,1.0,,1.0,1.0,1,91
12165,,,,0.0,0,92
12168,4.0,,4.0,4.0,1,91
12169,,,,0.0,0,92
12171,3.0,1.4142135623730951,3.0,4.0,2,90
12172,3.0,,3.0,3.0,1,91
12174,,,,0.0,0,92
12176,,,,0.0,0,92
12178,,,,0.0,0,92
12179,4.928571428571429,3.124697787584627,4.5,13.0,14,78
12181,6.5,4.949747468305833,6.5,10.0,2,90
12182,,,,0.0,0,92
12183,,,,0.0,0,92
12185,,,,0.0,0,92
12186,6.0,1.4142135623730951,6.0,7.0,2,90
12187,5.545454545454546,2.6967994498529686,6.0,10.0,11,81
12188,4.714285714285714,3.0237157840738176,4.5,10.0,14,78
12189,5.0,1.4142135623730951,5.0,6.0,2,90
12190,,,,0.0,0,92
12192,,,,0.0,0,92
12194,1.0,0.0,1.0,1.0,3,89
12195,,,,0.0,0,92
12197,2.0,1.4142135623730951,1.5,4.0,4,88
12198,,,,0.0,0,92
12199,2.8333333333333335,1.3291601358251257,3.0,5.0,6,86
12200,,,,0.0,0,92
12202,,,,0.0,0,92
12204,1.0,0.0,1.0,1.0,6,86
12206,,,,0.0,0,92
12207,,,,0.0,0,92
12208,,,,0.0,0,92
12209,,,,0.0,0,92
12211,,,,0.0,0,92
12212,,,,0.0,0,92
12214,,,,0.0,0,92
12215,,,,0.0,0,92
12216,,,,0.0,0,92
12218,1.6363636363636365,0.9244162777371755,1.0,3.0,11,81
12219,,,,0.0,0,92
12220,,,,0.0,0,92
12223,,,,0.0,0,92
12224,,,,0.0,0,92
12225,,,,0.0,0,92
12226,1.0,0.0,1.0,1.0,2,90
12227,1.0,,1.0,1.0,1,91
12228,,,,0.0,0,92
12229,,,,0.0,0,92
12230,,,,0.0,0,92
12231,,,,0.0,0,92
12235,,,,0.0,0,92
12236,2.0,,2.0,2.0,1,91
12237,2.75,1.2583057392117916,3.0,4.0,4,88
12238,,,,0.0,0,92
12239,28.0,45.772383716724995,4.0,129.0,10,82
12240,,,,0.0,0,92
12242,,,,0.0,0,92
12244,3.4,0.5477225575051661,3.0,4.0,5,87
12245,1.0,,1.0,1.0,1,91
12246,1.0,,1.0,1.0,1,91
12247,,,,0.0,0,92
12256,,,,0.0,0,92
12258,,,,0.0,0,92
12260,,,,0.0,0,92
12261,,,,0.0,0,92
12262,,,,0.0,0,92
12263,,,,0.0,0,92
12265,,,,0.0,0,92
12268,,,,0.0,0,92
12269,,,,0.0,0,92
12270,1.625,0.7440238091428449,1.5,3.0,8,84
12272,,,,0.0,0,92
12274,,,,0.0,0,92
12276,,,,0.0,0,92
12277,,,,0.0,0,92
12278,,,,0.0,0,92
12280,2.0,1.0,2.0,3.0,3,89
12281,,,,0.0,0,92
12282,,,,0.0,0,92
12283,,,,0.0,0,92
12284,,,,0.0,0,92
12285,,,,0.0,0,92
12286,,,,0.0,0,92
12287,,,,0.0,0,92
12288,1.5,0.7071067811865476,1.5,2.0,2,90
12289,,,,0.0,0,92
12290,,,,0.0,0,92
12291,2.0,,2.0,2.0,1,91
12292,,,,0.0,0,92
12293,,,,0.0,0,92
12294,1.3333333333333333,0.5773502691896257,1.0,2.0,3,89
12295,1.5,0.7071067811865476,1.5,2.0,2,90
12296,2.0,,2.0,2.0,1,91
12297,,,,0.0,0,92
12298,,,,0.0,0,92
12300,2.3333333333333335,0.5773502691896258,2.0,3.0,3,89
12301,2.0,,2.0,2.0,1,91
12302,2.0,,2.0,2.0,1,91
12303,,,,0.0,0,92
12306,4.0,1.0,4.0,5.0,3,89
12307,3.0,2.0,3.0,5.0,3,89
12308,,,,0.0,0,92
12309,,,,0.0,0,92
12310,3.7333333333333334,1.667618775665584,4.0,7.0,15,77
12311,2.3333333333333335,0.5773502691896258,2.0,3.0,3,89
12312,1.75,0.5,2.0,2.0,4,88
12313,2.4285714285714284,2.4718191903717615,1.0,10.0,14,78
12314,3.2,3.8340579025361627,2.0,10.0,5,87
12315,2.0,0.816496580927726,2.0,3.0,4,88
12316,4.714285714285714,4.7509397566616824,2.0,13.0,7,85
12317,1.6666666666666667,0.816496580927726,1.5,3.0,6,86
12318,2.8,1.3038404810405297,2.0,5.0,5,87
12320,1.4444444444444444,0.8006407690254357,1.0,4.0,27,65
12321,20.0,10.0,20.0,30.0,3,89
12323,,,,0.0,0,92
12325,,,,0.0,0,92
12328,,,,0.0,0,92
12329,,,,0.0,0,92
12330,,,,0.0,0,92
12331,,,,0.0,0,92
12332,,,,0.0,0,92
12333,,,,0.0,0,92
12334,3.0,,3.0,3.0,1,91
12335,1.0,0.0,1.0,1.0,2,90
12336,8.0,,8.0,8.0,1,91
12337,,,,0.0,0,92
12338,,,,0.0,0,92
12339,,,,0.0,0,92
12340,2.25,1.8929694486000912,1.5,5.0,4,88
12341,,,,0.0,0,92
12342,,,,0.0,0,92
12343,,,,0.0,0,92
12344,,,,0.0,0,92
12345,,,,0.0,0,92
12346,,,,0.0,0,92
12347,,,,0.0,0,92
12348,,,,0.0,0,92
12349,,,,0.0,0,92
12350,1.6666666666666667,1.1547005383792517,1.0,3.0,3,89
12351,,,,0.0,0,92
12353,,,,0.0,0,92
12354,,,,0.0,0,92
12355,1.6666666666666667,0.5773502691896257,2.0,2.0,3,89
12356,1.4,0.5477225575051661,1.0,2.0,5,87
12357,,,,0.0,0,92
12358,2.0,,2.0,2.0,1,91
12359,,,,0.0,0,92
12360,4.0,2.8284271247461903,4.0,6.0,2,90
12361,4.0,,4.0,4.0,1,91
12362,6.0,,6.0,6.0,1,91
12363,1.0,,1.0,1.0,1,91
12364,,,,0.0,0,92
12365,1.0,,1.0,1.0,1,91
12366,1.25,0.5,1.0,2.0,4,88
12367,,,,0.0,0,92
12368,,,,0.0,0,92
12369,,,,0.0,0,92
12370,,,,0.0,0,92
12371,5.0,,5.0,5.0,1,91
12372,1.3333333333333333,0.5163977794943223,1.0,2.0,6,86
12377,2.2222222222222223,1.7159383568311668,2.0,6.0,9,83
12379,,,,0.0,0,92
12382,1.0,,1.0,1.0,1,91
12383,,,,0.0,0,92
12384,1.8,1.3038404810405297,1.0,4.0,5,87
12385,,,,0.0,0,92
12386,,,,0.0,0,92
12387,1.0,,1.0,1.0,1,91
12389,,,,0.0,0,92
12390,,,,0.0,0,92
12391,,,,0.0,0,92
12392,,,,0.0,0,92
12393,,,,0.0,0,92
12394,,,,0.0,0,92
12396,1.6666666666666667,0.816496580927726,1.5,3.0,6,86
12397,,,,0.0,0,92
12398,,,,0.0,0,92
12399,,,,0.0,0,92
12400,,,,0.0,0,92
12401,,,,0.0,0,92
12404,5.2,3.675746333890726,4.5,12.0,10,82
12406,1.3333333333333333,0.5773502691896257,1.0,2.0,3,89
12407,1.0,0.0,1.0,1.0,2,90
12412,1.0,,1.0,1.0,1,91
12414,,,,0.0,0,92
12415,2.0,,2.0,2.0,1,91
12416,1.3333333333333333,0.5773502691896257,1.0,2.0,3,89
12418,1.0,,1.0,1.0,1,91
12419,,,,0.0,0,92
12423,1.1666666666666667,0.408248290463863,1.0,2.0,6,86
12430,2.0,0.0,2.0,2.0,2,90
12431,,,,0.0,0,92
12432,1.6666666666666667,0.816496580927726,1.5,3.0,6,86
12433,,,,0.0,0,92
12435,,,,0.0,0,92
12436,,,,0.0,0,92
12437,5.8,3.6331804249169903,4.0,12.0,5,87
12438,,,,0.0,0,92
12439,1.3043478260869565,0.7648400075533119,1.0,4.0,23,69
12440,2.0,,2.0,2.0,1,91
12441,5.25,5.439056290693573,3.5,13.0,4,88
12442,1.2941176470588236,0.5878675320972554,1.0,3.0,17,75
12443,17.192307692307693,35.32983989104675,5.0,202.0,52,40
12444,5.633333333333334,10.810222918156215,2.0,48.0,30,62
12445,15.157894736842104,21.31056899468414,6.0,85.0,19,73
12446,5.8125,12.226848871779406,2.0,47.0,16,76
12447,12.833333333333334,9.948199167018453,10.0,29.0,6,86
12448,14.875,28.451808989633836,2.0,113.0,24,68
12449,1.0,,1.0,1.0,1,91
12450,,,,0.0,0,92
12451,1.0,,1.0,1.0,1,91
12452,1.3636363636363635,0.504524979109513,1.0,2.0,11,81
12453,1.0,0.0,1.0,1.0,2,90
12454,1.1111111111111112,0.33333333333333337,1.0,2.0,9,83
12455,1.2,0.4472135954999579,1.0,2.0,5,87
12456,1.25,0.5,1.0,2.0,4,88
12457,1.0,0.0,1.0,1.0,2,90
12458,1.0,0.0,1.0,1.0,2,90
12459,,,,0.0,0,92
12460,5.333333333333333,2.516611478423583,5.0,8.0,3,89
12462,,,,0.0,0,92
12463,,,,0.0,0,92
12464,3.1176470588235294,2.027386030741817,2.0,8.0,17,75
12465,2.8,1.4757295747452437,2.0,6.0,10,82
12466,,,,0.0,0,92
12467,2.25,2.8959218974902683,1.0,11.0,12,80
12468,2.2142857142857144,2.423556554658128,1.0,10.0,14,78
12469,1.6,0.6992058987801011,1.5,3.0,10,82
12470,1.0,,1.0,1.0,1,91
12471,,,,0.0,0,92
12473,2.0,,2.0,2.0,1,91
12474,1.5,0.5773502691896257,1.5,2.0,4,88
12475,2.0,,2.0,2.0,1,91
12476,2.0,1.7320508075688772,1.0,5.0,5,87
12477,1.0,0.0,1.0,1.0,2,90
12478,,,,0.0,0,92
12479,,,,0.0,0,92
12480,1.0,0.0,1.0,1.0,13,79
12481,1.0,0.0,1.0,1.0,9,83
12482,1.0,0.0,1.0,1.0,3,89
12484,1.25,0.5,1.0,2.0,4,88
12485,1.0,0.0,1.0,1.0,15,77
12486,,,,0.0,0,92
12487,1.3636363636363635,0.504524979109513,1.0,2.0,11,81
12488,1.0,0.0,1.0,1.0,4,88
12489,2.0,0.0,2.0,2.0,3,89
12490,,,,0.0,0,92
12491,,,,0.0,0,92
12492,1.5,0.7071067811865476,1.5,2.0,2,90
12493,1.0,0.0,1.0,1.0,2,90
12494,1.0,0.0,1.0,1.0,3,89
12495,1.5,0.7071067811865476,1.5,2.0,2,90
12496,,,,0.0,0,92
12497,1.8888888888888888,1.3642254619787417,1.0,5.0,9,83
12498,1.0,,1.0,1.0,1,91
12499,1.0,0.0,1.0,1.0,3,89
12500,1.0,0.0,1.0,1.0,3,89
12501,1.0,0.0,1.0,1.0,4,88
12502,1.0,,1.0,1.0,1,91
12503,,,,0.0,0,92
12504,1.6363636363636365,0.8090398349558905,1.0,3.0,11,81
12505,,,,0.0,0,92
12506,1.0,0.0,1.0,1.0,2,90
12507,1.0,,1.0,1.0,1,91
12508,,,,0.0,0,92
12509,,,,0.0,0,92
12510,,,,0.0,0,92
12514,3.0,2.8284271247461903,3.0,5.0,2,90
12515,3.0,1.4142135623730951,3.0,4.0,2,90
12518,,,,0.0,0,92
12519,,,,0.0,0,92
12520,,,,0.0,0,92
12521,,,,0.0,0,92
12522,,,,0.0,0,92
12523,,,,0.0,0,92
12524,,,,0.0,0,92
12525,,,,0.0,0,92
12526,,,,0.0,0,92
12527,,,,0.0,0,92
12528,,,,0.0,0,92
12529,,,,0.0,0,92
12530,,,,0.0,0,92
12531,1.5,0.8366600265340756,1.0,3.0,6,86
12532,1.5714285714285714,0.5345224838248488,2.0,2.0,7,85
12533,,,,0.0,0,92
12534,1.0,,1.0,1.0,1,91
12535,,,,0.0,0,92
12536,,,,0.0,0,92
12537,,,,0.0,0,92
12538,1.5,0.5773502691896257,1.5,2.0,4,88
12539,1.5,1.0,1.0,3.0,4,88
12540,1.0,,1.0,1.0,1,91
12542,2.0,,2.0,2.0,1,91
12543,,,,0.0,0,92
12545,,,,0.0,0,92
12546,,,,0.0,0,92
12547,2.0,,2.0,2.0,1,91
12549,,,,0.0,0,92
12550,5.0,,5.0,5.0,1,91
12551,2.0,,2.0,2.0,1,91
12552,5.0,,5.0,5.0,1,91
12553,2.0,,2.0,2.0,1,91
12554,2.25,0.5,2.0,3.0,4,88
12555,,,,0.0,0,92
12556,,,,0.0,0,92
12557,,,,0.0,0,92
12558,4.0,,4.0,4.0,1,91
12559,1.0,0.0,1.0,1.0,2,90
12560,1.375,0.7440238091428449,1.0,3.0,8,84
12561,1.0,0.0,1.0,1.0,5,87
12562,1.0,,1.0,1.0,1,91
12563,,,,0.0,0,92
12565,,,,0.0,0,92
12566,1.3333333333333333,0.7071067811865476,1.0,3.0,9,83
12569,,,,0.0,0,92
12570,,,,0.0,0,92
12571,,,,0.0,0,92
12572,,,,0.0,0,92
12578,,,,0.0,0,92
12579,1.0,0.0,1.0,1.0,2,90
12580,2.0,0.0,2.0,2.0,2,90
12582,,,,0.0,0,92
12583,,,,0.0,0,92
12584,2.0,1.4142135623730951,1.5,4.0,4,88
12585,1.7,0.4830458915396479,2.0,2.0,10,82
12586,1.0,0.0,1.0,1.0,4,88
12587,,,,0.0,0,92
12590,,,,0.0,0,92
12591,2.3125,1.3022416570411703,2.0,6.0,16,76
12592,,,,0.0,0,92
12593,1.3333333333333333,0.5773502691896257,1.0,2.0,3,89
12594,1.0,,1.0,1.0,1,91
12595,,,,0.0,0,92
12596,,,,0.0,0,92
12598,,,,0.0,0,92
12599,3.0,,3.0,3.0,1,91
12600,4.0,2.8284271247461903,3.0,10.0,14,78
12601,4.2727272727272725,4.29164092372391,3.0,16.0,11,81
12602,,,,0.0,0,92
12603,2.0,,2.0,2.0,1,91
12604,1.0,,1.0,1.0,1,91
12605,,,,0.0,0,92
12606,6.25,9.17877987534291,2.0,20.0,4,88
12607,1.25,0.4629100498862757,1.0,2.0,8,84
12608,1.0,0.0,1.0,1.0,7,85
12611,,,,0.0,0,92
12612,,,,0.0,0,92
12613,,,,0.0,0,92
12614,,,,0.0,0,92
12615,1.1666666666666667,0.408248290463863,1.0,2.0,6,86
12616,,,,0.0,0,92
12617,,,,0.0,0,92
12618,,,,0.0,0,92
12619,,,,0.0,0,92
12620,,,,0.0,0,92
12621,,,,0.0,0,92
12623,,,,0.0,0,92
12624,,,,0.0,0,92
12625,,,,0.0,0,92
12627,2.0,1.4142135623730951,2.0,3.0,2,90
12628,1.5,0.7071067811865476,1.5,2.0,2,90
12629,2.0,,2.0,2.0,1,91
12630,2.0,1.4142135623730951,2.0,3.0,2,90
12631,1.0,0.0,1.0,1.0,2,90
12635,,,,0.0,0,92
12636,1.0,0.0,1.0,1.0,2,90
12637,2.0,,2.0,2.0,1,91
12638,1.0,,1.0,1.0,1,91
12639,2.3333333333333335,1.5275252316519465,2.0,4.0,3,89
12640,4.0,,4.0,4.0,1,91
12641,28.2,45.94876373624092,4.0,130.0,10,82
12642,,,,0.0,0,92
12643,1.0,,1.0,1.0,1,91
12644,1.5,0.7071067811865476,1.5,2.0,2,90
12645,1.2,0.44721359549995804,1.0,2.0,5,87
12646,1.0,,1.0,1.0,1,91
12647,2.0,,2.0,2.0,1,91
12648,,,,0.0,0,92
12649,1.0,0.0,1.0,1.0,2,90
12650,1.0,,1.0,1.0,1,91
12651,,,,0.0,0,92
12652,,,,0.0,0,92
12653,,,,0.0,0,92
12654,,,,0.0,0,92
12655,2.5454545454545454,2.423371055519,2.0,9.0,11,81
12656,14.029411764705882,9.624732327226898,10.0,40.0,34,58
12657,4.75,4.924428900898052,3.0,12.0,4,88
12658,1.0,0.0,1.0,1.0,8,84
12660,1.0,,1.0,1.0,1,91
12661,4.5,2.1213203435596424,4.5,6.0,2,90
12662,1.0,0.0,1.0,1.0,2,90
12663,,,,0.0,0,92
12664,2.5,0.7071067811865476,2.5,3.0,2,90
12666,2.0,,2.0,2.0,1,91
12667,3.0,,3.0,3.0,1,91
12668,9.333333333333334,9.451631252505216,6.0,20.0,3,89
12669,1.6666666666666667,1.1547005383792517,1.0,3.0,3,89
12670,,,,0.0,0,92
12671,,,,0.0,0,92
12672,,,,0.0,0,92
12673,4.333333333333333,3.0,5.0,10.0,9,83
12674,,,,0.0,0,92
12675,1.0,,1.0,1.0,1,91
12683,5.25,3.4034296427770228,4.5,10.0,4,88
12684,1.0,0.0,1.0,1.0,2,90
12685,,,,0.0,0,92
12686,1.0,0.0,1.0,1.0,5,87
12687,1.0,,1.0,1.0,1,91
12689,,,,0.0,0,92
12690,,,,0.0,0,92
12692,,,,0.0,0,92
12693,2.0,1.0,2.0,3.0,5,87
12694,3.909090909090909,2.119176512447486,3.0,9.0,11,81
12695,,,,0.0,0,92
12696,,,,0.0,0,92
12697,,,,0.0,0,92
12698,3.3333333333333335,7.164728420068227,1.0,26.0,12,80
12699,1.8333333333333333,1.3291601358251257,1.0,4.0,6,86
12700,1.0,0.0,1.0,1.0,2,90
12701,1.5,1.0,1.0,3.0,4,88
12702,,,,0.0,0,92
12704,,,,0.0,0,92
12706,,,,0.0,0,92
12708,1.5,0.5773502691896257,1.5,2.0,4,88
12709,1.0,,1.0,1.0,1,91
12710,,,,0.0,0,92
12711,,,,0.0,0,92
12712,,,,0.0,0,92
12713,,,,0.0,0,92
12714,,,,0.0,0,92
12716,,,,0.0,0,92
12717,,,,0.0,0,92
12718,3.0,2.449489742783178,2.5,8.0,8,84
12719,1.0,0.0,1.0,1.0,5,87
12720,1.0,0.0,1.0,1.0,2,90
12721,,,,0.0,0,92
12722,1.0,0.0,1.0,1.0,3,89
12723,1.7777777777777777,1.1547005383792515,1.0,6.0,27,65
12728,1.0,0.0,1.0,1.0,6,86
12730,1.8461538461538463,1.281025230440697,1.0,5.0,13,79
12732,,,,0.0,0,92
12733,,,,0.0,0,92
12734,2.1818181818181817,1.6011359603844901,2.0,6.0,11,81
12736,,,,0.0,0,92
12737,1.4,0.5477225575051661,1.0,2.0,5,87
12738,,,,0.0,0,92
12739,3.0,2.8284271247461903,3.0,5.0,2,90
12740,,,,0.0,0,92
12741,,,,0.0,0,92
12743,,,,0.0,0,92
12744,2.066666666666667,1.162919151265879,2.0,4.0,15,77
12745,1.0,0.0,1.0,1.0,5,87
12746,1.0,0.0,1.0,1.0,2,90
12747,1.8888888888888888,1.0540925533894598,2.0,4.0,9,83
12748,1.8571428571428572,0.8644378215075663,2.0,4.0,14,78
12749,2.611111111111111,1.1950332945836273,2.0,5.0,18,74
12750,1.0,0.0,1.0,1.0,3,89
12751,4.2,6.099180272790763,1.0,15.0,5,87
12752,,,,0.0,0,92
12753,2.5714285714285716,1.7182493859684491,2.0,5.0,7,85
12754,,,,0.0,0,92
12756,1.8,1.3165611772087666,1.0,5.0,10,82
12757,2.0,,2.0,2.0,1,91
12758,1.0,0.0,1.0,1.0,2,90
12761,,,,0.0,0,92
12762,,,,0.0,0,92
12763,1.0,,1.0,1.0,1,91
12764,2.6666666666666665,2.886751345948129,1.0,6.0,3,89
12765,1.0,0.0,1.0,1.0,3,89
12766,,,,0.0,0,92
12767,1.3333333333333333,0.5773502691896257,1.0,2.0,3,89
12768,,,,0.0,0,92
12769,,,,0.0,0,92
12770,,,,0.0,0,92
12771,,,,0.0,0,92
12772,,,,0.0,0,92
12773,,,,0.0,0,92
12774,2.0,,2.0,2.0,1,91
12775,,,,0.0,0,92
12776,,,,0.0,0,92
12778,,,,0.0,0,92
12779,1.875,1.3102162671355697,1.5,5.0,16,76
12780,3.0,,3.0,3.0,1,91
12781,4.5,2.0701966780270626,5.0,7.0,8,84
12782,1.0,0.0,1.0,1.0,2,90
12783,1.3333333333333333,0.5773502691896257,1.0,2.0,3,89
12784,2.6666666666666665,0.816496580927726,2.5,4.0,6,86
12791,1.3571428571428572,1.0818177620697813,1.0,5.0,14,78
12792,2.0,1.7320508075688772,1.0,4.0,3,89
12793,1.0,,1.0,1.0,1,91
12794,1.25,0.5,1.0,2.0,4,88
12795,,,,0.0,0,92
12796,1.0833333333333333,0.28867513459481287,1.0,2.0,12,80
12797,1.0,0.0,1.0,1.0,2,90
12798,,,,0.0,0,92
12799,2.0,,2.0,2.0,1,91
12800,6.0,2.943920288775949,5.0,10.0,7,85
12801,4.5,0.7071067811865476,4.5,5.0,2,90
12802,,,,0.0,0,92
12803,3.0,,3.0,3.0,1,91
12804,,,,0.0,0,92
12805,2.0,,2.0,2.0,1,91
12806,1.3333333333333333,0.816496580927726,1.0,3.0,6,86
12807,,,,0.0,0,92
12808,1.2857142857142858,0.4879500364742666,1.0,2.0,7,85
12810,7.166666666666667,8.207719943240427,3.0,20.0,6,86
12811,2.0,1.7320508075688772,1.0,4.0,3,89
12812,1.3333333333333333,0.5,1.0,2.0,9,83
12813,1.0769230769230769,0.2773500981126146,1.0,2.0,13,79
12814,1.25,0.5,1.0,2.0,4,88
12817,,,,0.0,0,92
12818,,,,0.0,0,92
12822,,,,0.0,0,92
12828,,,,0.0,0,92
12830,,,,0.0,0,92
12831,,,,0.0,0,92
12832,,,,0.0,0,92
12833,,,,0.0,0,92
12834,,,,0.0,0,92
12835,,,,0.0,0,92
12836,,,,0.0,0,92
12837,,,,0.0,0,92
12838,,,,0.0,0,92
12845,,,,0.0,0,92
12847,,,,0.0,0,92
12848,,,,0.0,0,92
12850,,,,0.0,0,92
12851,,,,0.0,0,92
12852,,,,0.0,0,92
12858,5.0,,5.0,5.0,1,91
12859,2.3333333333333335,1.1547005383792515,3.0,3.0,3,89
12860,1.0,0.0,1.0,1.0,4,88
12861,1.6666666666666667,1.1180339887498947,1.0,4.0,9,83
12862,,,,0.0,0,92
12863,1.0,,1.0,1.0,1,91
12864,,,,0.0,0,92
12865,3.0,4.131182235954578,2.0,18.0,16,76
12866,,,,0.0,0,92
12867,2.411764705882353,1.5024489812224806,2.0,6.0,17,75
12868,4.28,5.7046764442283076,3.0,30.0,25,67
12869,2.6842105263157894,1.8871681188415432,2.0,7.0,19,73
12870,,,,0.0,0,92
12871,8.0,15.971850237214221,2.0,62.0,21,71
12872,4.066666666666666,5.419844337587396,3.0,31.0,30,62
12873,1.0,0.0,1.0,1.0,6,86
12874,1.3333333333333333,0.5163977794943222,1.0,2.0,6,86
12875,15.090909090909092,32.066975365489476,1.0,97.0,11,81
12876,25.2,75.12774306325046,1.0,239.0,10,82
12877,18.333333333333332,23.649399942642496,5.0,71.0,18,74
12878,1.5,0.7071067811865476,1.5,2.0,2,90
12879,,,,0.0,0,92
12880,1.1818181818181819,0.40451991747794525,1.0,2.0,11,81
12881,4.230769230769231,9.407163279400928,2.0,67.0,52,40
12882,14.0,12.84523257866513,10.0,36.0,9,83
12883,3.5555555555555554,4.126472801046649,1.0,12.0,9,83
12884,18.470588235294116,66.9213105714767,3.0,391.0,68,24
12885,10.552238805970148,42.17685836184863,3.0,327.0,67,25
12886,2.9,2.64365067451978,2.0,9.0,10,82
12887,14.222222222222221,12.745369529536774,10.0,30.0,9,83
12888,1.0,0.0,1.0,1.0,2,90
12890,4.3076923076923075,5.344539509078642,2.0,20.0,13,79
12891,1.5555555555555556,0.5270462766947299,2.0,2.0,9,83
12893,,,,0.0,0,92
12895,,,,0.0,0,92
12896,1.0,,1.0,1.0,1,91
12898,4.6,4.9295030175464944,1.0,10.0,5,87
12899,,,,0.0,0,92
12900,1.0,0.0,1.0,1.0,4,88
12901,1.8,0.44721359549995804,2.0,2.0,5,87
12903,1.0,,1.0,1.0,1,91
12905,,,,0.0,0,92
12909,,,,0.0,0,92
12910,,,,0.0,0,92
12911,,,,0.0,0,92
12912,1.25,0.5,1.0,2.0,4,88
12919,,,,0.0,0,92
12920,1.0,,1.0,1.0,1,91
12921,3.0,2.8284271247461903,3.0,5.0,2,90
12922,,,,0.0,0,92
12923,,,,0.0,0,92
12926,,,,0.0,0,92
12927,,,,0.0,0,92
12929,1.0,,1.0,1.0,1,91
12930,,,,0.0,0,92
12931,,,,0.0,0,92
12933,,,,0.0,0,92
12934,1.0,,1.0,1.0,1,91
12935,1.5,0.7071067811865476,1.5,2.0,2,90
12936,1.0,,1.0,1.0,1,91
12937,,,,0.0,0,92
12939,,,,0.0,0,92
12940,,,,0.0,0,92
12941,,,,0.0,0,92
12942,1.0,0.0,1.0,1.0,2,90
12943,1.0,,1.0,1.0,1,91
12945,,,,0.0,0,92
12947,,,,0.0,0,92
12950,,,,0.0,0,92
12952,,,,0.0,0,92
12953,,,,0.0,0,92
12954,,,,0.0,0,92
12955,,,,0.0,0,92
12957,,,,0.0,0,92
12959,,,,0.0,0,92
12960,,,,0.0,0,92
12961,,,,0.0,0,92
12963,1.0,0.0,1.0,1.0,3,89
12964,1.25,0.5,1.0,2.0,4,88
12965,1.3076923076923077,0.6304251719561151,1.0,3.0,13,79
12966,1.0,,1.0,1.0,1,91
12967,,,,0.0,0,92
12968,,,,0.0,0,92
12969,2.0,1.7320508075688772,1.0,4.0,3,89
12970,1.0,0.0,1.0,1.0,5,87
12972,1.0,0.0,1.0,1.0,4,88
12973,1.0,0.0,1.0,1.0,5,87
12974,1.5,0.5773502691896257,1.5,2.0,4,88
12975,1.3333333333333333,0.5773502691896257,1.0,2.0,3,89
12976,1.5,0.7071067811865476,1.5,2.0,2,90
12977,1.7692307692307692,0.9268086959962983,2.0,4.0,13,79
12978,1.0,,1.0,1.0,1,91
12979,1.0,,1.0,1.0,1,91
12980,,,,0.0,0,92
12981,,,,0.0,0,92
12982,1.6666666666666667,0.5773502691896257,2.0,2.0,3,89
12983,1.0,,1.0,1.0,1,91
12984,1.0,0.0,1.0,1.0,4,88
12985,1.0,,1.0,1.0,1,91
12986,1.0,0.0,1.0,1.0,3,89
12987,1.0,,1.0,1.0,1,91
12988,1.2,0.44721359549995804,1.0,2.0,5,87
12989,,,,0.0,0,92
12990,1.1818181818181819,0.40451991747794525,1.0,2.0,11,81
12991,1.25,0.5,1.0,2.0,4,88
12992,1.0,0.0,1.0,1.0,3,89
12993,2.0,0.0,2.0,2.0,3,89
12995,1.7777777777777777,1.6414763002993507,1.0,6.0,9,83
12998,,,,0.0,0,92
12999,,,,0.0,0,92
13001,,,,0.0,0,92
13002,2.0,,2.0,2.0,1,91
13003,,,,0.0,0,92
13005,1.0,0.0,1.0,1.0,2,90
13006,1.1428571428571428,0.37796447300922725,1.0,2.0,7,85
13007,1.0,0.0,1.0,1.0,2,90
13008,1.0,0.0,1.0,1.0,6,86
13009,1.0,0.0,1.0,1.0,2,90
13010,1.0,,1.0,1.0,1,91
13011,,,,0.0,0,92
13012,1.0,,1.0,1.0,1,91
13013,1.1666666666666667,0.408248290463863,1.0,2.0,6,86
13016,,,,0.0,0,92
13019,,,,0.0,0,92
13022,10.0,0.0,10.0,10.0,3,89
13023,20.0,,20.0,20.0,1,91
13024,100.0,,100.0,100.0,1,91
13025,,,,0.0,0,92
13026,,,,0.0,0,92
13027,16.666666666666668,5.773502691896257,20.0,20.0,3,89
13028,,,,0.0,0,92
13029,,,,0.0,0,92
13030,20.0,0.0,20.0,20.0,2,90
13031,,,,0.0,0,92
13034,40.0,,40.0,40.0,1,91
13036,,,,0.0,0,92
13040,,,,0.0,0,92
13041,1.5,0.7071067811865476,1.5,2.0,2,90
13042,1.0,,1.0,1.0,1,91
13043,,,,0.0,0,92
13044,2.0,,2.0,2.0,1,91
13045,,,,0.0,0,92
13047,,,,0.0,0,92
13048,2.0,,2.0,2.0,1,91
13049,1.7777777777777777,0.97182531580755,1.0,3.0,9,83
13050,1.0,0.0,1.0,1.0,2,90
13051,2.3333333333333335,0.5773502691896258,2.0,3.0,3,89
13052,2.2222222222222223,1.7159383568311666,1.0,5.0,9,83
13053,4.0,5.196152422706632,1.0,10.0,3,89
13054,2.0,,2.0,2.0,1,91
13055,,,,0.0,0,92
13056,2.0,,2.0,2.0,1,91
13057,1.0,,1.0,1.0,1,91
13058,1.0,,1.0,1.0,1,91
13059,,,,0.0,0,92
13060,,,,0.0,0,92
13062,,,,0.0,0,92
13063,,,,0.0,0,92
13064,1.5,0.7071067811865476,1.5,2.0,2,90
13070,1.0,,1.0,1.0,1,91
13072,,,,0.0,0,92
13074,1.6,0.5477225575051661,2.0,2.0,5,87
13075,,,,0.0,0,92
13077,,,,0.0,0,92
13078,2.0,,2.0,2.0,1,91
13079,1.0,,1.0,1.0,1,91
13082,1.0,,1.0,1.0,1,91
13083,,,,0.0,0,92
13084,1.0,0.0,1.0,1.0,2,90
13085,,,,0.0,0,92
13090,,,,0.0,0,92
13093,,,,0.0,0,92
13098,,,,0.0,0,92
13099,,,,0.0,0,92
13100,,,,0.0,0,92
13103,,,,0.0,0,92
13104,,,,0.0,0,92
13106,,,,0.0,0,92
13107,,,,0.0,0,92
13109,,,,0.0,0,92
13113,,,,0.0,0,92
13119,,,,0.0,0,92
13120,,,,0.0,0,92
13124,4.0,,4.0,4.0,1,91
13125,,,,0.0,0,92
13126,1.25,0.5,1.0,2.0,4,88
13127,,,,0.0,0,92
13128,,,,0.0,0,92
13132,,,,0.0,0,92
13135,2.5714285714285716,1.5118578920369088,2.0,5.0,7,85
13136,,,,0.0,0,92
13137,1.4166666666666667,0.5149286505444373,1.0,2.0,12,80
13138,1.25,0.5,1.0,2.0,4,88
13140,,,,0.0,0,92
13141,,,,0.0,0,92
13142,,,,0.0,0,92
13143,1.0,0.0,1.0,1.0,2,90
13144,,,,0.0,0,92
13145,,,,0.0,0,92
13146,,,,0.0,0,92
13147,,,,0.0,0,92
13149,,,,0.0,0,92
13152,1.6875,0.895778630487862,1.0,4.0,32,60
13157,2.0,,2.0,2.0,1,91
13158,,,,0.0,0,92
13171,,,,0.0,0,92
13172,3.0,,3.0,3.0,1,91
13176,10.0,,10.0,10.0,1,91
13177,,,,0.0,0,92
13179,,,,0.0,0,92
13180,,,,0.0,0,92
13181,3.0,,3.0,3.0,1,91
13182,3.0,,3.0,3.0,1,91
13183,,,,0.0,0,92
13185,,,,0.0,0,92
13186,1.0,,1.0,1.0,1,91
13188,,,,0.0,0,92
13189,,,,0.0,0,92
13190,,,,0.0,0,92
13191,1.0,,1.0,1.0,1,91
13193,1.5,0.7071067811865476,1.5,2.0,2,90
13194,,,,0.0,0,92
13195,,,,0.0,0,92
13196,,,,0.0,0,92
13198,1.0,0.0,1.0,1.0,3,89
13200,,,,0.0,0,92
13201,,,,0.0,0,92
13202,,,,0.0,0,92
13203,,,,0.0,0,92
13205,,,,0.0,0,92
13207,,,,0.0,0,92
13211,1.0,0.0,1.0,1.0,3,89
13212,,,,0.0,0,92
13214,,,,0.0,0,92
13215,1.1666666666666667,0.408248290463863,1.0,2.0,6,86
13217,,,,0.0,0,92
13223,1.0,0.0,1.0,1.0,2,90
13226,1.0,,1.0,1.0,1,91
13229,1.0,,1.0,1.0,1,91
13231,,,,0.0,0,92
13232,,,,0.0,0,92
13233,,,,0.0,0,92
13234,,,,0.0,0,92
13235,,,,0.0,0,92
13236,,,,0.0,0,92
13239,1.0,,1.0,1.0,1,91
13240,,,,0.0,0,92
13242,,,,0.0,0,92
13243,,,,0.0,0,92
13247,,,,0.0,0,92
13248,5.0,0.0,5.0,5.0,2,90
13249,,,,0.0,0,92
13250,5.0,,5.0,5.0,1,91
13251,,,,0.0,0,92
13252,,,,0.0,0,92
13253,,,,0.0,0,92
13254,,,,0.0,0,92
13255,,,,0.0,0,92
13257,,,,0.0,0,92
13258,,,,0.0,0,92
13259,,,,0.0,0,92
13260,,,,0.0,0,92
13261,,,,0.0,0,92
13263,,,,0.0,0,92
13265,,,,0.0,0,92
13267,1.0,0.0,1.0,1.0,2,90
13268,,,,0.0,0,92
13269,1.0,,1.0,1.0,1,91
13271,,,,0.0,0,92
13272,1.0,0.0,1.0,1.0,2,90
13273,,,,0.0,0,92
13274,1.0,,1.0,1.0,1,91
13279,2.0,,2.0,2.0,1,91
13280,,,,0.0,0,92
13281,2.5,0.7071067811865476,2.5,3.0,2,90
13282,2.5,2.1213203435596424,2.5,4.0,2,90
13284,,,,0.0,0,92
13285,6.0,,6.0,6.0,1,91
13286,3.5,3.5355339059327378,3.5,6.0,2,90
13288,,,,0.0,0,92
13290,4.0,,4.0,4.0,1,91
13292,4.2727272727272725,3.1965890912317487,4.0,13.0,11,81
13293,4.0,0.0,4.0,4.0,2,90
13294,3.5,0.7071067811865476,3.5,4.0,2,90
13297,1.0,,1.0,1.0,1,91
13298,,,,0.0,0,92
13299,,,,0.0,0,92
13301,1.0,0.0,1.0,1.0,3,89
13302,1.5714285714285714,0.9759000729485331,1.0,3.0,7,85
13303,,,,0.0,0,92
13304,,,,0.0,0,92
13307,1.0,0.0,1.0,1.0,2,90
13310,,,,0.0,0,92
13311,,,,0.0,0,92
13313,,,,0.0,0,92
13314,1.0,,1.0,1.0,1,91
13315,,,,0.0,0,92
13316,,,,0.0,0,92
13317,,,,0.0,0,92
13319,2.0,,2.0,2.0,1,91
13320,2.0,0.0,2.0,2.0,2,90
13321,3.5,0.7071067811865476,3.5,4.0,2,90
13322,,,,0.0,0,92
13323,,,,0.0,0,92
13328,1.0,,1.0,1.0,1,91
13330,25.9,38.08563757472998,6.0,129.0,20,72
13333,,,,0.0,0,92
13334,8.25,5.852349955359813,8.5,15.0,4,88
13335,2.0,,2.0,2.0,1,91
13336,,,,0.0,0,92
13337,2.5,0.7071067811865476,2.5,3.0,2,90
13338,3.625,1.1877349391654208,3.0,5.0,8,84
13339,3.7142857142857144,0.9511897312113419,3.0,5.0,7,85
13340,1.0,,1.0,1.0,1,91
13341,,,,0.0,0,92
13342,1.0,,1.0,1.0,1,91
13353,,,,0.0,0,92
13356,,,,0.0,0,92
13357,,,,0.0,0,92
13358,,,,0.0,0,92
13359,,,,0.0,0,92
13360,,,,0.0,0,92
13361,,,,0.0,0,92
13363,,,,0.0,0,92
13371,2.0,,2.0,2.0,1,91
13373,1.5,0.7071067811865476,1.5,2.0,2,90
13374,2.0,1.4142135623730951,2.0,3.0,2,90
13375,1.5,0.7071067811865476,1.5,2.0,2,90
13376,1.0,,1.0,1.0,1,91
13377,,,,0.0,0,92
13378,,,,0.0,0,92
13379,,,,0.0,0,92
13383,,,,0.0,0,92
13384,1.5,0.7071067811865476,1.5,2.0,2,90
13386,,,,0.0,0,92
13388,,,,0.0,0,92
13389,,,,0.0,0,92
13390,,,,0.0,0,92
13391,,,,0.0,0,92
13392,,,,0.0,0,92
13393,3.3333333333333335,1.5275252316519465,3.0,5.0,3,89
13394,,,,0.0,0,92
13396,,,,0.0,0,92
13398,,,,0.0,0,92
13400,3.0,1.7320508075688772,2.0,5.0,3,89
13402,2.5,0.7071067811865476,2.5,3.0,2,90
13403,,,,0.0,0,92
13404,,,,0.0,0,92
13405,,,,0.0,0,92
13406,,,,0.0,0,92
13407,,,,0.0,0,92
13408,,,,0.0,0,92
13409,2.0,0.0,2.0,2.0,2,90
13410,1.6666666666666667,0.5773502691896257,2.0,2.0,3,89
13411,1.0,,1.0,1.0,1,91
13412,,,,0.0,0,92
13413,,,,0.0,0,92
13414,,,,0.0,0,92
13415,,,,0.0,0,92
13416,1.8,0.44721359549995804,2.0,2.0,5,87
13417,,,,0.0,0,92
13421,,,,0.0,0,92
13422,,,,0.0,0,92
13423,,,,0.0,0,92
13424,,,,0.0,0,92
13425,,,,0.0,0,92
13428,1.6666666666666667,0.5773502691896257,2.0,2.0,3,89
13429,,,,0.0,0,92
13431,,,,0.0,0,92
13435,,,,0.0,0,92
13437,1.0,,1.0,1.0,1,91
13439,,,,0.0,0,92
13440,,,,0.0,0,92
13443,,,,0.0,0,92
13444,1.0,0.0,1.0,1.0,4,88
13445,,,,0.0,0,92
13449,,,,0.0,0,92
13450,1.0,,1.0,1.0,1,91
13452,1.0,,1.0,1.0,1,91
13453,,,,0.0,0,92
13456,,,,0.0,0,92
13457,,,,0.0,0,92
13458,,,,0.0,0,92
13463,2.3333333333333335,2.3094010767585034,1.0,5.0,3,89
13464,,,,0.0,0,92
13466,3.0,,3.0,3.0,1,91
13467,,,,0.0,0,92
13470,,,,0.0,0,92
13471,,,,0.0,0,92
13472,5.0,,5.0,5.0,1,91
13474,,,,0.0,0,92
13475,,,,0.0,0,92
13476,,,,0.0,0,92
13477,,,,0.0,0,92
13478,,,,0.0,0,92
13480,,,,0.0,0,92
13481,,,,0.0,0,92
13482,1.0,0.0,1.0,1.0,2,90
13485,,,,0.0,0,92
13486,,,,0.0,0,92
13487,,,,0.0,0,92
13491,,,,0.0,0,92
13493,,,,0.0,0,92
13494,6.666666666666667,4.932882862316247,9.0,10.0,3,89
13495,1.0,0.0,1.0,1.0,2,90
13497,1.0,,1.0,1.0,1,91
13499,7.3,5.1650535116083525,5.5,20.0,10,82
13500,,,,0.0,0,92
13502,,,,0.0,0,92
13504,1.0,,1.0,1.0,1,91
13505,1.0,,1.0,1.0,1,91
13506,,,,0.0,0,92
13507,,,,0.0,0,92
13508,,,,0.0,0,92
13509,,,,0.0,0,92
13510,,,,0.0,0,92
13514,,,,0.0,0,92
13515,1.0,,1.0,1.0,1,91
13517,1.0,,1.0,1.0,1,91
13518,1.0,,1.0,1.0,1,91
13520,,,,0.0,0,92
13521,1.0,,1.0,1.0,1,91
13522,5.8,2.588435821108957,5.0,10.0,5,87
13524,,,,0.0,0,92
13526,,,,0.0,0,92
13527,1.5,0.7071067811865476,1.5,2.0,2,90
13528,,,,0.0,0,92
13529,,,,0.0,0,92
13531,,,,0.0,0,92
13532,,,,0.0,0,92
13534,,,,0.0,0,92
13537,,,,0.0,0,92
13538,,,,0.0,0,92
13539,,,,0.0,0,92
13540,,,,0.0,0,92
13541,,,,0.0,0,92
13542,,,,0.0,0,92
13543,,,,0.0,0,92
13547,,,,0.0,0,92
13548,,,,0.0,0,92
13549,1.5,0.7071067811865476,1.5,2.0,2,90
13550,1.0,,1.0,1.0,1,91
13551,1.0,,1.0,1.0,1,91
13555,2.0,,2.0,2.0,1,91
13556,,,,0.0,0,92
13560,,,,0.0,0,92
13562,1.0,,1.0,1.0,1,91
13563,,,,0.0,0,92
13565,1.0,,1.0,1.0,1,91
13568,1.6071428571428572,1.1001442906807544,1.0,6.0,28,64
13570,,,,0.0,0,92
13582,,,,0.0,0,92
13583,,,,0.0,0,92
13585,,,,0.0,0,92
13587,1.6666666666666667,0.5773502691896257,2.0,2.0,3,89
13588,1.0,,1.0,1.0,1,91
13589,,,,0.0,0,92
13590,,,,0.0,0,92
13592,,,,0.0,0,92
13593,,,,0.0,0,92
13595,,,,0.0,0,92
13597,8.0,,8.0,8.0,1,91
13599,,,,0.0,0,92
13601,,,,0.0,0,92
13602,1.0,,1.0,1.0,1,91
13604,2.0,1.4142135623730951,2.0,3.0,2,90
13605,2.0,1.4142135623730951,2.0,3.0,2,90
13606,1.0,0.0,1.0,1.0,2,90
13615,,,,0.0,0,92
13616,1.5,0.7071067811865476,1.5,2.0,2,90
13617,2.0,,2.0,2.0,1,91
13621,,,,0.0,0,92
13622,,,,0.0,0,92
13623,,,,0.0,0,92
13624,1.0,0.0,1.0,1.0,2,90
13625,,,,0.0,0,92
13627,,,,0.0,0,92
13628,,,,0.0,0,92
13630,,,,0.0,0,92
13631,,,,0.0,0,92
13632,,,,0.0,0,92
13634,1.0,0.0,1.0,1.0,4,88
13638,1.0,,1.0,1.0,1,91
13651,,,,0.0,0,92
13652,,,,0.0,0,92
13655,1.0,0.0,1.0,1.0,3,89
13657,,,,0.0,0,92
13760,1.7692307692307692,1.4806443503784736,1.0,6.0,13,79
13761,13.296296296296296,9.518463090286142,11.0,34.0,27,65
13764,1.0,,1.0,1.0,1,91
13766,,,,0.0,0,92
13768,,,,0.0,0,92
13769,,,,0.0,0,92
13770,2.0,,2.0,2.0,1,91
13772,,,,0.0,0,92
13773,1.0,0.0,1.0,1.0,3,89
13774,1.5714285714285714,0.937614461876991,1.0,4.0,14,78
13775,1.0,0.0,1.0,1.0,8,84
13776,1.6,0.8944271909999159,1.0,3.0,5,87
13777,,,,0.0,0,92
13778,,,,0.0,0,92
13780,1.0,0.0,1.0,1.0,6,86
13781,1.5,0.5773502691896257,1.5,2.0,4,88
13782,,,,0.0,0,92
13783,1.6470588235294117,1.1147408034263075,1.0,4.0,17,75
13784,,,,0.0,0,92
13786,1.0,0.0,1.0,1.0,2,90
13787,,,,0.0,0,92
13788,,,,0.0,0,92
13790,1.0,0.0,1.0,1.0,2,90
13792,,,,0.0,0,92
13795,1.0,,1.0,1.0,1,91
13796,3.0,2.23606797749979,2.0,7.0,9,83
13797,1.5,0.7071067811865476,1.0,3.0,10,82
13798,1.0,0.0,1.0,1.0,5,87
13799,1.0,0.0,1.0,1.0,3,89
13800,,,,0.0,0,92
13801,1.7272727272727273,0.5504818825631804,2.0,3.0,22,70
13802,1.6923076923076923,0.9473309334313418,1.0,4.0,13,79
13803,1.0,0.0,1.0,1.0,3,89
13804,,,,0.0,0,92
13805,5.0,,5.0,5.0,1,91
13806,,,,0.0,0,92
13807,1.3529411764705883,0.7859052479933757,1.0,4.0,17,75
13808,2.2,0.8366600265340756,2.0,3.0,5,87
13809,,,,0.0,0,92
13810,,,,0.0,0,92
13811,,,,0.0,0,92
13812,,,,0.0,0,92
13813,,,,0.0,0,92
13814,,,,0.0,0,92
13815,,,,0.0,0,92
13816,1.3333333333333333,0.5163977794943222,1.0,2.0,6,86
13817,,,,0.0,0,92
13818,,,,0.0,0,92
13819,,,,0.0,0,92
13820,3.4,1.816590212458495,3.0,6.0,5,87
13821,,,,0.0,0,92
13822,1.0,,1.0,1.0,1,91
13823,,,,0.0,0,92
13824,1.8571428571428572,1.8644544714716085,1.0,6.0,7,85
13825,,,,0.0,0,92
13826,3.0,,3.0,3.0,1,91
13827,,,,0.0,0,92
13828,,,,0.0,0,92
13829,1.6521739130434783,0.9820523802070619,1.0,4.0,23,69
13830,2.85,1.7554426642213128,2.5,6.0,20,72
13832,,,,0.0,0,92
13833,,,,0.0,0,92
13836,,,,0.0,0,92
13837,,,,0.0,0,92
13838,,,,0.0,0,92
13839,,,,0.0,0,92
13840,3.75,3.058944729337694,2.0,10.0,8,84
13841,,,,0.0,0,92
13842,1.6666666666666667,0.5773502691896257,2.0,2.0,3,89
13843,,,,0.0,0,92
13844,1.0,,1.0,1.0,1,91
13845,1.3333333333333333,0.5773502691896257,1.0,2.0,3,89
13847,,,,0.0,0,92
13848,5.583333333333333,1.3113721705515065,6.0,8.0,12,80
13851,2.3333333333333335,1.5275252316519468,2.0,4.0,3,89
13852,1.0,,1.0,1.0,1,91
13853,2.0,,2.0,2.0,1,91
13854,,,,0.0,0,92
13856,1.9444444444444444,1.3491706481792793,1.5,6.0,18,74
13857,,,,0.0,0,92
13858,2.891891891891892,1.8824302227555592,3.0,7.0,37,55
13859,,,,0.0,0,92
13864,2.0,,2.0,2.0,1,91
13865,,,,0.0,0,92
13868,4.333333333333333,0.5773502691896258,4.0,5.0,3,89
13869,,,,0.0,0,92
13873,3.0,,3.0,3.0,1,91
13874,,,,0.0,0,92
13875,,,,0.0,0,92
13876,,,,0.0,0,92
13877,,,,0.0,0,92
13879,,,,0.0,0,92
13880,,,,0.0,0,92
13881,6.8,4.147288270665544,6.0,12.0,5,87
13883,,,,0.0,0,92
13884,1.5,0.5773502691896257,1.5,2.0,4,88
13885,3.5,2.1213203435596424,3.5,5.0,2,90
13893,,,,0.0,0,92
13896,,,,0.0,0,92
13897,,,,0.0,0,92
13898,2.0,,2.0,2.0,1,91
13899,,,,0.0,0,92
13900,10.0,,10.0,10.0,1,91
13902,,,,0.0,0,92
13903,1.0,0.0,1.0,1.0,2,90
13906,,,,0.0,0,92
13955,10.0,,10.0,10.0,1,91
13956,13.333333333333334,5.773502691896257,10.0,20.0,3,89
13957,16.666666666666668,8.164965809277259,15.0,30.0,6,86
13958,18.0,4.47213595499958,20.0,20.0,5,87
13959,,,,0.0,0,92
13960,500.0,,500.0,500.0,1,91
13961,10.0,,10.0,10.0,1,91
13962,,,,0.0,0,92
13963,20.0,,20.0,20.0,1,91
13964,102.5,77.62087348130012,100.0,200.0,4,88
13965,,,,0.0,0,92
13966,20.0,,20.0,20.0,1,91
13967,25.0,22.211108331943574,20.0,100.0,16,76
13968,,,,0.0,0,92
13969,212.0,163.62558887085277,150.0,500.0,10,82
13970,18.333333333333332,25.878504008094627,10.0,100.0,12,80
13971,55.0,63.63961030678928,55.0,100.0,2,90
13972,27.333333333333332,30.81434421700078,10.0,100.0,15,77
13973,,,,0.0,0,92
14056,,,,0.0,0,92
14057,,,,0.0,0,92
14058,6.1,13.579783735972729,2.0,62.0,20,72
14060,4.8,3.1144823004794873,4.0,10.0,5,87
14158,19.296703296703296,12.01526298366143,17.0,77.0,91,1
14160,,,,0.0,0,92
14163,1.2,0.44721359549995804,1.0,2.0,5,87
14164,5.5,1.224744871391589,6.0,6.0,6,86
14165,,,,0.0,0,92
14166,3.608695652173913,3.555766901931222,2.0,12.0,46,46
14169,2.4,1.51657508881031,2.0,5.0,5,87
14170,,,,0.0,0,92
14171,,,,0.0,0,92
14172,,,,0.0,0,92
14173,,,,0.0,0,92
14175,2.736842105263158,2.0505312391117334,2.0,10.0,19,73
14176,6.666666666666667,6.2511537396646295,4.0,28.0,27,65
14177,,,,0.0,0,92
14178,,,,0.0,0,92
14179,,,,0.0,0,92
14180,,,,0.0,0,92
14182,,,,0.0,0,92
14183,3.0,,3.0,3.0,1,91
14185,,,,0.0,0,92
14187,,,,0.0,0,92
14188,,,,0.0,0,92
14189,1.0,0.0,1.0,1.0,2,90
14190,,,,0.0,0,92
14192,3.75,1.2583057392117916,4.0,5.0,4,88
14193,1.0,0.0,1.0,1.0,2,90
14194,1.0,,1.0,1.0,1,91
14195,1.0,0.0,1.0,1.0,8,84
14196,,,,0.0,0,92
14197,,,,0.0,0,92
14198,5.444444444444445,10.865674994300218,2.0,68.0,54,38
14199,3.4545454545454546,6.345056363795382,2.0,23.0,22,70
14200,,,,0.0,0,92
14201,,,,0.0,0,92
14204,1.8,0.8366600265340756,2.0,3.0,5,87
14205,2.125,1.6420805617960927,2.0,6.0,8,84
14206,9.8,7.463243262818116,7.0,20.0,5,87
14207,1.6,0.9660917830792959,1.0,4.0,10,82
14209,5.428571428571429,10.089707518169087,1.0,32.0,14,78
14211,,,,0.0,0,92
14212,,,,0.0,0,92
14213,,,,0.0,0,92
14215,11.384615384615385,18.836715805792107,5.0,90.0,39,53
14216,,,,0.0,0,92
14217,4.571428571428571,5.159365040297849,2.0,16.0,7,85
14219,,,,0.0,0,92
14220,1.3333333333333333,0.5773502691896257,1.0,2.0,3,89
14221,17.75,33.46106479391917,5.5,100.0,8,84
14222,10.719101123595506,7.037220467635809,9.0,37.0,89,3
14223,,,,0.0,0,92
14224,1.5,0.7071067811865476,1.5,2.0,2,90
14226,,,,0.0,0,92
14227,,,,0.0,0,92
14228,,,,0.0,0,92
14229,1.1428571428571428,0.3779644730092273,1.0,2.0,7,85
14230,1.8857142857142857,1.4094518870286914,1.0,7.0,35,57
14231,,,,0.0,0,92
14269,,,,0.0,0,92
14270,,,,0.0,0,92
14272,,,,0.0,0,92
14369,,,,0.0,0,92
14469,1.5,0.9737945687202026,1.0,5.0,30,62
14470,13.727272727272727,9.68663340937454,12.0,45.0,44,48
14471,,,,0.0,0,92
14473,,,,0.0,0,92
14474,31.791666666666668,27.628198925853365,21.0,110.0,48,44
14477,,,,0.0,0,92
14478,,,,0.0,0,92
14479,2.227272727272727,1.7709781580707415,1.0,6.0,22,70
14480,1.0,0.0,1.0,1.0,2,90
14481,1.0,,1.0,1.0,1,91
14482,1.0,0.0,1.0,1.0,2,90
14483,14.222222222222221,20.33947994527993,4.0,50.0,9,83
14484,1.9130434782608696,1.3112465782349276,1.0,6.0,23,69
14485,1.0,0.0,1.0,1.0,2,90
14488,,,,0.0,0,92
14489,,,,0.0,0,92
14490,23.0,16.801360489130463,24.0,60.0,8,84
14491,,,,0.0,0,92
14492,,,,0.0,0,92
14493,,,,0.0,0,92
14494,,,,0.0,0,92
14496,2.5,2.1213203435596424,2.5,4.0,2,90
14497,1.3333333333333333,0.5773502691896257,1.0,2.0,3,89
14498,51.6,27.489391893358917,50.0,100.0,25,67
14499,,,,0.0,0,92
14500,6.714285714285714,3.450327796711771,6.0,10.0,7,85
14501,4.857142857142857,2.5448360411214073,5.0,10.0,7,85
14502,4.0,1.4142135623730951,4.0,5.0,2,90
14503,,,,0.0,0,92
14504,,,,0.0,0,92
14505,,,,0.0,0,92
14506,,,,0.0,0,92
14507,,,,0.0,0,92
14508,,,,0.0,0,92
14510,,,,0.0,0,92
14511,,,,0.0,0,92
14513,,,,0.0,0,92
14516,1.0,,1.0,1.0,1,91
14517,3.675,2.2576082192875875,4.0,10.0,40,52
14518,,,,0.0,0,92
14520,,,,0.0,0,92
14522,,,,0.0,0,92
14524,,,,0.0,0,92
14525,6.0,0.0,6.0,6.0,2,90
14526,42.0,26.648294109517938,36.0,112.0,77,15
14527,2.7560975609756095,2.199778259335223,2.0,9.0,41,51
14529,,,,0.0,0,92
14530,1.0,,1.0,1.0,1,91
14532,,,,0.0,0,92
14533,,,,0.0,0,92
14534,,,,0.0,0,92
14537,,,,0.0,0,92
14538,1.0,,1.0,1.0,1,91
14539,2.0,,2.0,2.0,1,91
14542,1.0,0.0,1.0,1.0,3,89
14544,,,,0.0,0,92
14545,,,,0.0,0,92
14546,,,,0.0,0,92
14547,,,,0.0,0,92
14548,,,,0.0,0,92
14549,,,,0.0,0,92
14569,,,,0.0,0,92
14669,,,,0.0,0,92
14670,1.7142857142857142,0.8967902788460658,1.5,4.0,28,64
14672,,,,0.0,0,92
14673,1.0,0.0,1.0,1.0,6,86
14674,,,,0.0,0,92
14675,2.6666666666666665,2.081665999466133,2.0,5.0,3,89
14676,,,,0.0,0,92
14677,1.0,,1.0,1.0,1,91
14678,,,,0.0,0,92
14679,,,,0.0,0,92
14769,,,,0.0,0,92
14771,1.8333333333333333,1.1361250555480114,1.5,6.0,48,44
14774,,,,0.0,0,92
14777,,,,0.0,0,92
14779,,,,0.0,0,92
14780,,,,0.0,0,92
14781,,,,0.0,0,92
14782,,,,0.0,0,92
14783,,,,0.0,0,92
14785,,,,0.0,0,92
14787,20.75,5.737304826019502,22.0,26.0,4,88
14798,1.0,0.0,1.0,1.0,12,80
14799,1.7777777777777777,1.3017082793177759,1.0,5.0,9,83
14800,1.0,0.0,1.0,1.0,2,90
14801,1.0,,1.0,1.0,1,91
14802,,,,0.0,0,92
14803,1.5,0.5477225575051661,1.5,2.0,6,86
14806,1.0,0.0,1.0,1.0,4,88
14808,,,,0.0,0,92
14809,,,,0.0,0,92
14810,1.0,0.0,1.0,1.0,3,89
14811,1.2857142857142858,0.4879500364742666,1.0,2.0,7,85
14812,,,,0.0,0,92
14813,1.0,0.0,1.0,1.0,3,89
14815,,,,0.0,0,92
14816,20.0,,20.0,20.0,1,91
14818,,,,0.0,0,92
14820,,,,0.0,0,92
14822,,,,0.0,0,92
14824,,,,0.0,0,92
14825,2.1666666666666665,0.752772652709081,2.0,3.0,6,86
14826,1.0,0.0,1.0,1.0,4,88
14828,,,,0.0,0,92
14829,,,,0.0,0,92
14831,4.0,0.0,4.0,4.0,2,90
14832,1.6666666666666667,0.816496580927726,1.5,3.0,6,86
14836,1.0,,1.0,1.0,1,91
14837,1.7777777777777777,0.7320844981409595,2.0,3.0,18,74
14838,,,,0.0,0,92
14840,,,,0.0,0,92
14842,2.183673469387755,1.550181029586479,2.0,9.0,49,43
14844,1.3636363636363635,0.7267314002700916,1.0,4.0,22,70
14845,,,,0.0,0,92
14846,1.3529411764705883,0.7859052479933757,1.0,4.0,17,75
14847,1.4848484848484849,0.9721500694726908,1.0,5.0,33,59
14848,4.818181818181818,2.0847830453839427,5.0,10.0,22,70
14849,,,,0.0,0,92
14850,,,,0.0,0,92
14851,2.3333333333333335,2.3094010767585034,1.0,5.0,3,89
14852,1.0,,1.0,1.0,1,91
14853,,,,0.0,0,92
14854,,,,0.0,0,92
14855,1.4545454545454546,1.2135597524338357,1.0,5.0,11,81
14856,2.0307692307692307,1.4574081314231995,2.0,9.0,65,27
14858,1.105263157894737,0.3153017676423058,1.0,2.0,19,73
14859,2.8,3.856240168258989,2.0,23.0,35,57
14860,2.0,1.224744871391589,2.0,4.0,9,83
14861,2.0,,2.0,2.0,1,91
14862,1.1818181818181819,0.6030226891555273,1.0,3.0,11,81
14863,,,,0.0,0,92
14864,,,,0.0,0,92
14865,,,,0.0,0,92
14866,,,,0.0,0,92
14868,1.8205128205128205,1.232707650315799,1.0,5.0,39,53
14869,2.7966101694915255,1.9456375696178851,2.0,10.0,59,33
14870,1.3823529411764706,0.6969503213613096,1.0,3.0,34,58
14871,1.6756756756756757,1.1560001454741848,1.0,7.0,37,55
14872,2.25,1.0645812948447542,2.0,4.0,16,76
14875,1.0,0.0,1.0,1.0,5,87
14876,,,,0.0,0,92
14877,1.0,,1.0,1.0,1,91
14878,1.0,0.0,1.0,1.0,2,90
14879,,,,0.0,0,92
14888,,,,0.0,0,92
14889,,,,0.0,0,92
14891,,,,0.0,0,92
14892,,,,0.0,0,92
14897,,,,0.0,0,92
14900,1.1538461538461537,0.3755338080994054,1.0,2.0,13,79
14903,6.884615384615385,2.268513576365336,6.0,11.0,26,66
14904,,,,0.0,0,92
14905,,,,0.0,0,92
14906,1.3333333333333333,0.5773502691896257,1.0,2.0,3,89
14908,,,,0.0,0,92
14909,,,,0.0,0,92
14910,1.0,0.0,1.0,1.0,3,89
14911,3.0,1.4142135623730951,3.0,4.0,2,90
14912,,,,0.0,0,92
14913,3.6458333333333335,2.1975768408934435,3.0,9.0,48,44
14914,3.5294117647058822,2.5493349592399293,3.0,10.0,34,58
14916,1.6666666666666667,0.816496580927726,1.5,3.0,6,86
14917,3.8125,4.276247224211978,3.0,20.0,32,60
14918,1.0,0.0,1.0,1.0,3,89
14920,,,,0.0,0,92
14921,3.4285714285714284,1.7182493859684491,3.0,6.0,7,85
14922,,,,0.0,0,92
14924,,,,0.0,0,92
14925,,,,0.0,0,92
14926,,,,0.0,0,92
14927,,,,0.0,0,92
14928,,,,0.0,0,92
14929,,,,0.0,0,92
14930,,,,0.0,0,92
14931,1.0,,1.0,1.0,1,91
14932,,,,0.0,0,92
14933,,,,0.0,0,92
14934,2.909090909090909,3.175724684655027,2.0,12.0,33,59
14937,,,,0.0,0,92
14938,,,,0.0,0,92
14939,1.0,0.0,1.0,1.0,3,89
14941,1.0,0.0,1.0,1.0,2,90
14942,,,,0.0,0,92
14943,,,,0.0,0,92
14945,,,,0.0,0,92
14946,,,,0.0,0,92
14947,,,,0.0,0,92
14949,,,,0.0,0,92
14950,,,,0.0,0,92
14951,,,,0.0,0,92
14952,1.2,0.44721359549995804,1.0,2.0,5,87
14954,,,,0.0,0,92
14955,,,,0.0,0,92
14956,,,,0.0,0,92
14957,,,,0.0,0,92
14958,,,,0.0,0,92
14959,,,,0.0,0,92
14961,,,,0.0,0,92
14963,,,,0.0,0,92
14964,,,,0.0,0,92
14965,,,,0.0,0,92
14966,1.1111111111111112,0.33333333333333337,1.0,2.0,9,83
14967,,,,0.0,0,92
14968,,,,0.0,0,92
14969,,,,0.0,0,92
14970,,,,0.0,0,92
14971,,,,0.0,0,92
14972,,,,0.0,0,92
14973,,,,0.0,0,92
14974,1.5,0.5773502691896257,1.5,2.0,4,88
14975,1.0,,1.0,1.0,1,91
14976,2.230769230769231,0.7250110520819841,2.0,4.0,13,79
14977,2.6666666666666665,0.9128709291752768,2.0,5.0,21,71
14978,1.6415094339622642,0.9626553745248589,1.0,5.0,53,39
14981,,,,0.0,0,92
14982,,,,0.0,0,92
14984,,,,0.0,0,92
14985,,,,0.0,0,92
14986,,,,0.0,0,92
14987,,,,0.0,0,92
14988,,,,0.0,0,92
14989,,,,0.0,0,92
14990,,,,0.0,0,92
14991,,,,0.0,0,92
14992,,,,0.0,0,92
14993,,,,0.0,0,92
14995,,,,0.0,0,92
14996,,,,0.0,0,92
14997,,,,0.0,0,92
14998,,,,0.0,0,92
14999,,,,0.0,0,92
15001,1.5,0.5270462766947299,1.5,2.0,10,82
15002,1.4,0.6805570473787206,1.0,3.0,20,72
15003,,,,0.0,0,92
15004,1.5,0.7071067811865476,1.5,2.0,2,90
15005,,,,0.0,0,92
15008,,,,0.0,0,92
15009,2.0,,2.0,2.0,1,91
15010,2.3448275862068964,1.6317357556769658,2.0,7.0,29,63
15011,5.191780821917808,3.9988107059980815,4.0,16.0,73,19
15012,3.629032258064516,3.0040075471284444,3.0,12.0,62,30
15013,1.6333333333333333,0.9643054793328015,1.0,5.0,30,62
15014,1.0,,1.0,1.0,1,91
15015,2.238095238095238,1.7080801347729677,2.0,9.0,42,50
15018,1.0,0.0,1.0,1.0,4,88
15019,1.5833333333333333,0.5149286505444373,2.0,2.0,12,80
15020,5.888888888888889,4.361765697512878,5.0,25.0,81,11
15021,6.0,3.454776963997494,6.0,16.0,63,29
15080,,,,0.0,0,92
15081,2.0,0.0,2.0,2.0,2,90
15082,1.0,,1.0,1.0,1,91
15083,1.0,0.0,1.0,1.0,2,90
15084,,,,0.0,0,92
15086,3.0,,3.0,3.0,1,91
15088,,,,0.0,0,92
15173,,,,0.0,0,92
15174,3.0,2.788866755113585,1.5,9.0,10,82
15176,,,,0.0,0,92
15180,1.0,,1.0,1.0,1,91
15181,,,,0.0,0,92
15186,,,,0.0,0,92
15187,5.0,,5.0,5.0,1,91
15192,,,,0.0,0,92
15193,8.333333333333334,2.8867513459481287,10.0,10.0,3,89
15194,,,,0.0,0,92
15197,,,,0.0,0,92
15198,,,,0.0,0,92
15200,1.0,,1.0,1.0,1,91
15201,,,,0.0,0,92
15203,,,,0.0,0,92
15207,,,,0.0,0,92
15210,,,,0.0,0,92
15211,,,,0.0,0,92
15212,,,,0.0,0,92
15214,1.0,0.0,1.0,1.0,6,86
15215,,,,0.0,0,92
15216,,,,0.0,0,92
15217,,,,0.0,0,92
15218,1.0,0.0,1.0,1.0,3,89
15221,,,,0.0,0,92
15222,1.75,0.7071067811865476,2.0,3.0,8,84
15223,2.9285714285714284,1.3280573269766118,3.0,6.0,14,78
15224,2.4444444444444446,0.7264831572567788,2.0,4.0,9,83
15225,1.0,,1.0,1.0,1,91
15226,,,,0.0,0,92
15227,1.8125,1.0606601717798212,1.0,4.0,32,60
15228,,,,0.0,0,92
15229,1.0,,1.0,1.0,1,91
15232,9.266666666666667,2.3135213317324204,10.0,10.0,15,77
15233,,,,0.0,0,92
15234,,,,0.0,0,92
15235,1.0,0.0,1.0,1.0,3,89
15236,,,,0.0,0,92
15237,,,,0.0,0,92
15239,,,,0.0,0,92
15240,,,,0.0,0,92
15241,,,,0.0,0,92
15256,3.0,1.4142135623730951,3.0,4.0,2,90
15259,,,,0.0,0,92
15260,,,,0.0,0,92
15261,,,,0.0,0,92
15263,4.0,,4.0,4.0,1,91
15266,7.0,1.7320508075688772,8.0,8.0,3,89
15268,2.0,,2.0,2.0,1,91
15269,,,,0.0,0,92
15270,,,,0.0,0,92
15272,1.3333333333333333,0.5773502691896257,1.0,2.0,3,89
15275,8.0,4.1952353926806065,7.0,13.0,6,86
15278,2.0,1.0,2.0,3.0,3,89
15279,,,,0.0,0,92
15281,,,,0.0,0,92
15286,1.0,,1.0,1.0,1,91
15292,,,,0.0,0,92
15293,,,,0.0,0,92
15294,,,,0.0,0,92
15295,,,,0.0,0,92
15296,,,,0.0,0,92
15299,,,,0.0,0,92
15300,,,,0.0,0,92
15305,1.0,,1.0,1.0,1,91
15306,,,,0.0,0,92
15308,,,,0.0,0,92
15311,1.0,0.0,1.0,1.0,3,89
15312,4.521739130434782,3.087652318177139,4.0,10.0,23,69
15313,,,,0.0,0,92
15314,3.0,2.8284271247461903,3.0,5.0,2,90
15315,9.0,5.196152422706632,12.0,12.0,3,89
15316,3.1666666666666665,2.6394443859772205,2.5,8.0,6,86
15317,,,,0.0,0,92
15319,2.375,1.4535828926505883,2.0,7.0,32,60
15325,,,,0.0,0,92
15326,,,,0.0,0,92
15345,2.9166666666666665,4.888917584856095,1.0,18.0,12,80
15346,2.0,,2.0,2.0,1,91
15348,,,,0.0,0,92
15352,,,,0.0,0,92
15353,,,,0.0,0,92
15355,1.5625,1.0935416468216166,1.0,5.0,16,76
15356,,,,0.0,0,92
15357,4.6,1.3416407864998738,4.0,6.0,5,87
15358,1.875,1.4577379737113252,1.0,5.0,8,84
15359,1.4285714285714286,0.5345224838248488,1.0,2.0,7,85
15360,1.6,0.8944271909999159,1.0,3.0,5,87
15361,3.0,1.247219128924647,3.0,5.0,10,82
15362,1.5,0.7071067811865476,1.5,2.0,2,90
15363,3.0,,3.0,3.0,1,91
15364,,,,0.0,0,92
15365,1.0,0.0,1.0,1.0,2,90
15366,1.1666666666666667,0.408248290463863,1.0,2.0,6,86
15367,1.2,0.4472135954999579,1.0,2.0,5,87
15368,1.8888888888888888,1.6409785061104059,1.0,7.0,18,74
15369,1.0,,1.0,1.0,1,91
15370,1.6,0.8944271909999159,1.0,3.0,5,87
15371,2.3,3.1989581637360205,1.0,11.0,10,82
15372,2.7333333333333334,2.865226659362887,2.0,10.0,15,77
15373,2.8,1.5491933384829668,2.5,6.0,10,82
15374,,,,0.0,0,92
15375,1.0,,1.0,1.0,1,91
15376,,,,0.0,0,92
15377,,,,0.0,0,92
15378,55.0,51.96152422706632,55.0,100.0,4,88
15379,22.857142857142858,17.04336206492693,20.0,60.0,7,85
15380,46.666666666666664,47.258156262526086,30.0,100.0,3,89
15381,36.15384615384615,44.07162003271144,20.0,160.0,13,79
15382,1.2,0.4472135954999579,1.0,2.0,5,87
15383,,,,0.0,0,92
15385,2.0,,2.0,2.0,1,91
15386,1.0,,1.0,1.0,1,91
15387,,,,0.0,0,92
15388,1.0,0.0,1.0,1.0,2,90
15390,,,,0.0,0,92
15391,,,,0.0,0,92
15392,1.0,,1.0,1.0,1,91
15394,,,,0.0,0,92
15395,1.0,,1.0,1.0,1,91
15396,,,,0.0,0,92
15398,4.666666666666667,4.725815626252609,3.0,10.0,3,89
15399,6.375,6.843923269169937,3.5,20.0,8,84
15400,1.6666666666666667,1.632993161855452,1.0,5.0,6,86
15401,6.6,5.128352561983234,10.0,11.0,5,87
15402,,,,0.0,0,92
15407,1.0,,1.0,1.0,1,91
15408,4.0588235294117645,2.7493314695415982,4.0,11.0,17,75
15409,5.166666666666667,3.600925806881706,4.0,10.0,6,86
15410,4.25,2.217355782608345,4.0,7.0,4,88
15411,5.7272727272727275,6.186036328259434,4.0,28.0,33,59
15412,2.0,0.0,2.0,2.0,2,90
15413,,,,0.0,0,92
15414,2.0,0.0,2.0,2.0,2,90
15416,,,,0.0,0,92
15417,10.0,,10.0,10.0,1,91
15418,4.625,1.0606601717798212,5.0,5.0,8,84
15419,4.666666666666667,0.816496580927726,5.0,5.0,6,86
15420,3.8333333333333335,0.983192080250175,3.5,5.0,6,86
15421,,,,0.0,0,92
15423,1.0909090909090908,0.30151134457776363,1.0,2.0,11,81
15424,,,,0.0,0,92
15425,,,,0.0,0,92
15426,,,,0.0,0,92
15431,3.5,2.1213203435596424,3.5,5.0,2,90
15432,,,,0.0,0,92
15433,4.363636363636363,3.4162838978919288,3.5,12.0,22,70
15434,1.6666666666666667,0.5773502691896257,2.0,2.0,3,89
15435,5.5,0.7071067811865476,5.5,6.0,2,90
15438,,,,0.0,0,92
15439,1.0,,1.0,1.0,1,91
15440,,,,0.0,0,92
15441,1.0,0.0,1.0,1.0,2,90
15442,15.789473684210526,35.50364448799341,2.0,130.0,19,73
15443,14.5,33.033532746503,3.0,130.0,22,70
15444,1.8,0.8366600265340756,2.0,3.0,5,87
15445,1.0,,1.0,1.0,1,91
15446,4.0,0.0,4.0,4.0,2,90
15447,,,,0.0,0,92
15448,,,,0.0,0,92
15450,1.2222222222222223,0.42779263194649864,1.0,2.0,18,74
15451,2.5454545454545454,1.4712247158412493,2.0,6.0,22,70
15453,,,,0.0,0,92
15456,2.0,,2.0,2.0,1,91
15458,3.7142857142857144,1.3801311186847083,4.0,6.0,7,85
15460,3.5,0.7071067811865476,3.5,4.0,2,90
15462,2.6,1.121223821162776,2.0,5.0,15,77
15463,,,,0.0,0,92
15464,,,,0.0,0,92
15465,7.5,1.0,8.0,8.0,4,88
15466,,,,0.0,0,92
15469,1.9285714285714286,1.3323893290032802,1.0,7.0,42,50
15470,,,,0.0,0,92
15471,3.2777777777777777,1.8408935028645437,4.0,6.0,18,74
15474,1.1666666666666667,0.408248290463863,1.0,2.0,6,86
15475,1.35,0.9333020044867295,1.0,4.0,20,72
15476,1.6818181818181819,1.04135276655684,1.0,5.0,22,70
15477,,,,0.0,0,92
15478,,,,0.0,0,92
15479,,,,0.0,0,92
15480,,,,0.0,0,92
15481,3.0,1.7320508075688772,2.0,6.0,5,87
15482,,,,0.0,0,92
15483,,,,0.0,0,92
15484,5.655172413793103,3.2544020963805487,6.0,12.0,29,63
15485,3.6,4.219004621945798,2.0,11.0,5,87
15486,1.625,0.5175491695067657,2.0,2.0,8,84
15487,4.0,1.3228756555322954,4.0,6.0,9,83
15488,3.75,1.2583057392117916,4.0,5.0,4,88
15489,4.181818181818182,3.1860190996523046,3.0,18.0,77,15
15491,,,,0.0,0,92
15492,8.444444444444445,6.24722160466377,5.0,18.0,9,83
15493,,,,0.0,0,92
15494,,,,0.0,0,92
15495,2.2,1.6431676725154984,1.0,4.0,5,87
15497,1.4782608695652173,1.3774008863003637,1.0,7.0,23,69
15498,2.0,0.0,2.0,2.0,2,90
15499,,,,0.0,0,92
15500,2.2142857142857144,1.1883130530663677,2.0,5.0,14,78
15501,2.0,,2.0,2.0,1,91
15502,3.5,2.1213203435596424,3.5,5.0,2,90
15503,2.0,0.0,2.0,2.0,2,90
15504,2.0,1.7320508075688772,1.0,4.0,3,89
15505,,,,0.0,0,92
15506,7.0,6.5149400952306875,6.0,35.0,28,64
15509,,,,0.0,0,92
15510,,,,0.0,0,92
15511,,,,0.0,0,92
15512,1.0,,1.0,1.0,1,91
15513,,,,0.0,0,92
15515,4.0,,4.0,4.0,1,91
15516,,,,0.0,0,92
15518,1.0,,1.0,1.0,1,91
15519,,,,0.0,0,92
15520,,,,0.0,0,92
15521,3.0,,3.0,3.0,1,91
15523,,,,0.0,0,92
15524,,,,0.0,0,92
15526,5.0,0.816496580927726,5.0,6.0,4,88
15527,,,,0.0,0,92
15528,1.0,,1.0,1.0,1,91
15532,2.9523809523809526,2.4181850730701004,2.0,8.0,21,71
15533,3.5,2.1213203435596424,3.5,5.0,2,90
15536,2.0,,2.0,2.0,1,91
15537,1.6666666666666667,0.5773502691896257,2.0,2.0,3,89
15538,,,,0.0,0,92
15541,,,,0.0,0,92
15542,,,,0.0,0,92
15543,,,,0.0,0,92
15544,9.55,5.558066683943068,10.0,20.0,20,72
15545,,,,0.0,0,92
15548,2.8857142857142857,1.5675276256394517,3.0,7.0,35,57
15550,,,,0.0,0,92
15551,2.7,0.6569466853317862,3.0,4.0,20,72
15552,2.764705882352941,1.4374200745044001,3.0,6.0,17,75
15553,3.054054054054054,2.210404009652056,3.0,11.0,37,55
15554,1.813953488372093,1.0523401123547818,2.0,6.0,43,49
15555,5.6,8.08084154033477,2.0,20.0,5,87
15556,,,,0.0,0,92
15557,43.51219512195122,30.98117465133096,41.0,124.0,82,10
15562,9.0,,9.0,9.0,1,91
15564,11.175,7.909382613917051,10.0,30.0,40,52
15566,5.181818181818182,2.522624895547565,5.0,10.0,11,81
15567,4.676470588235294,3.408728441811965,3.0,13.0,34,58
15570,1.0,0.0,1.0,1.0,3,89
15572,2.3333333333333335,1.3662601021279464,2.0,4.0,6,86
15575,1.3571428571428572,0.48795003647426666,1.0,2.0,28,64
15576,1.0,0.0,1.0,1.0,2,90
15577,2.5531914893617023,1.874410175498669,2.0,9.0,47,45
15578,1.4444444444444444,0.7264831572567789,1.0,3.0,9,83
15579,1.2,0.42163702135578396,1.0,2.0,10,82
15580,,,,0.0,0,92
15583,2.5789473684210527,2.27360386560535,2.0,11.0,38,54
15584,,,,0.0,0,92
15585,1.5833333333333333,0.7929614610987591,1.0,3.0,12,80
15586,,,,0.0,0,92
15587,,,,0.0,0,92
15588,,,,0.0,0,92
15589,,,,0.0,0,92
15591,,,,0.0,0,92
15592,,,,0.0,0,92
15594,2.272727272727273,0.7862453931068966,2.0,4.0,11,81
15601,,,,0.0,0,92
15602,,,,0.0,0,92
15605,5.111111111111111,2.204792759220492,6.0,8.0,9,83
15606,3.533333333333333,2.1668498091095505,4.0,6.0,15,77
15608,1.0,,1.0,1.0,1,91
15611,,,,0.0,0,92
15612,1.0,,1.0,1.0,1,91
15613,1.5555555555555556,0.8915558282417287,1.0,4.0,27,65
15614,1.375,0.6191391873668903,1.0,3.0,16,76
15615,1.0,,1.0,1.0,1,91
15616,,,,0.0,0,92
15617,4.053333333333334,2.967815345995759,3.0,12.0,75,17
15618,1.6590909090909092,1.2564842389405968,1.0,6.0,44,48
15619,1.5777777777777777,0.6567443424294808,1.0,3.0,45,47
15620,1.6153846153846154,0.869718492622904,1.0,3.0,13,79
15621,,,,0.0,0,92
15623,,,,0.0,0,92
15624,2.6666666666666665,2.886751345948129,1.0,6.0,3,89
15625,,,,0.0,0,92
15626,7.428571428571429,5.711308748355986,12.0,12.0,7,85
15627,32.0,,32.0,32.0,1,91
15629,6.2,5.310367218940701,3.0,12.0,5,87
15630,2.484848484848485,1.4384010807134668,2.0,6.0,66,26
15631,2.4776119402985075,1.6729416022993016,2.0,8.0,67,25
15632,,,,0.0,0,92
15634,3.3333333333333335,1.4142135623730951,4.0,6.0,9,83
15635,2.3333333333333335,1.7511900715418263,1.5,5.0,6,86
15636,2.5,1.9748417658131499,1.5,5.0,6,86
15639,2.4,1.4994251772159106,2.0,6.0,30,62
15640,3.6470588235294117,2.0597686906115285,3.0,8.0,17,75
15642,1.1666666666666667,0.408248290463863,1.0,2.0,6,86
15643,3.6666666666666665,1.5275252316519465,4.0,5.0,3,89
15644,2.0,,2.0,2.0,1,91
15645,,,,0.0,0,92
15646,1.3333333333333333,0.5773502691896257,1.0,2.0,3,89
15647,3.3333333333333335,1.1547005383792515,4.0,4.0,3,89
15648,1.8,0.8366600265340756,2.0,3.0,5,87
15649,1.0,0.0,1.0,1.0,2,90
15650,6.0,,6.0,6.0,1,91
15651,1.0,0.0,1.0,1.0,6,86
15656,1.0,0.0,1.0,1.0,2,90
15659,1.25,0.4629100498862757,1.0,2.0,8,84
15660,1.125,0.3535533905932738,1.0,2.0,8,84
15661,1.0833333333333333,0.28867513459481287,1.0,2.0,12,80
15662,1.0,0.0,1.0,1.0,2,90
15663,1.3333333333333333,0.816496580927726,1.0,3.0,6,86
15664,,,,0.0,0,92
15665,,,,0.0,0,92
15668,,,,0.0,0,92
15669,,,,0.0,0,92
15670,3.579710144927536,2.5345019066373786,3.0,14.0,69,23
15671,2.5416666666666665,1.9346596086698147,2.0,9.0,48,44
15672,2.2244897959183674,1.2952687321306626,2.0,6.0,49,43
15673,1.5,0.5163977794943222,1.5,2.0,16,76
15674,,,,0.0,0,92
15675,,,,0.0,0,92
15676,,,,0.0,0,92
15677,3.375,1.3024701806293193,3.0,5.0,8,84
15678,1.0,0.0,1.0,1.0,2,90
15679,,,,0.0,0,92
15680,,,,0.0,0,92
15682,,,,0.0,0,92
15683,,,,0.0,0,92
15684,6.333333333333333,5.773502691896258,3.0,13.0,3,89
15686,1.3333333333333333,0.6513389472789296,1.0,3.0,12,80
15687,2.5,0.7071067811865476,2.5,3.0,2,90
15688,1.0,,1.0,1.0,1,91
15689,1.75,0.9574271077563381,1.5,3.0,4,88
15690,,,,0.0,0,92
15973,2.0,1.4142135623730951,1.5,5.0,8,84
16073,3.3529411764705883,2.9142146555845074,3.0,10.0,17,75
16076,2.0,,2.0,2.0,1,91
16079,1.0,0.0,1.0,1.0,3,89
16083,,,,0.0,0,92
16084,,,,0.0,0,92
16175,2.0,,2.0,2.0,1,91
16177,2.95,2.08944716939295,2.0,10.0,20,72
16273,3.4285714285714284,1.5118578920369088,3.0,6.0,7,85
16373,5.0,,5.0,5.0,1,91
16374,,,,0.0,0,92
16473,,,,0.0,0,92
16475,,,,0.0,0,92
16476,,,,0.0,0,92
16477,3.7222222222222223,3.667381291138296,3.0,19.0,54,38
16573,,,,0.0,0,92
16673,34.75,56.900561623269404,11.0,258.0,24,68
16674,,,,0.0,0,92
16675,9.594594594594595,7.998148619539672,8.0,37.0,74,18
16676,,,,0.0,0,92
16677,2.3333333333333335,1.2110601416389968,2.5,4.0,6,86
16678,,,,0.0,0,92
16679,,,,0.0,0,92
16680,,,,0.0,0,92
16681,,,,0.0,0,92
16682,,,,0.0,0,92
16683,,,,0.0,0,92
16684,,,,0.0,0,92
16685,1.0,,1.0,1.0,1,91
16686,,,,0.0,0,92
16687,2.2857142857142856,1.2535663410560174,3.0,4.0,7,85
16688,1.75,0.9574271077563381,1.5,3.0,4,88
16692,1.9487179487179487,1.1227015807445038,2.0,6.0,39,53
16693,1.4,0.6324555320336759,1.0,3.0,15,77
16694,,,,0.0,0,92
16697,2.986666666666667,1.9486192848058128,3.0,10.0,75,17
16702,,,,0.0,0,92
16703,1.0714285714285714,0.2672612419124244,1.0,2.0,14,78
16704,3.4285714285714284,3.2071349029490923,2.0,10.0,7,85
16705,1.5714285714285714,1.1338934190276817,1.0,4.0,7,85
16706,1.0,0.0,1.0,1.0,2,90
16707,,,,0.0,0,92
16708,,,,0.0,0,92
16709,1.0,0.0,1.0,1.0,2,90
16710,1.0,0.0,1.0,1.0,2,90
16711,1.0,,1.0,1.0,1,91
16712,1.6666666666666667,1.1547005383792517,1.0,3.0,3,89
16715,5.0625,4.596647328941678,3.0,20.0,16,76
16716,,,,0.0,0,92
16717,,,,0.0,0,92
16720,,,,0.0,0,92
16721,4.535714285714286,3.282751136844678,3.0,14.0,28,64
16722,3.2,2.6583202716502514,2.0,10.0,10,82
16723,,,,0.0,0,92
16724,,,,0.0,0,92
16725,,,,0.0,0,92
16726,1.0,0.0,1.0,1.0,3,89
16727,1.0,,1.0,1.0,1,91
16728,3.0,1.4142135623730951,2.5,5.0,4,88
16730,,,,0.0,0,92
16731,3.0384615384615383,3.8830994757360435,1.5,16.0,26,66
16732,,,,0.0,0,92
16735,1.0,0.0,1.0,1.0,4,88
16737,,,,0.0,0,92
16738,,,,0.0,0,92
16739,1.4444444444444444,0.5113099925649136,1.0,2.0,18,74
16740,,,,0.0,0,92
16741,1.6666666666666667,0.5773502691896257,2.0,2.0,3,89
16742,3.75,2.49284690951645,2.0,8.0,8,84
16743,,,,0.0,0,92
16744,1.0,0.0,1.0,1.0,6,86
16745,,,,0.0,0,92
16746,,,,0.0,0,92
16747,4.5,0.7071067811865476,4.5,5.0,2,90
16748,,,,0.0,0,92
16749,4.0,5.954371961386478,1.0,21.0,12,80
16750,,,,0.0,0,92
16754,,,,0.0,0,92
16852,,,,0.0,0,92
16853,,,,0.0,0,92
16952,,,,0.0,0,92
16953,,,,0.0,0,92
16954,1.85,0.8750939799154206,2.0,4.0,20,72
16955,4.333333333333333,9.630680142129112,1.0,30.0,9,83
16956,,,,0.0,0,92
16958,4.173913043478261,2.7741038505998734,4.0,8.0,23,69
16959,1.0,,1.0,1.0,1,91
16960,,,,0.0,0,92
16962,,,,0.0,0,92
16963,,,,0.0,0,92
16964,,,,0.0,0,92
16965,5.0,2.8284271247461903,5.0,7.0,2,90
16966,,,,0.0,0,92
16967,,,,0.0,0,92
16968,,,,0.0,0,92
16969,,,,0.0,0,92
16970,,,,0.0,0,92
16971,3.0,2.0,2.0,6.0,5,87
16972,5.666666666666667,4.041451884327381,5.0,10.0,3,89
16974,,,,0.0,0,92
16977,,,,0.0,0,92
16979,2.4,0.8432740427115679,2.0,4.0,10,82
16980,,,,0.0,0,92
16981,12.636363636363637,8.185617203627897,12.0,24.0,22,70
16982,4.833333333333333,2.8577380332470415,4.5,8.0,6,86
16983,4.333333333333333,2.7628487713469463,3.0,10.0,21,71
16984,1.4285714285714286,0.7867957924694431,1.0,3.0,7,85
16985,,,,0.0,0,92
16986,4.666666666666667,2.309401076758503,6.0,6.0,3,89
16988,,,,0.0,0,92
16989,6.0,,6.0,6.0,1,91
16990,,,,0.0,0,92
16991,1.0,0.0,1.0,1.0,2,90
16992,,,,0.0,0,92
16993,,,,0.0,0,92
16994,,,,0.0,0,92
16995,,,,0.0,0,92
16997,,,,0.0,0,92
16998,,,,0.0,0,92
17005,,,,0.0,0,92
17007,,,,0.0,0,92
17009,,,,0.0,0,92
17010,1.0,,1.0,1.0,1,91
17012,1.5,0.5345224838248488,1.5,2.0,8,84
17013,,,,0.0,0,92
17015,7.4,11.148990985734988,2.0,27.0,5,87
17016,1.0,0.0,1.0,1.0,3,89
17017,,,,0.0,0,92
17018,1.0,0.0,1.0,1.0,2,90
17019,1.0,0.0,1.0,1.0,3,89
17020,,,,0.0,0,92
17022,2.2,1.3038404810405297,2.0,4.0,5,87
17023,,,,0.0,0,92
17024,,,,0.0,0,92
17025,,,,0.0,0,92
17026,,,,0.0,0,92
17027,,,,0.0,0,92
17028,,,,0.0,0,92
17029,,,,0.0,0,92
17030,2.5833333333333335,1.2401124093721456,2.5,4.0,12,80
17031,,,,0.0,0,92
17033,,,,0.0,0,92
17034,,,,0.0,0,92
17035,,,,0.0,0,92
17036,,,,0.0,0,92
17037,,,,0.0,0,92
17038,,,,0.0,0,92
17039,,,,0.0,0,92
17040,,,,0.0,0,92
17041,,,,0.0,0,92
17042,,,,0.0,0,92
17043,,,,0.0,0,92
17044,1.0,,1.0,1.0,1,91
17045,,,,0.0,0,92
17046,,,,0.0,0,92
17047,1.25,0.5,1.0,2.0,4,88
17048,,,,0.0,0,92
17049,,,,0.0,0,92
17050,,,,0.0,0,92
17051,10.0,,10.0,10.0,1,91
17052,4.666666666666667,2.309401076758503,6.0,6.0,3,89
17053,,,,0.0,0,92
17054,,,,0.0,0,92
17055,,,,0.0,0,92
17056,,,,0.0,0,92
17057,,,,0.0,0,92
17058,2.0,,2.0,2.0,1,91
17059,,,,0.0,0,92
17060,,,,0.0,0,92
17061,,,,0.0,0,92
17062,,,,0.0,0,92
17063,,,,0.0,0,92
17064,,,,0.0,0,92
17066,,,,0.0,0,92
17067,,,,0.0,0,92
17068,,,,0.0,0,92
17070,,,,0.0,0,92
17071,,,,0.0,0,92
17072,,,,0.0,0,92
17073,,,,0.0,0,92
17074,2.5,0.7071067811865476,2.5,3.0,2,90
17075,,,,0.0,0,92
17076,1.0,0.0,1.0,1.0,4,88
17081,,,,0.0,0,92
17082,,,,0.0,0,92
17083,,,,0.0,0,92
17084,,,,0.0,0,92
17086,,,,0.0,0,92
17087,,,,0.0,0,92
17088,3.0,,3.0,3.0,1,91
17089,,,,0.0,0,92
17090,1.0,0.0,1.0,1.0,4,88
17091,,,,0.0,0,92
17092,,,,0.0,0,92
17094,,,,0.0,0,92
17095,1.0,,1.0,1.0,1,91
17097,1.0,0.0,1.0,1.0,3,89
17099,1.75,0.4629100498862757,2.0,2.0,8,84
17100,1.8888888888888888,1.2692955176439846,1.0,4.0,9,83
17101,1.25,0.45226701686664544,1.0,2.0,12,80
17102,,,,0.0,0,92
17103,,,,0.0,0,92
17104,3.0,3.366501646120693,1.5,8.0,4,88
17105,,,,0.0,0,92
17106,,,,0.0,0,92
17107,,,,0.0,0,92
17108,1.0,,1.0,1.0,1,91
17110,2.0,1.0408329997330663,2.0,4.0,25,67
17111,,,,0.0,0,92
17112,2.0,,2.0,2.0,1,91
17113,,,,0.0,0,92
17114,,,,0.0,0,92
17115,1.8928571428571428,1.227441956515157,2.0,6.0,28,64
17116,1.6666666666666667,1.1547005383792517,1.0,3.0,3,89
17118,1.0,,1.0,1.0,1,91
17119,,,,0.0,0,92
17120,,,,0.0,0,92
17121,,,,0.0,0,92
17122,1.6666666666666667,0.5773502691896257,2.0,2.0,3,89
17129,,,,0.0,0,92
17130,,,,0.0,0,92
17131,,,,0.0,0,92
17132,,,,0.0,0,92
17133,9.2,7.636379097077732,6.0,30.0,15,77
17134,8.7,2.5841396591085743,10.0,10.0,10,82
17135,,,,0.0,0,92
17136,,,,0.0,0,92
17137,,,,0.0,0,92
17138,1.5,0.7071067811865476,1.5,2.0,2,90
17139,1.0,,1.0,1.0,1,91
17140,1.0,,1.0,1.0,1,91
17141,1.0,,1.0,1.0,1,91
17142,,,,0.0,0,92
17143,,,,0.0,0,92
17144,,,,0.0,0,92
17145,3.0,,3.0,3.0,1,91
17146,2.076923076923077,1.0377490433255416,2.0,4.0,13,79
17148,,,,0.0,0,92
17149,,,,0.0,0,92
17150,7.0,,7.0,7.0,1,91
17151,,,,0.0,0,92
17152,,,,0.0,0,92
17153,,,,0.0,0,92
17154,,,,0.0,0,92
17155,1.0,,1.0,1.0,1,91
17156,2.0,1.4142135623730951,2.0,3.0,2,90
17159,2.5,2.1213203435596424,2.5,4.0,2,90
17160,,,,0.0,0,92
17162,,,,0.0,0,92
17163,2.0,,2.0,2.0,1,91
17164,,,,0.0,0,92
17165,,,,0.0,0,92
17166,,,,0.0,0,92
17167,,,,0.0,0,92
17168,,,,0.0,0,92
17169,,,,0.0,0,92
17170,1.0,0.0,1.0,1.0,2,90
17171,,,,0.0,0,92
17172,,,,0.0,0,92
17173,,,,0.0,0,92
17174,,,,0.0,0,92
17175,1.0,0.0,1.0,1.0,2,90
17176,,,,0.0,0,92
17177,,,,0.0,0,92
17178,2.25,2.5,1.0,6.0,4,88
17179,,,,0.0,0,92
17180,,,,0.0,0,92
17182,,,,0.0,0,92
17183,,,,0.0,0,92
17184,4.0,,4.0,4.0,1,91
17185,,,,0.0,0,92
17186,,,,0.0,0,92
17189,,,,0.0,0,92
17190,,,,0.0,0,92
17191,,,,0.0,0,92
17192,,,,0.0,0,92
17193,,,,0.0,0,92
17194,,,,0.0,0,92
17195,1.0,0.0,1.0,1.0,3,89
17196,,,,0.0,0,92
17197,,,,0.0,0,92
17198,1.0,,1.0,1.0,1,91
17199,,,,0.0,0,92
17200,,,,0.0,0,92
17201,,,,0.0,0,92
17202,1.0,0.0,1.0,1.0,3,89
17203,1.0,0.0,1.0,1.0,2,90
17204,1.8,0.8366600265340756,2.0,3.0,5,87
17205,,,,0.0,0,92
17206,,,,0.0,0,92
17207,,,,0.0,0,92
17208,4.0,,4.0,4.0,1,91
17209,3.3333333333333335,0.5773502691896258,3.0,4.0,3,89
17210,3.6666666666666665,1.5275252316519468,4.0,5.0,3,89
17211,,,,0.0,0,92
17212,,,,0.0,0,92
17213,,,,0.0,0,92
17215,,,,0.0,0,92
17216,,,,0.0,0,92
17217,,,,0.0,0,92
17218,,,,0.0,0,92
17219,1.4,0.5477225575051661,1.0,2.0,5,87
17221,,,,0.0,0,92
17222,2.25,0.9574271077563381,2.5,3.0,4,88
17223,,,,0.0,0,92
17224,,,,0.0,0,92
17225,,,,0.0,0,92
17226,,,,0.0,0,92
17228,,,,0.0,0,92
17230,,,,0.0,0,92
17231,,,,0.0,0,92
17232,1.4615384615384615,1.126601424298216,1.0,5.0,13,79
17233,,,,0.0,0,92
17234,,,,0.0,0,92
17235,,,,0.0,0,92
17236,,,,0.0,0,92
17237,1.0,0.0,1.0,1.0,3,89
17239,2.0,1.4142135623730951,1.0,4.0,5,87
17240,4.352941176470588,3.2004135762153507,3.0,11.0,17,75
17241,,,,0.0,0,92
17242,,,,0.0,0,92
17243,3.888888888888889,2.3912232681095915,4.0,12.0,27,65
17244,,,,0.0,0,92
17247,2.4285714285714284,1.2724180205607034,2.0,5.0,7,85
17248,,,,0.0,0,92
17249,1.0,,1.0,1.0,1,91
17252,,,,0.0,0,92
17253,,,,0.0,0,92
17254,,,,0.0,0,92
17255,7.5,7.575545451575675,5.5,25.0,10,82
17256,,,,0.0,0,92
17257,,,,0.0,0,92
17258,,,,0.0,0,92
17259,,,,0.0,0,92
17260,4.0,1.6733200530681511,4.0,7.0,6,86
17261,,,,0.0,0,92
17262,,,,0.0,0,92
17263,,,,0.0,0,92
17264,,,,0.0,0,92
17265,,,,0.0,0,92
17266,,,,0.0,0,92
17267,1.0,,1.0,1.0,1,91
17268,,,,0.0,0,92
17269,,,,0.0,0,92
17270,,,,0.0,0,92
17271,,,,0.0,0,92
17272,,,,0.0,0,92
17273,,,,0.0,0,92
17274,,,,0.0,0,92
17275,,,,0.0,0,92
17276,2.6666666666666665,2.081665999466133,2.0,5.0,3,89
17279,,,,0.0,0,92
17281,1.0,,1.0,1.0,1,91
17282,,,,0.0,0,92
17283,,,,0.0,0,92
17284,,,,0.0,0,92
17285,,,,0.0,0,92
17286,,,,0.0,0,92
17287,,,,0.0,0,92
17288,,,,0.0,0,92
17290,3.0,,3.0,3.0,1,91
17291,,,,0.0,0,92
17292,,,,0.0,0,92
17293,1.0,0.0,1.0,1.0,2,90
17294,,,,0.0,0,92
17295,1.3181818181818181,0.7162311170195085,1.0,4.0,22,70
17296,1.0,,1.0,1.0,1,91
17297,,,,0.0,0,92
17298,10.0,,10.0,10.0,1,91
17300,2.3333333333333335,2.3094010767585034,1.0,5.0,3,89
17301,,,,0.0,0,92
17302,3.0,,3.0,3.0,1,91
17303,,,,0.0,0,92
17304,1.0,0.0,1.0,1.0,2,90
17305,,,,0.0,0,92
17307,,,,0.0,0,92
17310,,,,0.0,0,92
17311,,,,0.0,0,92
17312,,,,0.0,0,92
17313,1.875,1.4577379737113252,1.0,5.0,8,84
17314,,,,0.0,0,92
17315,,,,0.0,0,92
17316,,,,0.0,0,92
17317,1.0,,1.0,1.0,1,91
17318,,,,0.0,0,92
17320,,,,0.0,0,92
17322,2.6666666666666665,2.081665999466133,2.0,5.0,3,89
17323,5.0,1.4142135623730951,5.0,6.0,2,90
17324,,,,0.0,0,92
17325,,,,0.0,0,92
17326,1.0,0.0,1.0,1.0,2,90
17327,4.5,0.7071067811865476,4.5,5.0,2,90
17328,2.0,,2.0,2.0,1,91
17329,1.0,0.0,1.0,1.0,2,90
17330,2.375,1.5059406173077154,2.0,5.0,8,84
17331,,,,0.0,0,92
17332,9.2,6.957010852370434,8.0,25.0,10,82
17333,6.0,5.228129047119374,6.0,11.0,4,88
17334,5.25,3.304037933599835,4.0,10.0,4,88
17335,8.0,,8.0,8.0,1,91
17336,4.714285714285714,2.690370836538197,5.0,10.0,7,85
17337,,,,0.0,0,92
17338,4.142857142857143,2.911389784311004,3.0,10.0,7,85
17339,1.0,,1.0,1.0,1,91
17340,1.3,0.4830458915396479,1.0,2.0,10,82
17341,,,,0.0,0,92
17343,1.0,0.0,1.0,1.0,3,89
17344,4.333333333333333,0.5773502691896258,4.0,5.0,3,89
17345,,,,0.0,0,92
17346,,,,0.0,0,92
17348,,,,0.0,0,92
17349,,,,0.0,0,92
17350,,,,0.0,0,92
17351,,,,0.0,0,92
17352,,,,0.0,0,92
17353,,,,0.0,0,92
17354,,,,0.0,0,92
17355,,,,0.0,0,92
17356,,,,0.0,0,92
17357,,,,0.0,0,92
17358,,,,0.0,0,92
17359,,,,0.0,0,92
17360,,,,0.0,0,92
17361,,,,0.0,0,92
17362,,,,0.0,0,92
17363,,,,0.0,0,92
17364,,,,0.0,0,92
17365,,,,0.0,0,92
17366,,,,0.0,0,92
17367,,,,0.0,0,92
17368,,,,0.0,0,92
17370,2.0,1.5,1.0,6.0,17,75
17371,1.0,0.0,1.0,1.0,2,90
17372,,,,0.0,0,92
17373,,,,0.0,0,92
17374,,,,0.0,0,92
17375,,,,0.0,0,92
17377,,,,0.0,0,92
17378,,,,0.0,0,92
17379,,,,0.0,0,92
17381,,,,0.0,0,92
17382,,,,0.0,0,92
17383,,,,0.0,0,92
17384,,,,0.0,0,92
17385,,,,0.0,0,92
17386,,,,0.0,0,92
17387,,,,0.0,0,92
17388,3.0,2.6457513110645907,2.0,6.0,3,89
17389,1.0,0.0,1.0,1.0,3,89
17390,,,,0.0,0,92
17391,,,,0.0,0,92
17392,,,,0.0,0,92
17394,1.6296296296296295,0.6877023141843227,2.0,3.0,27,65
17395,,,,0.0,0,92
17396,2.0,,2.0,2.0,1,91
17399,,,,0.0,0,92
17400,,,,0.0,0,92
17401,3.0,,3.0,3.0,1,91
17402,,,,0.0,0,92
17403,,,,0.0,0,92
17404,1.0,,1.0,1.0,1,91
17405,1.0,,1.0,1.0,1,91
17406,1.2857142857142858,0.48795003647426666,1.0,2.0,7,85
17407,,,,0.0,0,92
17408,,,,0.0,0,92
17411,,,,0.0,0,92
17413,,,,0.0,0,92
17414,4.416666666666667,3.3698754585385804,3.0,12.0,12,80
17415,1.3333333333333333,0.5163977794943222,1.0,2.0,6,86
17416,1.0,,1.0,1.0,1,91
17417,,,,0.0,0,92
17418,1.5,0.7071067811865476,1.5,2.0,2,90
17420,,,,0.0,0,92
17421,,,,0.0,0,92
17422,,,,0.0,0,92
17425,1.0,,1.0,1.0,1,91
17426,,,,0.0,0,92
17427,,,,0.0,0,92
17428,,,,0.0,0,92
17429,1.0,0.0,1.0,1.0,2,90
17430,,,,0.0,0,92
17431,,,,0.0,0,92
17432,1.2,0.44721359549995804,1.0,2.0,5,87
17433,,,,0.0,0,92
17439,1.0,,1.0,1.0,1,91
17440,1.0,0.0,1.0,1.0,2,90
17441,,,,0.0,0,92
17442,,,,0.0,0,92
17443,,,,0.0,0,92
17444,,,,0.0,0,92
17445,,,,0.0,0,92
17446,,,,0.0,0,92
17447,2.8,2.4899799195977463,2.0,7.0,5,87
17448,,,,0.0,0,92
17449,,,,0.0,0,92
17451,,,,0.0,0,92
17452,,,,0.0,0,92
17453,,,,0.0,0,92
17455,,,,0.0,0,92
17456,,,,0.0,0,92
17457,,,,0.0,0,92
17459,,,,0.0,0,92
17461,,,,0.0,0,92
17462,,,,0.0,0,92
17463,,,,0.0,0,92
17464,,,,0.0,0,92
17465,,,,0.0,0,92
17466,,,,0.0,0,92
17468,1.0,,1.0,1.0,1,91
17469,1.0,,1.0,1.0,1,91
17470,2.3333333333333335,0.5163977794943222,2.0,3.0,6,86
17474,,,,0.0,0,92
17475,,,,0.0,0,92
17476,11.8,13.364962484878967,5.0,43.0,10,82
17478,,,,0.0,0,92
17480,2.0,0.816496580927726,2.0,3.0,4,88
17481,6.357142857142857,3.3422043130738834,6.0,12.0,14,78
17487,,,,0.0,0,92
17490,,,,0.0,0,92
17494,,,,0.0,0,92
17496,,,,0.0,0,92
17497,6.666666666666667,2.8867513459481287,5.0,10.0,3,89
17498,,,,0.0,0,92
17499,1.0,,1.0,1.0,1,91
17501,,,,0.0,0,92
17502,,,,0.0,0,92
17503,,,,0.0,0,92
17506,,,,0.0,0,92
17508,3.0,,3.0,3.0,1,91
17509,,,,0.0,0,92
17510,,,,0.0,0,92
17511,,,,0.0,0,92
17512,1.0,0.0,1.0,1.0,10,82
17513,,,,0.0,0,92
17514,,,,0.0,0,92
17515,2.5,4.403281604540969,1.0,15.0,10,82
17516,2.0,,2.0,2.0,1,91
17517,,,,0.0,0,92
17519,1.8,0.8366600265340756,2.0,3.0,5,87
17520,1.4545454545454546,0.5222329678670935,1.0,2.0,11,81
17522,,,,0.0,0,92
17523,,,,0.0,0,92
17524,,,,0.0,0,92
17525,1.25,0.5,1.0,2.0,4,88
17531,,,,0.0,0,92
17533,2.5714285714285716,1.7182493859684491,2.0,5.0,7,85
17534,1.0,,1.0,1.0,1,91
17536,,,,0.0,0,92
17538,1.7777777777777777,1.0032626514091005,1.0,4.0,18,74
17539,1.7,1.0593499054713802,1.0,4.0,10,82
17547,2.0,1.0,2.0,3.0,3,89
17550,,,,0.0,0,92
17553,1.0,,1.0,1.0,1,91
17554,,,,0.0,0,92
17555,3.0,,3.0,3.0,1,91
17558,,,,0.0,0,92
17571,,,,0.0,0,92
17573,47.5,43.996753126955696,25.0,100.0,8,84
17574,2.4285714285714284,1.1338934190276817,3.0,4.0,7,85
17576,7.0,,7.0,7.0,1,91
17577,,,,0.0,0,92
17578,,,,0.0,0,92
17579,,,,0.0,0,92
17580,,,,0.0,0,92
17581,,,,0.0,0,92
17582,,,,0.0,0,92
17583,2.5,2.1213203435596424,2.5,4.0,2,90
17584,,,,0.0,0,92
17585,,,,0.0,0,92
17586,,,,0.0,0,92
17587,,,,0.0,0,92
17588,,,,0.0,0,92
17589,,,,0.0,0,92
17590,,,,0.0,0,92
17591,,,,0.0,0,92
17592,1.1333333333333333,0.35186577527449836,1.0,2.0,15,77
17593,,,,0.0,0,92
17594,,,,0.0,0,92
17595,2.0,0.0,2.0,2.0,2,90
17597,1.0,0.0,1.0,1.0,3,89
17600,6.25,8.582487454642209,1.5,22.0,12,80
17602,,,,0.0,0,92
17603,,,,0.0,0,92
17604,,,,0.0,0,92
17605,,,,0.0,0,92
17606,1.0,,1.0,1.0,1,91
17607,,,,0.0,0,92
17608,,,,0.0,0,92
17609,,,,0.0,0,92
17610,1.1111111111111112,0.33333333333333337,1.0,2.0,9,83
17611,,,,0.0,0,92
17612,1.0,0.0,1.0,1.0,2,90
17613,1.5,0.7071067811865476,1.5,2.0,2,90
17615,,,,0.0,0,92
17616,1.0,0.0,1.0,1.0,2,90
17617,,,,0.0,0,92
17618,,,,0.0,0,92
17619,,,,0.0,0,92
17621,1.0,,1.0,1.0,1,91
17622,,,,0.0,0,92
17623,2.0,1.7320508075688772,1.0,4.0,3,89
17624,1.0,0.0,1.0,1.0,2,90
17625,2.0,0.0,2.0,2.0,2,90
17626,,,,0.0,0,92
17627,,,,0.0,0,92
17628,4.0,1.4142135623730951,4.0,5.0,2,90
17629,,,,0.0,0,92
17631,,,,0.0,0,92
17632,,,,0.0,0,92
17633,4.0,,4.0,4.0,1,91
17635,,,,0.0,0,92
17636,2.0,1.0,2.0,4.0,9,83
17637,3.0,,3.0,3.0,1,91
17638,,,,0.0,0,92
17639,1.0,0.0,1.0,1.0,3,89
17640,,,,0.0,0,92
17642,,,,0.0,0,92
17644,,,,0.0,0,92
17645,2.0,1.0,2.0,3.0,3,89
17646,,,,0.0,0,92
17649,,,,0.0,0,92
17650,,,,0.0,0,92
17651,2.6666666666666665,1.8618986725025257,2.0,5.0,6,86
17653,1.25,0.45226701686664544,1.0,2.0,12,80
17654,,,,0.0,0,92
17655,,,,0.0,0,92
17656,,,,0.0,0,92
17657,1.25,0.5,1.0,2.0,4,88
17658,2.0,1.0690449676496976,2.0,4.0,8,84
17659,,,,0.0,0,92
17660,1.3333333333333333,0.5773502691896257,1.0,2.0,3,89
17661,,,,0.0,0,92
17662,,,,0.0,0,92
17663,,,,0.0,0,92
17664,,,,0.0,0,92
17665,,,,0.0,0,92
17666,1.0,0.0,1.0,1.0,3,89
17667,1.0,0.0,1.0,1.0,3,89
17668,2.0,0.816496580927726,2.0,3.0,4,88
17669,13.0,,13.0,13.0,1,91
17670,,,,0.0,0,92
17671,2.6666666666666665,1.2110601416389968,2.5,4.0,6,86
17672,2.0,,2.0,2.0,1,91
17673,30.0,,30.0,30.0,1,91
17675,,,,0.0,0,92
17676,,,,0.0,0,92
17677,,,,0.0,0,92
17678,,,,0.0,0,92
17679,,,,0.0,0,92
17680,,,,0.0,0,92
17681,1.4,0.5026246899500346,1.0,2.0,20,72
17682,,,,0.0,0,92
17683,1.4285714285714286,0.5345224838248488,1.0,2.0,7,85
17684,,,,0.0,0,92
17685,,,,0.0,0,92
17686,,,,0.0,0,92
17687,,,,0.0,0,92
17689,,,,0.0,0,92
17690,1.0,,1.0,1.0,1,91
17691,,,,0.0,0,92
17692,,,,0.0,0,92
17693,,,,0.0,0,92
17694,,,,0.0,0,92
17695,,,,0.0,0,92
17696,,,,0.0,0,92
17697,,,,0.0,0,92
17698,,,,0.0,0,92
17699,,,,0.0,0,92
17700,,,,0.0,0,92
17701,,,,0.0,0,92
17702,,,,0.0,0,92
17703,,,,0.0,0,92
17704,,,,0.0,0,92
17705,2.75,1.5,2.0,5.0,4,88
17706,,,,0.0,0,92
17707,,,,0.0,0,92
17708,,,,0.0,0,92
17709,,,,0.0,0,92
17710,,,,0.0,0,92
17711,,,,0.0,0,92
17712,,,,0.0,0,92
17713,,,,0.0,0,92
17714,,,,0.0,0,92
17715,3.2142857142857144,2.0821058655036815,2.5,8.0,14,78
17716,,,,0.0,0,92
17717,,,,0.0,0,92
17718,1.5,0.7071067811865476,1.5,2.0,2,90
17719,1.0,,1.0,1.0,1,91
17720,,,,0.0,0,92
17721,,,,0.0,0,92
17722,,,,0.0,0,92
17723,1.0,,1.0,1.0,1,91
17724,,,,0.0,0,92
17725,1.0,0.0,1.0,1.0,6,86
17726,6.0,,6.0,6.0,1,91
17727,,,,0.0,0,92
17728,,,,0.0,0,92
17729,,,,0.0,0,92
17730,,,,0.0,0,92
17731,,,,0.0,0,92
17733,2.142857142857143,1.7032612545052805,1.5,7.0,14,78
17734,,,,0.0,0,92
17735,,,,0.0,0,92
17737,,,,0.0,0,92
17740,,,,0.0,0,92
17743,,,,0.0,0,92
17745,,,,0.0,0,92
17746,,,,0.0,0,92
17748,,,,0.0,0,92
17749,,,,0.0,0,92
17751,,,,0.0,0,92
17752,,,,0.0,0,92
17753,,,,0.0,0,92
17754,1.0,,1.0,1.0,1,91
17755,1.0,,1.0,1.0,1,91
17757,,,,0.0,0,92
17758,,,,0.0,0,92
17759,,,,0.0,0,92
17761,4.0,4.242640687119285,4.0,7.0,2,90
17762,,,,0.0,0,92
17765,,,,0.0,0,92
17766,1.5,0.7071067811865476,1.5,2.0,2,90
17767,,,,0.0,0,92
17768,,,,0.0,0,92
17769,,,,0.0,0,92
17770,,,,0.0,0,92
17771,1.0,,1.0,1.0,1,91
17772,1.0,,1.0,1.0,1,91
17774,,,,0.0,0,92
17775,,,,0.0,0,92
17776,,,,0.0,0,92
17777,2.0,,2.0,2.0,1,91
17778,,,,0.0,0,92
17779,,,,0.0,0,92
17780,,,,0.0,0,92
17782,1.0,0.0,1.0,1.0,2,90
17783,,,,0.0,0,92
17784,13.2,29.580881856844147,4.0,119.0,15,77
17785,2.0,,2.0,2.0,1,91
17786,,,,0.0,0,92
17787,1.8125,0.8341662504161466,2.0,4.0,16,76
17788,,,,0.0,0,92
17789,,,,0.0,0,92
17790,,,,0.0,0,92
17791,,,,0.0,0,92
17794,6.333333333333333,3.5118845842842465,6.0,10.0,3,89
17795,1.75,1.446411166701189,1.0,7.0,20,72
17796,1.3333333333333333,0.5773502691896257,1.0,2.0,3,89
17797,,,,0.0,0,92
17798,,,,0.0,0,92
17800,1.0,0.0,1.0,1.0,2,90
17801,,,,0.0,0,92
17802,1.5,0.7071067811865476,1.5,2.0,2,90
17803,,,,0.0,0,92
17804,,,,0.0,0,92
17805,2.0,,2.0,2.0,1,91
17806,,,,0.0,0,92
17807,,,,0.0,0,92
17809,,,,0.0,0,92
17810,1.0,,1.0,1.0,1,91
17811,2.9,1.5238839267549948,3.0,6.0,10,82
17813,,,,0.0,0,92
17814,,,,0.0,0,92
17815,,,,0.0,0,92
17816,3.0,1.7320508075688772,3.0,5.0,7,85
17817,1.0,0.0,1.0,1.0,4,88
17818,,,,0.0,0,92
17819,,,,0.0,0,92
17820,,,,0.0,0,92
17821,,,,0.0,0,92
17822,1.375,0.5175491695067657,1.0,2.0,8,84
17823,1.0,0.0,1.0,1.0,4,88
17824,,,,0.0,0,92
17825,2.0,0.6324555320336759,2.0,3.0,6,86
17827,,,,0.0,0,92
17828,1.0,0.0,1.0,1.0,10,82
17830,1.0,0.0,1.0,1.0,3,89
17831,,,,0.0,0,92
17833,,,,0.0,0,92
17834,,,,0.0,0,92
17835,,,,0.0,0,92
17836,,,,0.0,0,92
17837,5.333333333333333,0.5773502691896258,5.0,6.0,3,89
17838,1.5,0.5477225575051661,1.5,2.0,6,86
17839,,,,0.0,0,92
17840,2.5,2.1213203435596424,2.5,4.0,2,90
17841,,,,0.0,0,92
17842,,,,0.0,0,92
17843,,,,0.0,0,92
17844,,,,0.0,0,92
17845,,,,0.0,0,92
17846,2.6,1.3416407864998738,2.0,4.0,5,87
17847,2.5,1.243163121016122,2.5,5.0,12,80
17848,,,,0.0,0,92
17849,,,,0.0,0,92
17850,,,,0.0,0,92
17851,,,,0.0,0,92
17852,22.5625,14.312479675726534,19.5,63.0,48,44
17853,7.857142857142857,7.676494735787385,6.0,26.0,21,71
17854,3.4,4.47213595499958,2.0,23.0,25,67
17856,,,,0.0,0,92
17857,2.0,,2.0,2.0,1,91
17858,,,,0.0,0,92
17859,,,,0.0,0,92
17860,,,,0.0,0,92
17861,,,,0.0,0,92
17862,,,,0.0,0,92
17863,2.8461538461538463,1.4632243987255136,3.0,6.0,13,79
17864,2.888888888888889,1.3642254619787417,3.0,5.0,9,83
17865,4.2,1.0954451150103321,5.0,5.0,5,87
17866,2.0,1.4142135623730951,2.0,3.0,2,90
17867,2.0,1.4142135623730951,2.0,3.0,2,90
17869,,,,0.0,0,92
17870,,,,0.0,0,92
17871,,,,0.0,0,92
17872,,,,0.0,0,92
17873,7.521739130434782,7.591080682541437,5.0,33.0,23,69
17874,3.75,3.4121631178560534,2.0,10.0,8,84
17875,,,,0.0,0,92
17877,1.0,0.0,1.0,1.0,2,90
17878,3.0,,3.0,3.0,1,91
17879,3.75,2.753785273643051,3.5,7.0,4,88
17880,,,,0.0,0,92
17881,10.5,2.1213203435596424,10.5,12.0,2,90
17882,1.3333333333333333,0.5773502691896257,1.0,2.0,3,89
17883,5.181818181818182,3.8682859723185357,5.0,12.0,11,81
17885,,,,0.0,0,92
17886,,,,0.0,0,92
17888,4.5,4.949747468305833,4.5,8.0,2,90
17889,,,,0.0,0,92
17890,1.0,0.0,1.0,1.0,4,88
17891,1.0,,1.0,1.0,1,91
17892,,,,0.0,0,92
17893,,,,0.0,0,92
17894,,,,0.0,0,92
17895,,,,0.0,0,92
17896,1.9090909090909092,1.2210278829367864,1.0,4.0,11,81
17897,2.0,0.0,2.0,2.0,2,90
17898,,,,0.0,0,92
17899,,,,0.0,0,92
17900,,,,0.0,0,92
17901,,,,0.0,0,92
17902,,,,0.0,0,92
17903,,,,0.0,0,92
17904,,,,0.0,0,92
17905,,,,0.0,0,92
17906,,,,0.0,0,92
17907,,,,0.0,0,92
17908,,,,0.0,0,92
17909,,,,0.0,0,92
17910,,,,0.0,0,92
17911,,,,0.0,0,92
17912,,,,0.0,0,92
17913,,,,0.0,0,92
17914,1.5,0.7071067811865476,1.5,2.0,2,90
17915,,,,0.0,0,92
17916,,,,0.0,0,92
17918,,,,0.0,0,92
17919,6.333333333333333,2.3380903889000244,6.0,10.0,6,86
17923,,,,0.0,0,92
17924,,,,0.0,0,92
17925,1.3333333333333333,0.5773502691896257,1.0,2.0,3,89
17926,1.0,,1.0,1.0,1,91
17927,1.4,0.6746646676632054,1.0,4.0,30,62
17928,,,,0.0,0,92
17929,,,,0.0,0,92
17930,1.3333333333333333,0.5163977794943223,1.0,2.0,6,86
17932,,,,0.0,0,92
17933,,,,0.0,0,92
17936,,,,0.0,0,92
17937,,,,0.0,0,92
17938,1.5,0.7071067811865476,1.5,2.0,2,90
17940,,,,0.0,0,92
17941,,,,0.0,0,92
17942,,,,0.0,0,92
17943,,,,0.0,0,92
17944,2.0,,2.0,2.0,1,91
17945,,,,0.0,0,92
17947,,,,0.0,0,92
17948,8.333333333333334,9.451631252505218,5.0,19.0,3,89
17949,7.333333333333333,6.8068592855540455,5.0,15.0,3,89
17950,,,,0.0,0,92
17951,,,,0.0,0,92
17952,,,,0.0,0,92
17953,,,,0.0,0,92
17954,3.2,1.7888543819998317,3.0,5.0,5,87
17955,,,,0.0,0,92
17956,,,,0.0,0,92
17957,,,,0.0,0,92
17958,,,,0.0,0,92
17959,,,,0.0,0,92
17962,,,,0.0,0,92
17963,3.6666666666666665,0.5773502691896258,4.0,4.0,3,89
17964,4.0,,4.0,4.0,1,91
17965,5.0,,5.0,5.0,1,91
17966,,,,0.0,0,92
17969,2.3333333333333335,0.5773502691896258,2.0,3.0,3,89
17970,2.2857142857142856,1.7043362064926932,2.0,6.0,7,85
17971,,,,0.0,0,92
17972,,,,0.0,0,92
17973,,,,0.0,0,92
17974,,,,0.0,0,92
17975,,,,0.0,0,92
17976,,,,0.0,0,92
17977,,,,0.0,0,92
17978,1.0,0.0,1.0,1.0,4,88
17979,,,,0.0,0,92
17980,1.6666666666666667,1.2110601416389966,1.0,4.0,6,86
17981,,,,0.0,0,92
17982,1.0,,1.0,1.0,1,91
17984,18.333333333333332,16.401219466856727,20.0,46.0,9,83
17985,,,,0.0,0,92
17986,,,,0.0,0,92
17987,,,,0.0,0,92
17990,,,,0.0,0,92
17991,,,,0.0,0,92
17992,1.0,,1.0,1.0,1,91
17993,3.0,2.1213203435596424,2.0,8.0,9,83
17994,2.0,0.0,2.0,2.0,2,90
17995,,,,0.0,0,92
17996,,,,0.0,0,92
17997,,,,0.0,0,92
17998,1.0,,1.0,1.0,1,91
17999,2.0,,2.0,2.0,1,91
18000,1.0,,1.0,1.0,1,91
18001,,,,0.0,0,92
18002,,,,0.0,0,92
18003,2.0,1.2565617248750864,1.5,5.0,20,72
18004,2.0,1.3130643285972254,2.0,7.0,30,62
18005,,,,0.0,0,92
18007,1.0,,1.0,1.0,1,91
18008,2.45,1.9861361590045288,2.0,9.0,20,72
18011,2.0,1.4142135623730951,2.0,3.0,2,90
18012,,,,0.0,0,92
18013,,,,0.0,0,92
18014,,,,0.0,0,92
18015,,,,0.0,0,92
18016,,,,0.0,0,92
18017,,,,0.0,0,92
18018,,,,0.0,0,92
18020,2.9166666666666665,2.8431203515386634,2.0,10.0,12,80
18021,1.0,,1.0,1.0,1,91
18022,,,,0.0,0,92
18025,,,,0.0,0,92
18026,4.714285714285714,5.879747322073336,3.0,18.0,7,85
18027,,,,0.0,0,92
18028,1.0,,1.0,1.0,1,91
18029,,,,0.0,0,92
18030,1.0,0.0,1.0,1.0,2,90
18031,,,,0.0,0,92
18032,,,,0.0,0,92
18034,2.5,0.7071067811865476,2.5,3.0,2,90
18035,,,,0.0,0,92
18036,,,,0.0,0,92
18037,,,,0.0,0,92
18038,,,,0.0,0,92
18039,1.0,,1.0,1.0,1,91
18040,,,,0.0,0,92
18041,,,,0.0,0,92
18042,,,,0.0,0,92
18043,,,,0.0,0,92
18044,1.0,0.0,1.0,1.0,2,90
18045,,,,0.0,0,92
18046,,,,0.0,0,92
18047,,,,0.0,0,92
18048,,,,0.0,0,92
18049,,,,0.0,0,92
18050,,,,0.0,0,92
18051,2.3333333333333335,1.5275252316519468,2.0,4.0,3,89
18052,,,,0.0,0,92
18053,,,,0.0,0,92
18054,,,,0.0,0,92
18061,,,,0.0,0,92
18062,1.0,,1.0,1.0,1,91
18063,1.0,0.0,1.0,1.0,2,90
18065,1.0,,1.0,1.0,1,91
18067,,,,0.0,0,92
18068,,,,0.0,0,92
18073,,,,0.0,0,92
18074,,,,0.0,0,92
18075,,,,0.0,0,92
18076,,,,0.0,0,92
18077,2.0,,2.0,2.0,1,91
18078,,,,0.0,0,92
18079,1.0,,1.0,1.0,1,91
18080,1.0,,1.0,1.0,1,91
18081,1.0,,1.0,1.0,1,91
18082,1.0,0.0,1.0,1.0,2,90
18083,,,,0.0,0,92
18084,,,,0.0,0,92
18085,1.0,0.0,1.0,1.0,3,89
18086,,,,0.0,0,92
18088,1.0,,1.0,1.0,1,91
18089,2.0,1.7320508075688772,1.0,4.0,3,89
18090,,,,0.0,0,92
18094,,,,0.0,0,92
18095,,,,0.0,0,92
18105,,,,0.0,0,92
18106,,,,0.0,0,92
18108,1.5,0.7071067811865476,1.5,2.0,2,90
18109,,,,0.0,0,92
18110,,,,0.0,0,92
18113,,,,0.0,0,92
18114,2.5,1.4142135623730951,2.0,5.0,8,84
18115,1.0,,1.0,1.0,1,91
18116,,,,0.0,0,92
18117,,,,0.0,0,92
18118,3.764705882352941,2.6816369013325114,3.0,10.0,17,75
18119,1.0833333333333333,0.28867513459481287,1.0,2.0,12,80
18120,1.3333333333333333,0.5773502691896257,1.0,2.0,3,89
18121,2.0,1.7621756887140216,1.0,10.0,39,53
18122,2.5,1.2909944487358056,2.5,4.0,4,88
18123,1.4444444444444444,0.7264831572567789,1.0,3.0,9,83
18124,3.0,1.247219128924647,3.0,6.0,10,82
18125,3.1818181818181817,0.8738628975053029,3.0,5.0,11,81
18126,8.734375,8.808801852656527,5.5,45.0,64,28
18127,2.1666666666666665,1.9407902170679516,1.5,6.0,6,86
18128,1.0,0.0,1.0,1.0,2,90
18129,,,,0.0,0,92
18130,,,,0.0,0,92
18131,,,,0.0,0,92
18132,3.0,,3.0,3.0,1,91
18133,1.0,,1.0,1.0,1,91
18134,,,,0.0,0,92
18136,,,,0.0,0,92
18138,,,,0.0,0,92
18139,,,,0.0,0,92
18141,1.0,0.0,1.0,1.0,2,90
18142,2.0,,2.0,2.0,1,91
18143,3.6,2.6076809620810595,3.0,8.0,5,87
18144,,,,0.0,0,92
18145,,,,0.0,0,92
18146,,,,0.0,0,92
18147,1.25,0.5,1.0,2.0,4,88
18148,,,,0.0,0,92
18149,,,,0.0,0,92
18151,,,,0.0,0,92
18152,,,,0.0,0,92
18153,2.0,1.4142135623730951,2.0,3.0,2,90
18154,,,,0.0,0,92
18155,,,,0.0,0,92
18156,,,,0.0,0,92
18157,,,,0.0,0,92
18158,4.6,1.1401754250991378,5.0,6.0,5,87
18159,,,,0.0,0,92
18160,2.6,0.8944271909999161,3.0,3.0,5,87
18161,1.0,0.0,1.0,1.0,4,88
18162,1.0,,1.0,1.0,1,91
18163,,,,0.0,0,92
18164,,,,0.0,0,92
18165,1.0,0.0,1.0,1.0,4,88
18166,3.1818181818181817,2.4420557658735733,3.0,10.0,11,81
18167,1.0,,1.0,1.0,1,91
18168,,,,0.0,0,92
18169,,,,0.0,0,92
18171,,,,0.0,0,92
18174,6.0,,6.0,6.0,1,91
18180,,,,0.0,0,92
18181,,,,0.0,0,92
18182,,,,0.0,0,92
18184,,,,0.0,0,92
18185,,,,0.0,0,92
18186,,,,0.0,0,92
18188,,,,0.0,0,92
18189,1.0,0.0,1.0,1.0,6,86
18190,,,,0.0,0,92
18196,,,,0.0,0,92
18200,1.0,0.0,1.0,1.0,16,76
18203,,,,0.0,0,92
18208,,,,0.0,0,92
18220,,,,0.0,0,92
18221,,,,0.0,0,92
18222,44.0,39.084523791393444,36.0,113.0,6,86
18223,,,,0.0,0,92
18224,,,,0.0,0,92
18225,,,,0.0,0,92
18226,,,,0.0,0,92
18227,1.0,,1.0,1.0,1,91
18229,3.0,2.8284271247461903,3.0,5.0,2,90
18230,3.0,,3.0,3.0,1,91
18231,1.0,,1.0,1.0,1,91
18232,,,,0.0,0,92
18234,,,,0.0,0,92
18235,,,,0.0,0,92
18239,,,,0.0,0,92
18241,2.0625,1.6111590031195968,1.0,6.0,16,76
18242,,,,0.0,0,92
18243,1.5,0.7071067811865476,1.5,2.0,2,90
18244,1.0,0.0,1.0,1.0,2,90
18245,,,,0.0,0,92
18246,2.0,,2.0,2.0,1,91
18247,,,,0.0,0,92
18248,,,,0.0,0,92
18249,1.0,,1.0,1.0,1,91
18251,2.0,,2.0,2.0,1,91
18252,,,,0.0,0,92
18253,,,,0.0,0,92
18254,,,,0.0,0,92
18255,1.3333333333333333,0.5773502691896257,1.0,2.0,3,89
18257,,,,0.0,0,92
18258,2.2857142857142856,1.7043362064926935,1.0,5.0,7,85
18259,1.25,0.5,1.0,2.0,4,88
18260,2.0,,2.0,2.0,1,91
18261,6.0,,6.0,6.0,1,91
18262,,,,0.0,0,92
18263,2.6666666666666665,2.456284456925405,2.0,10.0,21,71
18266,,,,0.0,0,92
18268,,,,0.0,0,92
18269,,,,0.0,0,92
18270,,,,0.0,0,92
18271,3.3333333333333335,2.081665999466133,4.0,5.0,3,89
18272,,,,0.0,0,92
18273,1.0,0.0,1.0,1.0,2,90
18274,,,,0.0,0,92
18275,,,,0.0,0,92
18276,,,,0.0,0,92
18277,6.0,,6.0,6.0,1,91
18278,,,,0.0,0,92
18279,,,,0.0,0,92
18280,,,,0.0,0,92
18281,,,,0.0,0,92
18282,,,,0.0,0,92
18283,,,,0.0,0,92
18284,3.0,0.0,3.0,3.0,2,90
18285,,,,0.0,0,92
18287,,,,0.0,0,92
18288,2.25,1.2583057392117916,2.0,4.0,4,88
18289,2.5609756097560976,1.5499803303236608,2.0,8.0,41,51
18292,4.0,,4.0,4.0,1,91
18293,,,,0.0,0,92
18294,2.0,,2.0,2.0,1,91
18295,3.5,0.7071067811865476,3.5,4.0,2,90
18296,,,,0.0,0,92
18297,,,,0.0,0,92
18298,,,,0.0,0,92
18299,,,,0.0,0,92
18300,,,,0.0,0,92
18301,,,,0.0,0,92
18302,1.8333333333333333,1.329160135825126,1.0,4.0,6,86
18303,,,,0.0,0,92
18304,,,,0.0,0,92
18305,1.3333333333333333,0.5773502691896257,1.0,2.0,3,89
18306,,,,0.0,0,92
18307,,,,0.0,0,92
18308,,,,0.0,0,92
18309,,,,0.0,0,92
18310,1.0,,1.0,1.0,1,91
18311,,,,0.0,0,92
18312,4.666666666666667,1.1547005383792517,4.0,6.0,3,89
18313,1.0,,1.0,1.0,1,91
18314,1.6666666666666667,1.1547005383792517,1.0,3.0,3,89
18315,1.4,0.5026246899500346,1.0,2.0,20,72
18316,1.0,0.0,1.0,1.0,5,87
18317,,,,0.0,0,92
18319,,,,0.0,0,92
18320,1.8888888888888888,0.33333333333333337,2.0,2.0,9,83
18323,,,,0.0,0,92
18324,1.0,0.0,1.0,1.0,3,89
18325,,,,0.0,0,92
18326,3.857142857142857,2.2677868380553634,4.0,8.0,7,85
18327,,,,0.0,0,92
18329,,,,0.0,0,92
18330,,,,0.0,0,92
18331,1.0,,1.0,1.0,1,91
18334,,,,0.0,0,92
18335,,,,0.0,0,92
18338,,,,0.0,0,92
18339,,,,0.0,0,92
18340,,,,0.0,0,92
18341,,,,0.0,0,92
18342,,,,0.0,0,92
18344,3.0,,3.0,3.0,1,91
18348,,,,0.0,0,92
18349,2.0,0.0,2.0,2.0,2,90
18350,,,,0.0,0,92
18352,,,,0.0,0,92
18353,2.0,0.0,2.0,2.0,3,89
18354,,,,0.0,0,92
18355,,,,0.0,0,92
18356,,,,0.0,0,92
18357,2.142857142857143,1.6574838603294897,1.0,5.0,14,78
18358,1.5,0.7071067811865476,1.5,2.0,2,90
18359,1.0,,1.0,1.0,1,91
18360,2.75,1.9598237397554634,2.5,7.0,12,80
18361,2.1904761904761907,1.0779168622415933,2.0,5.0,21,71
18362,5.157894736842105,5.3672169272221195,4.0,24.0,19,73
18364,1.0,,1.0,1.0,1,91
18365,,,,0.0,0,92
18366,,,,0.0,0,92
18367,,,,0.0,0,92
18370,,,,0.0,0,92
18371,,,,0.0,0,92
18372,,,,0.0,0,92
18374,,,,0.0,0,92
18375,,,,0.0,0,92
18376,,,,0.0,0,92
18377,,,,0.0,0,92
18378,,,,0.0,0,92
18379,,,,0.0,0,92
18380,,,,0.0,0,92
18381,,,,0.0,0,92
18382,,,,0.0,0,92
18383,,,,0.0,0,92
18384,,,,0.0,0,92
18385,,,,0.0,0,92
18386,,,,0.0,0,92
18387,,,,0.0,0,92
18388,,,,0.0,0,92
18389,,,,0.0,0,92
18390,1.0,0.0,1.0,1.0,2,90
18391,,,,0.0,0,92
18392,,,,0.0,0,92
18393,,,,0.0,0,92
18394,,,,0.0,0,92
18395,,,,0.0,0,92
18396,,,,0.0,0,92
18397,,,,0.0,0,92
18398,,,,0.0,0,92
18399,,,,0.0,0,92
18400,,,,0.0,0,92
18401,,,,0.0,0,92
18402,1.0,0.0,1.0,1.0,4,88
18403,,,,0.0,0,92
18404,1.0,0.0,1.0,1.0,4,88
18405,1.0,0.0,1.0,1.0,3,89
18406,1.4,0.6324555320336759,1.0,3.0,15,77
18407,2.0,,2.0,2.0,1,91
18408,,,,0.0,0,92
18409,,,,0.0,0,92
18410,,,,0.0,0,92
18411,,,,0.0,0,92
18412,,,,0.0,0,92
18413,1.0,,1.0,1.0,1,91
18414,,,,0.0,0,92
18418,,,,0.0,0,92
18419,,,,0.0,0,92
18420,,,,0.0,0,92
18421,10.0,2.8284271247461903,10.0,12.0,2,90
18422,3.5,0.7071067811865476,3.5,4.0,2,90
18423,,,,0.0,0,92
18424,,,,0.0,0,92
18425,,,,0.0,0,92
18426,,,,0.0,0,92
18427,,,,0.0,0,92
18428,2.3846153846153846,1.8045526471705544,2.0,7.0,13,79
18430,,,,0.0,0,92
18431,,,,0.0,0,92
18432,3.0,1.4142135623730951,3.0,4.0,2,90
18433,,,,0.0,0,92
18442,1.0,,1.0,1.0,1,91
18446,,,,0.0,0,92
18447,,,,0.0,0,92
18448,,,,0.0,0,92
18449,1.8181818181818181,0.7507571935295484,2.0,3.0,11,81
18450,,,,0.0,0,92
18451,,,,0.0,0,92
18454,1.0,,1.0,1.0,1,91
18455,1.0,,1.0,1.0,1,91
18456,1.0,,1.0,1.0,1,91
18457,,,,0.0,0,92
18458,,,,0.0,0,92
18460,,,,0.0,0,92
18461,,,,0.0,0,92
18463,,,,0.0,0,92
18469,10.0,15.257784898208522,3.0,40.0,6,86
18473,,,,0.0,0,92
18474,,,,0.0,0,92
18475,2.0,,2.0,2.0,1,91
18492,,,,0.0,0,92
18493,,,,0.0,0,92
18495,,,,0.0,0,92
18496,,,,0.0,0,92
18497,,,,0.0,0,92
18498,3.0,,3.0,3.0,1,91
18499,,,,0.0,0,92
18500,1.0,0.0,1.0,1.0,3,89
18501,1.0,0.0,1.0,1.0,5,87
18502,,,,0.0,0,92
18503,,,,0.0,0,92
18504,,,,0.0,0,92
18505,,,,0.0,0,92
18506,,,,0.0,0,92
18507,,,,0.0,0,92
18508,1.6875,0.873212459828649,1.5,4.0,16,76
18509,,,,0.0,0,92
18510,,,,0.0,0,92
18511,,,,0.0,0,92
18512,1.0,,1.0,1.0,1,91
18513,1.5555555555555556,0.5270462766947299,2.0,2.0,9,83
18515,,,,0.0,0,92
18516,,,,0.0,0,92
18517,,,,0.0,0,92
18518,1.0,,1.0,1.0,1,91
18519,,,,0.0,0,92
18520,,,,0.0,0,92
18521,,,,0.0,0,92
18522,,,,0.0,0,92
18523,,,,0.0,0,92
18524,,,,0.0,0,92
18525,,,,0.0,0,92
18526,,,,0.0,0,92
18527,,,,0.0,0,92
18528,,,,0.0,0,92
18529,1.0,0.0,1.0,1.0,2,90
18530,,,,0.0,0,92
18531,,,,0.0,0,92
18532,,,,0.0,0,92
18533,,,,0.0,0,92
18535,1.0,0.0,1.0,1.0,2,90
18536,,,,0.0,0,92
18538,,,,0.0,0,92
18539,1.0,0.0,1.0,1.0,3,89
18540,,,,0.0,0,92
18542,,,,0.0,0,92
18543,,,,0.0,0,92
18545,,,,0.0,0,92
18547,1.6808510638297873,1.5618604148888175,1.0,10.0,47,45
18548,19.2987012987013,26.581089902343088,11.0,167.0,77,15
18549,4.3076923076923075,3.2212603462966913,4.0,16.0,39,53
18550,2.789473684210526,2.274959031826997,2.0,11.0,19,73
18551,4.173913043478261,3.3751006426218,3.0,15.0,46,46
18552,,,,0.0,0,92
18553,3.25,2.6299556396765835,3.0,6.0,4,88
18554,3.5,2.3804761428476167,3.5,6.0,4,88
18555,,,,0.0,0,92
18556,,,,0.0,0,92
18557,,,,0.0,0,92
18558,,,,0.0,0,92
18559,,,,0.0,0,92
18560,1.5,0.7071067811865476,1.5,2.0,2,90
18561,1.0,,1.0,1.0,1,91
18562,,,,0.0,0,92
18563,1.0,0.0,1.0,1.0,2,90
18564,1.2,0.42163702135578396,1.0,2.0,10,82
18566,,,,0.0,0,92
18567,,,,0.0,0,92
18568,,,,0.0,0,92
18569,,,,0.0,0,92
18571,,,,0.0,0,92
18572,,,,0.0,0,92
18573,1.0,,1.0,1.0,1,91
18574,,,,0.0,0,92
18575,,,,0.0,0,92
18576,,,,0.0,0,92
18577,,,,0.0,0,92
18578,,,,0.0,0,92
18579,,,,0.0,0,92
18580,3.0,,3.0,3.0,1,91
18581,3.0,,3.0,3.0,1,91
18582,,,,0.0,0,92
18583,,,,0.0,0,92
18585,,,,0.0,0,92
18586,,,,0.0,0,92
18587,,,,0.0,0,92
18588,,,,0.0,0,92
18589,,,,0.0,0,92
18590,,,,0.0,0,92
18591,,,,0.0,0,92
18592,1.3333333333333333,0.5773502691896257,1.0,2.0,3,89
18634,2.0,,2.0,2.0,1,91
18635,,,,0.0,0,92
18636,7.5,6.078194176270157,6.5,20.0,10,82
18637,,,,0.0,0,92
18638,,,,0.0,0,92
18639,,,,0.0,0,92
18640,,,,0.0,0,92
18642,2.0,,2.0,2.0,1,91
18643,,,,0.0,0,92
18644,,,,0.0,0,92
18650,,,,0.0,0,92
18651,4.0,2.8284271247461903,4.0,6.0,2,90
18652,,,,0.0,0,92
18653,,,,0.0,0,92
18654,,,,0.0,0,92
18655,4.0,2.8284271247461903,4.0,6.0,2,90
18658,,,,0.0,0,92
18659,,,,0.0,0,92
18661,,,,0.0,0,92
18662,,,,0.0,0,92
18663,,,,0.0,0,92
18664,,,,0.0,0,92
18665,,,,0.0,0,92
18666,,,,0.0,0,92
18667,1.6428571428571428,1.0818177620697813,1.0,5.0,14,78
18668,,,,0.0,0,92
18672,1.0,,1.0,1.0,1,91
18673,,,,0.0,0,92
18674,1.0,,1.0,1.0,1,91
18675,1.0,,1.0,1.0,1,91
18676,,,,0.0,0,92
18677,,,,0.0,0,92
18678,1.0,,1.0,1.0,1,91
18679,,,,0.0,0,92
18683,,,,0.0,0,92
18684,,,,0.0,0,92
18685,,,,0.0,0,92
18686,,,,0.0,0,92
18687,,,,0.0,0,92
18688,,,,0.0,0,92
18689,1.0,0.0,1.0,1.0,2,90
18690,1.0,,1.0,1.0,1,91
18691,,,,0.0,0,92
18692,,,,0.0,0,92
18702,5.833333333333333,2.8550858396053784,6.0,12.0,12,80
18794,1.0,,1.0,1.0,1,91
18822,,,,0.0,0,92
19037,,,,0.0,0,92
19043,,,,0.0,0,92
19194,,,,0.0,0,92
19195,1.0,0.0,1.0,1.0,2,90
19196,,,,0.0,0,92
19197,,,,0.0,0,92
19198,,,,0.0,0,92
19199,,,,0.0,0,92
19200,2.5,1.7320508075688772,2.0,5.0,4,88
19201,,,,0.0,0,92
19202,,,,0.0,0,92
19203,,,,0.0,0,92
19204,,,,0.0,0,92
19205,,,,0.0,0,92
19206,,,,0.0,0,92
19207,,,,0.0,0,92
19208,,,,0.0,0,92
19209,,,,0.0,0,92
19210,3.5,2.1213203435596424,3.5,5.0,2,90
19211,,,,0.0,0,92
19212,,,,0.0,0,92
19213,1.5,0.7071067811865476,1.5,2.0,2,90
19214,1.0,,1.0,1.0,1,91
19215,,,,0.0,0,92
19216,,,,0.0,0,92
19217,2.6666666666666665,0.5773502691896258,3.0,3.0,3,89
19218,,,,0.0,0,92
19219,,,,0.0,0,92
19221,,,,0.0,0,92
19222,,,,0.0,0,92
19223,,,,0.0,0,92
19224,,,,0.0,0,92
19225,,,,0.0,0,92
19226,,,,0.0,0,92
19227,,,,0.0,0,92
19228,,,,0.0,0,92
19230,8.0,7.0710678118654755,8.0,13.0,2,90
19231,,,,0.0,0,92
19232,,,,0.0,0,92
19233,2.4285714285714284,1.3972762620115438,2.0,5.0,7,85
19234,,,,0.0,0,92
19235,,,,0.0,0,92
19236,,,,0.0,0,92
19237,,,,0.0,0,92
19238,,,,0.0,0,92
19239,,,,0.0,0,92
19240,,,,0.0,0,92
19241,,,,0.0,0,92
19242,,,,0.0,0,92
19243,,,,0.0,0,92
19244,,,,0.0,0,92
19245,,,,0.0,0,92
19246,,,,0.0,0,92
19247,,,,0.0,0,92
19248,,,,0.0,0,92
19249,,,,0.0,0,92
19250,,,,0.0,0,92
19251,,,,0.0,0,92
19252,,,,0.0,0,92
19253,,,,0.0,0,92
19254,,,,0.0,0,92
19255,,,,0.0,0,92
19256,,,,0.0,0,92
19257,,,,0.0,0,92
19258,,,,0.0,0,92
19259,,,,0.0,0,92
19260,,,,0.0,0,92
19261,,,,0.0,0,92
19262,,,,0.0,0,92
19263,,,,0.0,0,92
19264,,,,0.0,0,92
19265,,,,0.0,0,92
19266,,,,0.0,0,92
19267,,,,0.0,0,92
19268,,,,0.0,0,92
19269,,,,0.0,0,92
19270,,,,0.0,0,92
19271,,,,0.0,0,92
19272,,,,0.0,0,92
19273,9.961538461538462,15.74923685574833,3.0,63.0,26,66
19274,,,,0.0,0,92
19275,,,,0.0,0,92
19277,4.35,3.703128122916738,4.0,15.0,20,72
19279,1.5,0.7071067811865476,1.5,2.0,2,90
19281,,,,0.0,0,92
19282,,,,0.0,0,92
19283,,,,0.0,0,92
19284,1.0,0.0,1.0,1.0,4,88
19285,1.48,0.8717797887081347,1.0,4.0,25,67
19286,2.3333333333333335,1.1547005383792515,3.0,3.0,3,89
19287,2.5,2.1213203435596424,2.5,4.0,2,90
19288,,,,0.0,0,92
19289,1.7333333333333334,0.5936168397046636,2.0,3.0,15,77
19291,,,,0.0,0,92
19292,2.0,0.0,2.0,2.0,2,90
19293,,,,0.0,0,92
19294,,,,0.0,0,92
19295,1.0,0.0,1.0,1.0,3,89
19296,1.0,,1.0,1.0,1,91
19305,,,,0.0,0,92
19306,,,,0.0,0,92
19307,,,,0.0,0,92
19308,,,,0.0,0,92
19309,,,,0.0,0,92
19310,,,,0.0,0,92
19311,1.6,0.6992058987801011,1.5,3.0,10,82
19312,1.0,,1.0,1.0,1,91
19313,1.5,0.7071067811865476,1.5,2.0,2,90
19314,2.0,0.8944271909999159,2.0,3.0,6,86
19315,,,,0.0,0,92
19316,,,,0.0,0,92
19317,1.5,0.7071067811865476,1.5,2.0,2,90
19318,9.0,,9.0,9.0,1,91
19319,1.0,0.0,1.0,1.0,2,90
19320,,,,0.0,0,92
19321,,,,0.0,0,92
19322,,,,0.0,0,92
19323,1.5,0.7071067811865476,1.5,2.0,2,90
19324,,,,0.0,0,92
19325,,,,0.0,0,92
19326,,,,0.0,0,92
19327,1.0,,1.0,1.0,1,91
19328,,,,0.0,0,92
19329,,,,0.0,0,92
19330,,,,0.0,0,92
19333,1.0,0.0,1.0,1.0,3,89
19334,,,,0.0,0,92
19335,,,,0.0,0,92
19336,,,,0.0,0,92
19337,,,,0.0,0,92
19338,,,,0.0,0,92
19339,2.0,1.4142135623730951,2.0,3.0,2,90
19340,,,,0.0,0,92
19341,,,,0.0,0,92
19342,,,,0.0,0,92
19343,1.0,0.0,1.0,1.0,5,87
19344,,,,0.0,0,92
19345,,,,0.0,0,92
19347,1.2,0.4472135954999579,1.0,2.0,5,87
19348,1.0,0.0,1.0,1.0,2,90
19349,,,,0.0,0,92
19350,,,,0.0,0,92
19351,1.0,,1.0,1.0,1,91
19352,1.0,0.0,1.0,1.0,2,90
19353,1.0,0.0,1.0,1.0,2,90
19354,,,,0.0,0,92
19355,,,,0.0,0,92
19357,,,,0.0,0,92
19358,,,,0.0,0,92
19359,,,,0.0,0,92
19360,,,,0.0,0,92
19361,,,,0.0,0,92
19362,1.5,0.7071067811865476,1.5,2.0,2,90
19363,1.0,,1.0,1.0,1,91
19366,,,,0.0,0,92
19367,4.0,,4.0,4.0,1,91
19368,,,,0.0,0,92
19369,,,,0.0,0,92
19370,,,,0.0,0,92
19372,,,,0.0,0,92
19375,,,,0.0,0,92
19376,,,,0.0,0,92
19379,,,,0.0,0,92
19381,,,,0.0,0,92
19383,,,,0.0,0,92
19384,4.5,0.7071067811865476,4.5,5.0,2,90
19385,2.0,1.4142135623730951,2.0,3.0,2,90
19386,,,,0.0,0,92
19387,2.0,1.0,2.0,3.0,3,89
19389,,,,0.0,0,92
19390,1.875,1.1259916264596033,1.5,4.0,8,84
19391,2.533333333333333,0.990430401872025,2.0,4.0,15,77
19392,1.8,0.44721359549995804,2.0,2.0,5,87
19393,,,,0.0,0,92
19394,,,,0.0,0,92
19395,,,,0.0,0,92
19396,,,,0.0,0,92
19397,2.5,1.9148542155126762,2.0,5.0,4,88
19398,1.0,,1.0,1.0,1,91
19399,,,,0.0,0,92
19400,,,,0.0,0,92
19401,,,,0.0,0,92
19402,2.0,,2.0,2.0,1,91
19403,,,,0.0,0,92
19404,,,,0.0,0,92
19405,,,,0.0,0,92
19406,,,,0.0,0,92
19407,,,,0.0,0,92
19408,,,,0.0,0,92
19409,,,,0.0,0,92
19410,,,,0.0,0,92
19411,3.75,3.095695936834452,3.0,8.0,4,88
19412,,,,0.0,0,92
19413,1.0,,1.0,1.0,1,91
19414,,,,0.0,0,92
19415,2.0,0.0,2.0,2.0,2,90
19417,,,,0.0,0,92
19418,,,,0.0,0,92
19419,1.8333333333333333,2.041241452319315,1.0,6.0,6,86
19420,2.0,,2.0,2.0,1,91
19422,,,,0.0,0,92
19423,1.5,0.7071067811865476,1.5,2.0,2,90
19424,,,,0.0,0,92
19425,10.0,0.0,10.0,10.0,3,89
19426,,,,0.0,0,92
19427,,,,0.0,0,92
19428,,,,0.0,0,92
19429,,,,0.0,0,92
19430,1.5555555555555556,0.7264831572567789,1.0,3.0,9,83
19431,,,,0.0,0,92
19432,,,,0.0,0,92
19433,,,,0.0,0,92
19434,,,,0.0,0,92
19435,,,,0.0,0,92
19436,,,,0.0,0,92
19437,,,,0.0,0,92
19439,,,,0.0,0,92
19440,,,,0.0,0,92
19441,1.4,0.5477225575051661,1.0,2.0,5,87
19442,,,,0.0,0,92
19443,2.0,1.0,2.0,3.0,3,89
19444,,,,0.0,0,92
19445,,,,0.0,0,92
19446,,,,0.0,0,92
19447,,,,0.0,0,92
19448,9.166666666666666,11.634718160173314,3.0,30.0,6,86
19449,,,,0.0,0,92
19450,,,,0.0,0,92
19451,,,,0.0,0,92
19452,,,,0.0,0,92
19454,,,,0.0,0,92
19457,,,,0.0,0,92
19458,,,,0.0,0,92
19461,,,,0.0,0,92
19462,1.3333333333333333,0.5773502691896257,1.0,2.0,3,89
19463,2.3333333333333335,1.8618986725025255,2.0,6.0,6,86
19464,1.7857142857142858,1.3688047244316386,1.0,6.0,14,78
19465,,,,0.0,0,92
19467,2.5,2.1213203435596424,2.5,4.0,2,90
19469,,,,0.0,0,92
19470,2.0,,2.0,2.0,1,91
19471,,,,0.0,0,92
19472,,,,0.0,0,92
19473,,,,0.0,0,92
19474,,,,0.0,0,92
19475,,,,0.0,0,92
19476,,,,0.0,0,92
19477,,,,0.0,0,92
19478,1.4285714285714286,0.5345224838248488,1.0,2.0,7,85
19479,1.0,0.0,1.0,1.0,2,90
19480,,,,0.0,0,92
19481,16.285714285714285,22.309511104331392,3.0,69.0,21,71
19482,1.0,,1.0,1.0,1,91
19483,,,,0.0,0,92
19484,,,,0.0,0,92
19486,,,,0.0,0,92
19488,,,,0.0,0,92
19489,,,,0.0,0,92
19490,,,,0.0,0,92
19491,,,,0.0,0,92
19492,2.5,0.7071067811865476,2.5,3.0,2,90
19493,,,,0.0,0,92
19494,,,,0.0,0,92
19496,,,,0.0,0,92
19499,,,,0.0,0,92
19500,,,,0.0,0,92
19503,,,,0.0,0,92
19504,1.125,0.3535533905932738,1.0,2.0,8,84
19505,,,,0.0,0,92
19506,,,,0.0,0,92
19507,,,,0.0,0,92
19509,,,,0.0,0,92
19511,,,,0.0,0,92
19513,,,,0.0,0,92
19514,,,,0.0,0,92
19515,,,,0.0,0,92
19516,,,,0.0,0,92
19517,,,,0.0,0,92
19518,,,,0.0,0,92
19519,,,,0.0,0,92
19520,2.3333333333333335,0.5773502691896258,2.0,3.0,3,89
19521,,,,0.0,0,92
19522,1.5555555555555556,0.7264831572567789,1.0,3.0,9,83
19523,,,,0.0,0,92
19524,,,,0.0,0,92
19525,,,,0.0,0,92
19526,2.0,,2.0,2.0,1,91
19527,,,,0.0,0,92
19528,1.375,0.6191391873668903,1.0,3.0,16,76
19529,,,,0.0,0,92
19530,,,,0.0,0,92
19531,,,,0.0,0,92
19532,,,,0.0,0,92
19533,5.0,0.0,5.0,5.0,2,90
19534,,,,0.0,0,92
19535,,,,0.0,0,92
19538,,,,0.0,0,92
19539,,,,0.0,0,92
19540,,,,0.0,0,92
19541,,,,0.0,0,92
19544,,,,0.0,0,92
19545,,,,0.0,0,92
19546,,,,0.0,0,92
19548,,,,0.0,0,92
19549,,,,0.0,0,92
19550,,,,0.0,0,92
19551,1.7209302325581395,0.881707796196537,1.0,4.0,43,49
19552,1.5,0.7071067811865476,1.5,2.0,2,90
19553,1.0,0.0,1.0,1.0,4,88
19554,,,,0.0,0,92
19555,3.0,1.0,3.0,4.0,3,89
19556,1.8275862068965518,0.9284766908852592,2.0,4.0,29,63
19557,1.0,,1.0,1.0,1,91
19558,1.0,0.0,1.0,1.0,2,90
19559,1.1428571428571428,0.37796447300922725,1.0,2.0,7,85
19560,3.0,1.4142135623730951,3.0,4.0,2,90
19562,2.0,,2.0,2.0,1,91
19563,2.0,1.4142135623730951,2.0,3.0,2,90
19564,1.0,0.0,1.0,1.0,3,89
19567,,,,0.0,0,92
19569,,,,0.0,0,92
19570,,,,0.0,0,92
19571,,,,0.0,0,92
19572,4.333333333333333,3.5863335898778548,3.0,14.0,42,50
19573,1.6521739130434783,0.9346217344793909,1.0,5.0,23,69
19574,,,,0.0,0,92
19575,,,,0.0,0,92
19578,1.0,,1.0,1.0,1,91
19579,,,,0.0,0,92
19580,,,,0.0,0,92
19581,,,,0.0,0,92
19582,,,,0.0,0,92
19583,1.0,0.0,1.0,1.0,2,90
19584,,,,0.0,0,92
19585,,,,0.0,0,92
19586,4.0,5.196152422706632,1.0,10.0,3,89
19587,,,,0.0,0,92
19589,,,,0.0,0,92
19590,2.0,,2.0,2.0,1,91
19591,2.0,,2.0,2.0,1,91
19592,,,,0.0,0,92
19593,7.5,6.363961030678928,7.5,12.0,2,90
19594,,,,0.0,0,92
19595,3.4,1.5165750888103102,4.0,5.0,5,87
19596,,,,0.0,0,92
19600,,,,0.0,0,92
19601,,,,0.0,0,92
19602,,,,0.0,0,92
19603,,,,0.0,0,92
19616,,,,0.0,0,92
19617,,,,0.0,0,92
19618,,,,0.0,0,92
19619,,,,0.0,0,92
19621,,,,0.0,0,92
19622,,,,0.0,0,92
19623,,,,0.0,0,92
19624,,,,0.0,0,92
19625,5.0,,5.0,5.0,1,91
19626,,,,0.0,0,92
19627,2.5,0.7071067811865476,2.5,3.0,2,90
19628,,,,0.0,0,92
19629,1.0,0.0,1.0,1.0,2,90
19630,,,,0.0,0,92
19631,1.0,,1.0,1.0,1,91
19632,1.0,0.0,1.0,1.0,2,90
19633,1.0,,1.0,1.0,1,91
19634,,,,0.0,0,92
19635,1.0,0.0,1.0,1.0,5,87
19636,1.5,0.7071067811865476,1.5,2.0,2,90
19637,1.0,,1.0,1.0,1,91
19638,,,,0.0,0,92
19639,1.0,,1.0,1.0,1,91
19640,1.0,0.0,1.0,1.0,12,80
19641,1.0714285714285714,0.2672612419124244,1.0,2.0,14,78
19642,,,,0.0,0,92
19643,1.0,0.0,1.0,1.0,2,90
19644,1.0,,1.0,1.0,1,91
19645,,,,0.0,0,92
19646,1.5,0.7071067811865476,1.5,2.0,2,90
19647,1.0,,1.0,1.0,1,91
19649,2.0,,2.0,2.0,1,91
19650,,,,0.0,0,92
19651,1.0,,1.0,1.0,1,91
19652,1.4,0.8944271909999161,1.0,3.0,5,87
19653,1.0,,1.0,1.0,1,91
19654,,,,0.0,0,92
19655,,,,0.0,0,92
19659,20.214285714285715,22.326461866379532,16.0,120.0,28,64
19661,,,,0.0,0,92
19662,,,,0.0,0,92
19663,,,,0.0,0,92
19664,,,,0.0,0,92
19670,1.0,0.0,1.0,1.0,5,87
19671,,,,0.0,0,92
19672,3.75,3.0015428131644666,3.5,13.0,28,64
19673,,,,0.0,0,92
19674,,,,0.0,0,92
19675,,,,0.0,0,92
19693,,,,0.0,0,92
19694,,,,0.0,0,92
19695,,,,0.0,0,92
19700,,,,0.0,0,92
19701,3.217391304347826,2.645004240229123,2.0,11.0,23,69
19702,,,,0.0,0,92
19704,,,,0.0,0,92
19705,,,,0.0,0,92
19706,,,,0.0,0,92
19707,,,,0.0,0,92
19708,3.0,,3.0,3.0,1,91
19710,3.0,,3.0,3.0,1,91
19712,4.0,3.0,3.0,12.0,13,79
19713,1.0,,1.0,1.0,1,91
19715,,,,0.0,0,92
19716,,,,0.0,0,92
19717,,,,0.0,0,92
19718,1.0,,1.0,1.0,1,91
19719,4.777777777777778,3.80058475033046,3.0,10.0,9,83
19721,2.0,,2.0,2.0,1,91
19722,,,,0.0,0,92
19723,8.0,,8.0,8.0,1,91
19724,1.0,,1.0,1.0,1,91
19725,,,,0.0,0,92
19726,,,,0.0,0,92
19727,,,,0.0,0,92
19728,3.342857142857143,2.071414082823859,3.0,10.0,35,57
19729,4.945945945945946,3.807492218901701,4.0,20.0,37,55
19730,3.40625,2.2840170469958716,2.0,9.0,32,60
19732,,,,0.0,0,92
19733,,,,0.0,0,92
19734,2.5294117647058822,1.280510008689093,2.0,6.0,17,75
19735,1.6,0.5477225575051661,2.0,2.0,5,87
19736,,,,0.0,0,92
19738,,,,0.0,0,92
19739,1.6666666666666667,1.1547005383792517,1.0,3.0,3,89
19740,,,,0.0,0,92
19741,,,,0.0,0,92
19742,,,,0.0,0,92
19743,5.972972972972973,3.8549137941542044,5.0,17.0,37,55
19744,,,,0.0,0,92
19745,,,,0.0,0,92
19746,,,,0.0,0,92
19747,,,,0.0,0,92
19748,,,,0.0,0,92
19749,2.0,,2.0,2.0,1,91
19752,,,,0.0,0,92
19755,1.0,0.0,1.0,1.0,2,90
19761,2.5,1.0,2.0,4.0,4,88
19762,5.8076923076923075,4.049881289808192,5.5,12.0,26,66
19763,2.2857142857142856,1.3801311186847083,2.0,5.0,7,85
19764,3.0,1.4142135623730951,3.0,4.0,2,90
19765,2.3333333333333335,0.5773502691896258,2.0,3.0,3,89
19766,1.6,0.5477225575051661,2.0,2.0,5,87
19767,,,,0.0,0,92
19768,,,,0.0,0,92
19769,,,,0.0,0,92
19770,2.6666666666666665,2.8751811537130436,1.0,8.0,6,86
19771,1.7777777777777777,0.6666666666666666,2.0,3.0,9,83
19773,,,,0.0,0,92
19774,1.0,0.0,1.0,1.0,2,90
19775,,,,0.0,0,92
19776,1.0,0.0,1.0,1.0,3,89
19777,,,,0.0,0,92
19778,,,,0.0,0,92
19779,5.5,2.8809720581775866,4.5,10.0,6,86
19780,2.0,,2.0,2.0,1,91
19781,,,,0.0,0,92
19782,2.0,,2.0,2.0,1,91
19783,,,,0.0,0,92
19784,1.75,0.9574271077563381,1.5,3.0,4,88
19786,2.0,,2.0,2.0,1,91
19789,,,,0.0,0,92
19791,,,,0.0,0,92
19792,2.0,,2.0,2.0,1,91
19793,,,,0.0,0,92
19795,,,,0.0,0,92
19796,2.066666666666667,1.162919151265879,2.0,4.0,15,77
19797,,,,0.0,0,92
19798,,,,0.0,0,92
19799,1.3333333333333333,0.5773502691896257,1.0,2.0,3,89
19800,,,,0.0,0,92
19802,3.6666666666666665,1.1547005383792515,3.0,5.0,3,89
19803,5.75,3.095695936834452,5.0,10.0,4,88
19804,1.3333333333333333,0.5773502691896257,1.0,2.0,3,89
19805,,,,0.0,0,92
19806,1.0,0.0,1.0,1.0,5,87
19807,1.0,0.0,1.0,1.0,4,88
19808,1.0,,1.0,1.0,1,91
19809,2.6451612903225805,1.835726688022561,2.0,7.0,31,61
19810,2.375,1.407885953173359,2.0,5.0,8,84
19811,3.5,0.7071067811865476,3.5,4.0,2,90
19812,1.0,,1.0,1.0,1,91
19813,,,,0.0,0,92
19814,,,,0.0,0,92
19815,,,,0.0,0,92
19816,1.0,,1.0,1.0,1,91
19817,1.5,0.7071067811865476,1.5,2.0,2,90
19818,,,,0.0,0,92
19819,,,,0.0,0,92
19821,,,,0.0,0,92
19822,,,,0.0,0,92
19823,,,,0.0,0,92
19824,,,,0.0,0,92
19825,,,,0.0,0,92
19826,,,,0.0,0,92
19828,1.0,0.0,1.0,1.0,2,90
19829,,,,0.0,0,92
19830,1.2,0.4472135954999579,1.0,2.0,5,87
19831,,,,0.0,0,92
19832,,,,0.0,0,92
19833,,,,0.0,0,92
19835,4.111111111111111,3.0595932917809696,3.0,8.0,9,83
19836,,,,0.0,0,92
19838,1.5,1.0215078369104984,1.0,5.0,24,68
19839,4.0,4.358898943540674,2.0,9.0,3,89
19841,,,,0.0,0,92
19843,1.0,0.0,1.0,1.0,5,87
19844,,,,0.0,0,92
19845,,,,0.0,0,92
19846,,,,0.0,0,92
19847,3.6,1.51657508881031,3.0,6.0,5,87
19848,,,,0.0,0,92
19851,,,,0.0,0,92
19853,2.3333333333333335,0.5773502691896258,2.0,3.0,3,89
19854,1.5714285714285714,1.133893419027682,1.0,4.0,7,85
19855,,,,0.0,0,92
19856,4.0,,4.0,4.0,1,91
19857,,,,0.0,0,92
19858,,,,0.0,0,92
19859,,,,0.0,0,92
19860,,,,0.0,0,92
19861,2.0,,2.0,2.0,1,91
19866,,,,0.0,0,92
19867,1.0,0.0,1.0,1.0,2,90
19869,,,,0.0,0,92
19870,1.0,,1.0,1.0,1,91
19871,,,,0.0,0,92
19872,,,,0.0,0,92
19873,,,,0.0,0,92
19874,2.0,,2.0,2.0,1,91
19875,4.0,,4.0,4.0,1,91
19876,4.0,4.242640687119285,4.0,7.0,2,90
19877,,,,0.0,0,92
19878,1.0,0.0,1.0,1.0,9,83
19879,2.0,,2.0,2.0,1,91
19880,,,,0.0,0,92
19881,1.3333333333333333,0.5163977794943223,1.0,2.0,6,86
19883,,,,0.0,0,92
19884,,,,0.0,0,92
19885,1.0,0.0,1.0,1.0,4,88
19886,,,,0.0,0,92
19887,,,,0.0,0,92
19888,3.4285714285714284,2.9145794755270895,2.0,14.0,42,50
19889,1.0,,1.0,1.0,1,91
19890,,,,0.0,0,92
19892,,,,0.0,0,92
19893,,,,0.0,0,92
19894,,,,0.0,0,92
19895,,,,0.0,0,92
19896,3.8181818181818183,4.147705775903494,2.0,20.0,22,70
19898,,,,0.0,0,92
19899,4.0,,4.0,4.0,1,91
19900,,,,0.0,0,92
19901,,,,0.0,0,92
19902,,,,0.0,0,92
19903,1.0,,1.0,1.0,1,91
19904,4.0,,4.0,4.0,1,91
19905,1.75,0.7071067811865476,2.0,3.0,8,84
19906,1.7,0.9486832980505138,1.0,3.0,10,82
19908,,,,0.0,0,92
19909,,,,0.0,0,92
19910,2.9444444444444446,2.041630223192723,2.0,10.0,36,56
19911,,,,0.0,0,92
19912,,,,0.0,0,92
19913,,,,0.0,0,92
19914,2.142857142857143,1.3451854182690985,2.0,4.0,7,85
19915,,,,0.0,0,92
19916,2.142857142857143,1.4638501094227998,1.0,4.0,7,85
19917,1.1818181818181819,0.40451991747794525,1.0,2.0,11,81
19919,,,,0.0,0,92
19920,,,,0.0,0,92
19921,2.5,1.2909944487358056,2.5,4.0,4,88
19922,2.0,0.7071067811865476,2.0,3.0,5,87
19923,2.5,2.1213203435596424,2.5,4.0,2,90
19924,2.0,1.4142135623730951,2.0,3.0,2,90
19925,2.0,,2.0,2.0,1,91
19926,,,,0.0,0,92
19927,,,,0.0,0,92
19928,,,,0.0,0,92
19929,2.0,0.0,2.0,2.0,3,89
19930,,,,0.0,0,92
19931,,,,0.0,0,92
19932,,,,0.0,0,92
19935,1.5,0.7071067811865476,1.5,2.0,2,90
19936,,,,0.0,0,92
19938,,,,0.0,0,92
19939,,,,0.0,0,92
19940,1.7142857142857142,0.7559289460184545,2.0,3.0,7,85
19941,2.0,,2.0,2.0,1,91
19942,1.5,0.7071067811865476,1.5,2.0,2,90
19943,1.5,0.7071067811865476,1.5,2.0,2,90
19944,,,,0.0,0,92
19945,,,,0.0,0,92
19946,,,,0.0,0,92
19948,,,,0.0,0,92
19949,1.5,0.7071067811865476,1.5,2.0,2,90
19951,,,,0.0,0,92
19952,,,,0.0,0,92
19953,,,,0.0,0,92
19954,,,,0.0,0,92
19955,,,,0.0,0,92
19957,2.0,,2.0,2.0,1,91
19958,,,,0.0,0,92
19960,7.333333333333333,4.618802153517007,10.0,10.0,3,89
19961,5.0,,5.0,5.0,1,91
19962,3.75,2.6299556396765835,4.0,6.0,4,88
19963,8.363636363636363,7.526921379591091,6.0,30.0,11,81
19964,12.1,12.479316220584096,10.0,73.0,40,52
19965,,,,0.0,0,92
19966,10.0,,10.0,10.0,1,91
19967,,,,0.0,0,92
19968,,,,0.0,0,92
19969,5.0,4.58257569495584,4.0,10.0,3,89
19970,,,,0.0,0,92
19971,,,,0.0,0,92
19973,,,,0.0,0,92
19974,3.0,,3.0,3.0,1,91
19975,2.0,1.7320508075688772,1.0,4.0,3,89
19976,1.2222222222222223,0.6666666666666667,1.0,3.0,9,83
19977,,,,0.0,0,92
19978,2.6363636363636362,0.9244162777371754,3.0,4.0,11,81
19979,2.0,,2.0,2.0,1,91
19980,1.0,0.0,1.0,1.0,2,90
19981,,,,0.0,0,92
19985,2.395348837209302,2.0135201925710784,2.0,10.0,43,49
19986,2.5588235294117645,3.5521327479168803,1.0,20.0,34,58
19987,2.6,2.326053807586891,2.0,10.0,20,72
19989,1.5,0.7071067811865476,1.5,2.0,2,90
19990,1.0,0.0,1.0,1.0,2,90
19991,,,,0.0,0,92
19992,1.0,,1.0,1.0,1,91
19993,,,,0.0,0,92
19994,,,,0.0,0,92
19995,,,,0.0,0,92
19996,,,,0.0,0,92
19997,3.6666666666666665,0.5773502691896258,4.0,4.0,3,89
19998,10.5,29.353023694331732,2.0,120.0,16,76
19999,,,,0.0,0,92
20000,1.0,,1.0,1.0,1,91
20001,,,,0.0,0,92
20002,1.2,0.44721359549995804,1.0,2.0,5,87
20003,,,,0.0,0,92
20004,1.0,,1.0,1.0,1,91
20005,,,,0.0,0,92
20006,1.4285714285714286,0.7867957924694431,1.0,3.0,7,85
20007,,,,0.0,0,92
20009,13.0,,13.0,13.0,1,91
20011,1.5,0.7071067811865476,1.5,2.0,2,90
20012,,,,0.0,0,92
20013,1.75,1.0350983390135313,1.5,4.0,8,84
20015,,,,0.0,0,92
20016,,,,0.0,0,92
20020,,,,0.0,0,92
20021,,,,0.0,0,92
20023,,,,0.0,0,92
20025,,,,0.0,0,92
20126,2.6666666666666665,2.886751345948129,1.0,6.0,3,89
20127,1.0,0.0,1.0,1.0,3,89
20128,1.0,,1.0,1.0,1,91
20129,,,,0.0,0,92
20131,1.5,0.5773502691896257,1.5,2.0,4,88
20132,,,,0.0,0,92
20133,,,,0.0,0,92
20134,,,,0.0,0,92
20136,1.0,,1.0,1.0,1,91
20138,3.0,,3.0,3.0,1,91
20139,,,,0.0,0,92
20140,,,,0.0,0,92
20142,1.5,0.7071067811865476,1.5,2.0,2,90
20143,1.0,,1.0,1.0,1,91
20144,6.2,0.8366600265340756,6.0,7.0,5,87
20145,,,,0.0,0,92
20146,,,,0.0,0,92
20147,,,,0.0,0,92
20148,1.0,,1.0,1.0,1,91
20149,3.3333333333333335,2.3094010767585034,2.0,6.0,3,89
20150,2.6666666666666665,0.5773502691896258,3.0,3.0,3,89
20151,,,,0.0,0,92
20152,,,,0.0,0,92
20155,11.0,12.727922061357855,11.0,20.0,2,90
20156,2.0,0.0,2.0,2.0,2,90
20158,,,,0.0,0,92
20159,1.0,0.0,1.0,1.0,2,90
20160,2.0,,2.0,2.0,1,91
20161,1.0,,1.0,1.0,1,91
20162,,,,0.0,0,92
20163,,,,0.0,0,92
20167,1.0,0.0,1.0,1.0,2,90
20168,1.5,0.7071067811865476,1.5,2.0,2,90
20169,4.0,,4.0,4.0,1,91
20170,5.5,0.7071067811865476,5.5,6.0,2,90
20171,,,,0.0,0,92
20172,5.5,5.0099900199501395,3.5,15.0,6,86
20173,5.0,,5.0,5.0,1,91
20224,2.3076923076923075,1.7611185256928228,2.0,8.0,26,66
20226,,,,0.0,0,92
20227,1.6,0.5477225575051661,2.0,2.0,5,87
20228,2.0,,2.0,2.0,1,91
20229,,,,0.0,0,92
20230,,,,0.0,0,92
20231,1.0,0.0,1.0,1.0,2,90
20232,5.0,,5.0,5.0,1,91
20233,,,,0.0,0,92
20234,,,,0.0,0,92
20237,,,,0.0,0,92
20239,,,,0.0,0,92
20240,,,,0.0,0,92
20241,,,,0.0,0,92
20242,3.357142857142857,2.3603873774083293,3.0,10.0,28,64
20243,,,,0.0,0,92
20244,,,,0.0,0,92
20245,2.0,0.0,2.0,2.0,3,89
20246,1.0,0.0,1.0,1.0,4,88
20247,,,,0.0,0,92
20248,1.0,,1.0,1.0,1,91
20249,,,,0.0,0,92
20250,1.0,0.0,1.0,1.0,2,90
20251,,,,0.0,0,92
20252,,,,0.0,0,92
20253,6.75,8.920949127381757,3.0,20.0,4,88
20254,,,,0.0,0,92
20255,1.0,,1.0,1.0,1,91
20256,,,,0.0,0,92
20257,,,,0.0,0,92
20258,,,,0.0,0,92
20259,,,,0.0,0,92
20263,,,,0.0,0,92
20264,4.0,3.6606010435446255,3.0,15.0,21,71
20265,1.0,0.0,1.0,1.0,2,90
20266,1.8571428571428572,0.8997354108424372,2.0,3.0,7,85
20267,4.421052631578948,2.3878346647045965,4.0,11.0,19,73
20269,2.0,,2.0,2.0,1,91
20270,2.0,,2.0,2.0,1,91
20271,2.0,,2.0,2.0,1,91
20272,15.444444444444445,5.410894360249309,20.0,20.0,9,83
20273,13.333333333333334,5.163977794943222,10.0,20.0,6,86
20274,,,,0.0,0,92
20275,,,,0.0,0,92
20276,,,,0.0,0,92
20277,,,,0.0,0,92
20278,1.0,,1.0,1.0,1,91
20279,,,,0.0,0,92
20280,2.8,2.16794833886788,2.0,6.0,5,87
20281,1.0,,1.0,1.0,1,91
20282,2.0,,2.0,2.0,1,91
20283,4.111111111111111,6.030017505041848,2.0,20.0,9,83
20284,1.6666666666666667,0.5773502691896257,2.0,2.0,3,89
20286,8.0,3.4641016151377544,10.0,10.0,3,89
20289,1.0,0.0,1.0,1.0,4,88
20290,,,,0.0,0,92
20291,,,,0.0,0,92
20292,,,,0.0,0,92
20293,,,,0.0,0,92
20294,,,,0.0,0,92
20295,,,,0.0,0,92
20296,,,,0.0,0,92
20297,,,,0.0,0,92
20298,,,,0.0,0,92
20299,,,,0.0,0,92
20300,,,,0.0,0,92
20301,,,,0.0,0,92
20302,1.0,0.0,1.0,1.0,2,90
20303,,,,0.0,0,92
20304,,,,0.0,0,92
20305,5.0,2.1447610589527217,6.0,8.0,11,81
20306,,,,0.0,0,92
20307,,,,0.0,0,92
20308,,,,0.0,0,92
20309,,,,0.0,0,92
20310,,,,0.0,0,92
20312,,,,0.0,0,92
20313,,,,0.0,0,92
20314,,,,0.0,0,92
20315,,,,0.0,0,92
20316,,,,0.0,0,92
20317,1.5714285714285714,1.133893419027682,1.0,4.0,7,85
20318,1.8,0.8366600265340756,2.0,3.0,5,87
20319,3.3846153846153846,2.5299821573677534,3.0,14.0,39,53
20320,,,,0.0,0,92
20321,,,,0.0,0,92
20322,,,,0.0,0,92
20323,,,,0.0,0,92
20324,,,,0.0,0,92
20325,,,,0.0,0,92
20327,,,,0.0,0,92
20328,,,,0.0,0,92
20329,,,,0.0,0,92
20331,1.1666666666666667,0.408248290463863,1.0,2.0,6,86
20333,2.3333333333333335,1.5275252316519465,2.0,4.0,3,89
20337,,,,0.0,0,92
20338,,,,0.0,0,92
20342,1.0,,1.0,1.0,1,91
20344,,,,0.0,0,92
20345,1.5,0.7071067811865476,1.5,2.0,2,90
20346,2.0,1.224744871391589,2.0,4.0,5,87
20347,2.0,,2.0,2.0,1,91
20348,4.0,,4.0,4.0,1,91
20349,,,,0.0,0,92
20350,1.5714285714285714,0.5345224838248488,2.0,2.0,7,85
20351,1.0,0.0,1.0,1.0,2,90
20352,1.0,,1.0,1.0,1,91
20353,1.0,0.0,1.0,1.0,3,89
20354,1.1764705882352942,0.3929526239966879,1.0,2.0,17,75
20355,,,,0.0,0,92
20356,2.5,0.7071067811865476,2.5,3.0,2,90
20357,,,,0.0,0,92
20358,,,,0.0,0,92
20359,5.833333333333333,10.969655114602887,2.0,40.0,12,80
20360,,,,0.0,0,92
20361,5.0,,5.0,5.0,1,91
20362,,,,0.0,0,92
20363,,,,0.0,0,92
20364,1.0,,1.0,1.0,1,91
20365,,,,0.0,0,92
20367,1.0,,1.0,1.0,1,91
20370,1.0,0.0,1.0,1.0,3,89
20371,,,,0.0,0,92
20372,,,,0.0,0,92
20373,,,,0.0,0,92
20374,,,,0.0,0,92
20375,,,,0.0,0,92
20376,,,,0.0,0,92
20378,,,,0.0,0,92
20379,1.0,0.0,1.0,1.0,2,90
20380,,,,0.0,0,92
20381,,,,0.0,0,92
20382,,,,0.0,0,92
20383,1.0,0.0,1.0,1.0,2,90
20384,,,,0.0,0,92
20385,,,,0.0,0,92
20386,,,,0.0,0,92
20391,,,,0.0,0,92
20392,,,,0.0,0,92
20393,,,,0.0,0,92
20394,12.333333333333334,13.155480480266263,9.5,34.0,6,86
20398,17.555555555555557,7.927778579313021,12.0,36.0,18,74
20399,2.0,,2.0,2.0,1,91
20400,1.0,,1.0,1.0,1,91
20402,,,,0.0,0,92
20403,,,,0.0,0,92
20404,,,,0.0,0,92
20405,1.0,,1.0,1.0,1,91
20411,,,,0.0,0,92
20414,1.3333333333333333,0.5773502691896257,1.0,2.0,3,89
20415,1.75,1.0350983390135313,1.5,4.0,8,84
20416,,,,0.0,0,92
20417,1.0,,1.0,1.0,1,91
20418,1.0,,1.0,1.0,1,91
20419,11.0,6.557438524302,10.0,18.0,3,89
20421,,,,0.0,0,92
20422,,,,0.0,0,92
20423,,,,0.0,0,92
20424,,,,0.0,0,92
20425,1.0,0.0,1.0,1.0,6,86
20426,,,,0.0,0,92
20427,,,,0.0,0,92
20428,1.0,,1.0,1.0,1,91
20429,1.0,,1.0,1.0,1,91
20430,2.5,0.9045340337332909,2.0,4.0,12,80
20432,1.0,,1.0,1.0,1,91
20433,,,,0.0,0,92
20435,,,,0.0,0,92
20436,,,,0.0,0,92
20437,1.0,,1.0,1.0,1,91
20438,1.0,,1.0,1.0,1,91
20439,,,,0.0,0,92
20440,1.0,,1.0,1.0,1,91
20441,,,,0.0,0,92
20442,3.0,,3.0,3.0,1,91
20443,,,,0.0,0,92
20444,,,,0.0,0,92
20445,1.0,,1.0,1.0,1,91
20446,,,,0.0,0,92
20447,1.0,0.0,1.0,1.0,2,90
20455,,,,0.0,0,92
20456,,,,0.0,0,92
20457,3.0,1.4142135623730951,3.0,4.0,2,90
20458,2.0,1.7320508075688772,1.0,4.0,3,89
20459,,,,0.0,0,92
20460,,,,0.0,0,92
20461,,,,0.0,0,92
20462,1.5,0.7071067811865476,1.5,2.0,2,90
20464,,,,0.0,0,92
20465,,,,0.0,0,92
20467,,,,0.0,0,92
20468,,,,0.0,0,92
20470,45.82222222222222,25.40396225743198,40.5,134.0,90,2
20471,,,,0.0,0,92
20472,,,,0.0,0,92
20473,1.0,,1.0,1.0,1,91
20475,,,,0.0,0,92
20480,,,,0.0,0,92
20481,1.0,,1.0,1.0,1,91
20482,,,,0.0,0,92
20483,1.5,0.7071067811865476,1.5,2.0,2,90
20484,2.5,1.0,3.0,3.0,4,88
20485,1.75,0.9574271077563381,1.5,3.0,4,88
20486,1.0,,1.0,1.0,1,91
20487,,,,0.0,0,92
20488,,,,0.0,0,92
20489,,,,0.0,0,92
20490,,,,0.0,0,92
20491,,,,0.0,0,92
20492,,,,0.0,0,92
20493,1.0,0.0,1.0,1.0,3,89
20494,,,,0.0,0,92
20495,,,,0.0,0,92
20497,,,,0.0,0,92
20498,,,,0.0,0,92
20499,,,,0.0,0,92
20500,,,,0.0,0,92
20501,,,,0.0,0,92
20502,,,,0.0,0,92
20503,,,,0.0,0,92
20504,1.3333333333333333,0.5773502691896257,1.0,2.0,3,89
20505,4.777777777777778,2.5385910352879693,4.0,10.0,9,83
20507,,,,0.0,0,92
20508,1.6666666666666667,0.5773502691896257,2.0,2.0,3,89
20509,,,,0.0,0,92
20510,,,,0.0,0,92
20511,,,,0.0,0,92
20512,5.5964912280701755,6.6570576112949675,3.0,34.0,57,35
20514,1.0,,1.0,1.0,1,91
20515,2.125,1.1259916264596033,2.0,4.0,8,84
20516,1.0,,1.0,1.0,1,91
20517,1.0,,1.0,1.0,1,91
20518,,,,0.0,0,92
20520,,,,0.0,0,92
20521,1.0,0.0,1.0,1.0,3,89
20522,10.0,0.0,10.0,10.0,3,89
20523,,,,0.0,0,92
20524,1.0,,1.0,1.0,1,91
20525,,,,0.0,0,92
20526,1.0,0.0,1.0,1.0,2,90
20527,,,,0.0,0,92
20528,,,,0.0,0,92
20529,1.5,1.224744871391589,1.0,4.0,6,86
20530,,,,0.0,0,92
20533,5.333333333333333,2.516611478423583,5.0,8.0,3,89
20534,1.0,0.0,1.0,1.0,2,90
20535,1.0,,1.0,1.0,1,91
20536,,,,0.0,0,92
20537,1.0,0.0,1.0,1.0,3,89
20539,1.3333333333333333,0.5773502691896257,1.0,2.0,3,89
20540,1.0,,1.0,1.0,1,91
20541,,,,0.0,0,92
20542,1.0,0.0,1.0,1.0,3,89
20543,1.8,1.7888543819998322,1.0,5.0,5,87
20544,,,,0.0,0,92
20545,1.0,,1.0,1.0,1,91
20546,,,,0.0,0,92
20547,,,,0.0,0,92
20548,,,,0.0,0,92
20550,2.0,,2.0,2.0,1,91
20551,,,,0.0,0,92
20552,1.0,,1.0,1.0,1,91
20553,,,,0.0,0,92
20557,,,,0.0,0,92
20558,5.6,3.2093613071762426,6.0,10.0,5,87
20559,1.0,,1.0,1.0,1,91
20560,,,,0.0,0,92
20561,2.857142857142857,3.236694374850748,2.0,10.0,7,85
20563,,,,0.0,0,92
20564,,,,0.0,0,92
20574,,,,0.0,0,92
20575,,,,0.0,0,92
20580,,,,0.0,0,92
20581,,,,0.0,0,92
20582,,,,0.0,0,92
20583,3.0625,2.112463017427761,2.5,8.0,16,76
20584,2.4615384615384617,1.8980421761815787,2.0,8.0,13,79
20585,,,,0.0,0,92
20586,1.0,,1.0,1.0,1,91
20587,,,,0.0,0,92
20588,,,,0.0,0,92
20589,,,,0.0,0,92
20590,,,,0.0,0,92
20591,,,,0.0,0,92
20592,,,,0.0,0,92
20593,1.0,,1.0,1.0,1,91
20594,,,,0.0,0,92
20595,,,,0.0,0,92
20596,2.25,1.5275252316519468,2.0,6.0,16,76
20597,,,,0.0,0,92
20598,,,,0.0,0,92
20599,1.6666666666666667,1.1547005383792517,1.0,3.0,3,89
20600,,,,0.0,0,92
20601,,,,0.0,0,92
20602,2.0,,2.0,2.0,1,91
20603,1.1428571428571428,0.37796447300922725,1.0,2.0,7,85
20604,2.0,,2.0,2.0,1,91
20605,,,,0.0,0,92
20606,,,,0.0,0,92
20607,5.0,,5.0,5.0,1,91
20608,2.0,,2.0,2.0,1,91
20609,1.0,,1.0,1.0,1,91
20610,1.0,,1.0,1.0,1,91
20611,1.5,0.7071067811865476,1.5,2.0,2,90
20612,1.6,1.3416407864998738,1.0,4.0,5,87
20613,,,,0.0,0,92
20614,,,,0.0,0,92
20615,,,,0.0,0,92
20616,,,,0.0,0,92
20617,1.0,0.0,1.0,1.0,6,86
20618,1.75,0.9574271077563381,1.5,3.0,4,88
20619,1.0909090909090908,0.30151134457776363,1.0,2.0,11,81
20620,,,,0.0,0,92
20621,,,,0.0,0,92
20622,1.3333333333333333,0.5773502691896257,1.0,2.0,3,89
20623,,,,0.0,0,92
20624,1.6,1.3416407864998738,1.0,4.0,5,87
20625,1.0,,1.0,1.0,1,91
20626,4.0,0.0,4.0,4.0,2,90
20627,,,,0.0,0,92
20628,,,,0.0,0,92
20629,2.0,,2.0,2.0,1,91
20630,,,,0.0,0,92
20631,,,,0.0,0,92
20633,1.0,,1.0,1.0,1,91
20634,,,,0.0,0,92
20635,2.0,,2.0,2.0,1,91
20636,2.0,1.224744871391589,2.0,4.0,5,87
20637,,,,0.0,0,92
20638,,,,0.0,0,92
20639,,,,0.0,0,92
20641,1.3333333333333333,0.5163977794943222,1.0,2.0,6,86
20642,1.0,,1.0,1.0,1,91
20643,2.4444444444444446,1.7400510848184252,2.0,6.0,9,83
20644,,,,0.0,0,92
20645,,,,0.0,0,92
20646,5.0,6.082762530298219,2.0,12.0,3,89
20647,,,,0.0,0,92
20648,1.0,,1.0,1.0,1,91
20650,,,,0.0,0,92
20651,2.5,2.1213203435596424,2.5,4.0,2,90
20652,,,,0.0,0,92
20653,,,,0.0,0,92
20654,,,,0.0,0,92
20655,8.5,9.192388155425117,8.5,15.0,2,90
20656,1.0,,1.0,1.0,1,91
20657,,,,0.0,0,92
20658,,,,0.0,0,92
20660,5.0,1.4142135623730951,5.0,6.0,2,90
20663,,,,0.0,0,92
20664,,,,0.0,0,92
20665,1.3846153846153846,0.6504436355879909,1.0,3.0,13,79
20666,2.2,1.0954451150103321,2.0,4.0,5,87
20667,,,,0.0,0,92
20668,,,,0.0,0,92
20669,,,,0.0,0,92
20670,2.0,,2.0,2.0,1,91
20671,2.2222222222222223,0.9336995618478525,2.0,4.0,27,65
20672,,,,0.0,0,92
20674,1.0,,1.0,1.0,1,91
20675,1.0,,1.0,1.0,1,91
20676,,,,0.0,0,92
20677,,,,0.0,0,92
20678,,,,0.0,0,92
20679,,,,0.0,0,92
20680,1.5,0.7071067811865476,1.5,2.0,2,90
20681,1.0,,1.0,1.0,1,91
20682,,,,0.0,0,92
20684,1.0,0.0,1.0,1.0,8,84
20685,,,,0.0,0,92
20686,,,,0.0,0,92
20687,1.375,0.5175491695067657,1.0,2.0,8,84
20688,3.125,2.7240511275404775,2.0,13.0,56,36
20690,2.1,1.1972189997378648,2.0,4.0,10,82
20691,,,,0.0,0,92
20693,,,,0.0,0,92
20694,,,,0.0,0,92
20695,,,,0.0,0,92
20696,,,,0.0,0,92
20698,1.5,0.7071067811865476,1.5,2.0,2,90
20699,,,,0.0,0,92
20700,1.0,,1.0,1.0,1,91
20701,,,,0.0,0,92
20702,3.0,,3.0,3.0,1,91
20703,1.380952380952381,0.6690433824641326,1.0,3.0,21,71
20704,,,,0.0,0,92
20705,1.2692307692307692,0.4523443208612048,1.0,2.0,26,66
20707,2.727272727272727,2.5725827135743993,2.0,10.0,11,81
20708,1.0,0.0,1.0,1.0,2,90
20709,,,,0.0,0,92
20710,,,,0.0,0,92
20711,2.0,,2.0,2.0,1,91
20712,,,,0.0,0,92
20713,1.0,0.0,1.0,1.0,3,89
20714,,,,0.0,0,92
20716,5.0,,5.0,5.0,1,91
20717,,,,0.0,0,92
20718,,,,0.0,0,92
20719,,,,0.0,0,92
20720,,,,0.0,0,92
20724,1.5,0.7071067811865476,1.5,2.0,2,90
20725,1.5,0.5773502691896257,1.5,2.0,4,88
20726,,,,0.0,0,92
20727,2.0,0.816496580927726,2.0,3.0,4,88
20728,1.0,0.0,1.0,1.0,2,90
20729,,,,0.0,0,92
20730,,,,0.0,0,92
20732,,,,0.0,0,92
20733,2.0,,2.0,2.0,1,91
20734,,,,0.0,0,92
20735,,,,0.0,0,92
20736,,,,0.0,0,92
20737,,,,0.0,0,92
20738,,,,0.0,0,92
20739,,,,0.0,0,92
20740,4.0,,4.0,4.0,1,91
20741,,,,0.0,0,92
20742,1.0,0.0,1.0,1.0,2,90
20743,,,,0.0,0,92
20745,,,,0.0,0,92
20746,,,,0.0,0,92
20747,,,,0.0,0,92
20748,,,,0.0,0,92
20749,,,,0.0,0,92
20750,,,,0.0,0,92
20751,,,,0.0,0,92
20752,,,,0.0,0,92
20753,,,,0.0,0,92
20754,,,,0.0,0,92
20755,1.0,,1.0,1.0,1,91
20756,,,,0.0,0,92
20757,,,,0.0,0,92
20759,,,,0.0,0,92
20760,,,,0.0,0,92
20761,,,,0.0,0,92
20762,,,,0.0,0,92
20763,5.0,,5.0,5.0,1,91
20764,3.0,,3.0,3.0,1,91
20765,,,,0.0,0,92
20766,,,,0.0,0,92
20767,,,,0.0,0,92
20768,4.0,,4.0,4.0,1,91
20769,,,,0.0,0,92
20770,,,,0.0,0,92
20771,1.5,0.7071067811865476,1.5,2.0,2,90
20772,,,,0.0,0,92
20773,5.0,,5.0,5.0,1,91
20774,4.0,,4.0,4.0,1,91
20776,1.0,0.0,1.0,1.0,3,89
20777,,,,0.0,0,92
20778,1.0,,1.0,1.0,1,91
20779,1.3333333333333333,0.816496580927726,1.0,3.0,6,86
20780,,,,0.0,0,92
20781,2.6153846153846154,1.2608503439122305,2.0,4.0,13,79
20782,2.75,1.164964745021435,2.5,4.0,8,84
20783,2.764705882352941,1.3932610920384718,3.0,6.0,17,75
20784,,,,0.0,0,92
20785,,,,0.0,0,92
20786,3.2857142857142856,1.2535663410560174,4.0,5.0,7,85
20787,4.235294117647059,3.302049274581575,3.0,16.0,51,41
20789,3.9555555555555557,3.4440697091691055,3.0,16.0,45,47
20791,3.0,,3.0,3.0,1,91
20792,,,,0.0,0,92
20795,10.0,6.928203230275509,6.0,18.0,3,89
20796,2.0,,2.0,2.0,1,91
20797,1.2,0.4472135954999579,1.0,2.0,5,87
20798,3.0,,3.0,3.0,1,91
20799,,,,0.0,0,92
20800,,,,0.0,0,92
20801,,,,0.0,0,92
20802,4.166666666666667,3.311595788538611,4.0,10.0,6,86
20804,1.0,0.0,1.0,1.0,2,90
20805,,,,0.0,0,92
20806,1.6666666666666667,0.5773502691896257,2.0,2.0,3,89
20807,1.0,0.0,1.0,1.0,3,89
20808,1.5,0.7071067811865476,1.5,2.0,2,90
20809,2.0,,2.0,2.0,1,91
20810,,,,0.0,0,92
20812,1.0,0.0,1.0,1.0,3,89
20813,,,,0.0,0,92
20814,1.3333333333333333,0.8876253645985945,1.0,4.0,12,80
20815,2.5,1.449137674618944,2.0,6.0,26,66
20816,2.269230769230769,1.9505423308955345,1.5,8.0,26,66
20817,11.75,8.729521490582714,10.0,39.0,12,80
20819,,,,0.0,0,92
20820,3.0,1.0,3.0,4.0,3,89
20822,1.0,,1.0,1.0,1,91
20823,,,,0.0,0,92
20824,1.0,,1.0,1.0,1,91
20825,3.8846153846153846,3.625762519271477,3.0,13.0,26,66
20826,,,,0.0,0,92
20827,,,,0.0,0,92
20828,3.142857142857143,2.1157009420498154,3.0,7.0,7,85
20829,,,,0.0,0,92
20830,,,,0.0,0,92
20831,1.0,,1.0,1.0,1,91
20833,,,,0.0,0,92
20834,,,,0.0,0,92
20835,,,,0.0,0,92
20836,1.0,,1.0,1.0,1,91
20837,6.411764705882353,5.432067096527478,5.0,21.0,17,75
20838,2.0,2.0851441405707476,1.0,10.0,24,68
20839,9.321428571428571,12.76294860691906,4.0,52.0,28,64
20840,2.0,,2.0,2.0,1,91
20841,,,,0.0,0,92
20842,,,,0.0,0,92
20843,,,,0.0,0,92
20848,,,,0.0,0,92
20849,,,,0.0,0,92
20850,3.3636363636363638,2.1054454238712608,3.0,10.0,22,70
20851,3.7333333333333334,2.5855478087369352,3.5,10.0,30,62
20852,2.888888888888889,1.4500221041639685,2.0,7.0,27,65
20853,,,,0.0,0,92
20854,,,,0.0,0,92
20855,1.0,0.0,1.0,1.0,2,90
20856,1.0,,1.0,1.0,1,91
20857,,,,0.0,0,92
20858,,,,0.0,0,92
20859,4.8,5.848076606885378,3.0,15.0,5,87
20860,1.2,0.44721359549995804,1.0,2.0,5,87
20861,2.75,1.6690459207925603,3.0,5.0,8,84
20862,1.0,,1.0,1.0,1,91
20863,,,,0.0,0,92
20865,3.25,2.6299556396765835,2.5,7.0,4,88
20866,,,,0.0,0,92
20867,,,,0.0,0,92
20868,,,,0.0,0,92
20869,,,,0.0,0,92
20870,,,,0.0,0,92
20871,3.0,,3.0,3.0,1,91
20872,,,,0.0,0,92
20873,5.0,,5.0,5.0,1,91
20874,1.4,0.8944271909999159,1.0,3.0,5,87
20875,1.0,,1.0,1.0,1,91
20876,,,,0.0,0,92
20877,,,,0.0,0,92
20878,,,,0.0,0,92
20879,3.263157894736842,2.30960638422895,2.5,8.0,38,54
20880,5.0,,5.0,5.0,1,91
20881,2.0,1.0,2.0,3.0,3,89
20882,,,,0.0,0,92
20883,,,,0.0,0,92
20884,,,,0.0,0,92
20885,1.5,0.8366600265340756,1.0,3.0,6,86
20886,,,,0.0,0,92
20887,7.0,6.654751256486923,6.0,21.0,8,84
20888,2.3333333333333335,1.7485626280942341,2.0,8.0,30,62
20889,,,,0.0,0,92
20890,,,,0.0,0,92
20891,1.0,0.0,1.0,1.0,3,89
20892,,,,0.0,0,92
20893,,,,0.0,0,92
20894,,,,0.0,0,92
20895,1.0,0.0,1.0,1.0,2,90
20896,,,,0.0,0,92
20897,1.0,0.0,1.0,1.0,6,86
20898,1.0,0.0,1.0,1.0,2,90
20899,,,,0.0,0,92
20900,1.0,,1.0,1.0,1,91
20902,,,,0.0,0,92
20906,,,,0.0,0,92
20907,3.3214285714285716,3.243838277794806,2.0,16.0,28,64
20908,2.0,1.0,2.0,3.0,3,89
20909,,,,0.0,0,92
20912,,,,0.0,0,92
20916,2.5714285714285716,2.14919697074224,1.0,6.0,7,85
20917,,,,0.0,0,92
20918,,,,0.0,0,92
20919,5.0,,5.0,5.0,1,91
20920,1.0,,1.0,1.0,1,91
20924,7.7894736842105265,6.69642481202902,4.0,28.0,19,73
20925,1.1333333333333333,0.3518657752744984,1.0,2.0,15,77
20926,3.5,1.9148542155126762,4.0,5.0,4,88
20927,,,,0.0,0,92
20928,,,,0.0,0,92
20929,1.0,,1.0,1.0,1,91
20930,1.0,0.0,1.0,1.0,6,86
20931,,,,0.0,0,92
20932,2.0,,2.0,2.0,1,91
20934,,,,0.0,0,92
20935,1.5,0.7071067811865476,1.5,2.0,2,90
20936,1.0,0.0,1.0,1.0,2,90
20937,2.0,,2.0,2.0,1,91
20938,1.0,0.0,1.0,1.0,2,90
20939,,,,0.0,0,92
20940,1.0,,1.0,1.0,1,91
20942,,,,0.0,0,92
20944,,,,0.0,0,92
20945,,,,0.0,0,92
20946,,,,0.0,0,92
20947,2.4285714285714284,0.5345224838248487,2.0,3.0,7,85
20948,,,,0.0,0,92
20949,,,,0.0,0,92
20951,5.0,0.0,5.0,5.0,2,90
20952,,,,0.0,0,92
20953,1.0,0.0,1.0,1.0,2,90
20954,,,,0.0,0,92
20955,,,,0.0,0,92
20957,,,,0.0,0,92
20958,1.8181818181818181,0.873862897505303,2.0,3.0,11,81
20959,,,,0.0,0,92
20961,,,,0.0,0,92
20962,,,,0.0,0,92
20963,,,,0.0,0,92
20964,,,,0.0,0,92
20965,,,,0.0,0,92
20966,,,,0.0,0,92
20967,,,,0.0,0,92
20968,6.2,3.5637059362410923,5.0,12.0,5,87
20969,,,,0.0,0,92
20970,,,,0.0,0,92
20972,1.0,,1.0,1.0,1,91
20973,,,,0.0,0,92
20974,1.0,0.0,1.0,1.0,2,90
20975,,,,0.0,0,92
20976,,,,0.0,0,92
20977,1.1428571428571428,0.3779644730092273,1.0,2.0,7,85
20978,,,,0.0,0,92
20979,,,,0.0,0,92
20980,4.818181818181818,3.1246818019818217,5.0,10.0,11,81
20981,1.0,0.0,1.0,1.0,2,90
20982,,,,0.0,0,92
20983,,,,0.0,0,92
20984,5.666666666666667,3.6696957185394363,5.0,12.0,6,86
20985,6.6,3.2093613071762426,5.0,12.0,5,87
20986,3.0,0.0,3.0,3.0,2,90
20987,,,,0.0,0,92
20988,,,,0.0,0,92
20989,1.375,0.7440238091428449,1.0,3.0,8,84
20990,5.0,0.0,5.0,5.0,2,90
20991,,,,0.0,0,92
20992,8.107142857142858,8.314820706800802,5.0,36.0,28,64
20993,,,,0.0,0,92
20994,4.0,,4.0,4.0,1,91
20995,1.0,0.0,1.0,1.0,2,90
20996,,,,0.0,0,92
21000,1.0,,1.0,1.0,1,91
21001,1.0,,1.0,1.0,1,91
21005,,,,0.0,0,92
21006,,,,0.0,0,92
21007,,,,0.0,0,92
21008,1.0909090909090908,0.30151134457776363,1.0,2.0,11,81
21009,,,,0.0,0,92
21010,1.8,0.4472135954999579,2.0,2.0,5,87
21011,,,,0.0,0,92
21012,2.0,,2.0,2.0,1,91
21013,1.0,0.0,1.0,1.0,3,89
21016,,,,0.0,0,92
21017,,,,0.0,0,92
21018,,,,0.0,0,92
21019,,,,0.0,0,92
21020,1.0,0.0,1.0,1.0,2,90
21021,,,,0.0,0,92
21022,,,,0.0,0,92
21023,,,,0.0,0,92
21024,1.5,0.5773502691896257,1.5,2.0,4,88
21025,,,,0.0,0,92
21026,,,,0.0,0,92
21027,,,,0.0,0,92
21028,,,,0.0,0,92
21029,,,,0.0,0,92
21030,,,,0.0,0,92
21031,3.6,1.6733200530681511,4.0,6.0,5,87
21032,4.75,0.5,5.0,5.0,4,88
21033,1.0,,1.0,1.0,1,91
21034,1.0,,1.0,1.0,1,91
21035,1.0,0.0,1.0,1.0,3,89
21036,2.5,1.0,3.0,3.0,4,88
21039,1.0,,1.0,1.0,1,91
21040,,,,0.0,0,92
21041,,,,0.0,0,92
21042,4.0,,4.0,4.0,1,91
21043,,,,0.0,0,92
21046,,,,0.0,0,92
21047,,,,0.0,0,92
21050,,,,0.0,0,92
21051,,,,0.0,0,92
21053,17.0,9.899494936611665,17.0,24.0,2,90
21054,2.1666666666666665,3.4333480435107053,1.0,13.0,12,80
21055,3.0,,3.0,3.0,1,91
21058,3.6,1.6733200530681511,4.0,6.0,5,87
21063,2.3333333333333335,1.5275252316519465,2.0,4.0,3,89
21064,3.2777777777777777,2.5254262566501082,2.0,10.0,36,56
21067,8.0,7.0710678118654755,8.0,13.0,2,90
21069,,,,0.0,0,92
21070,,,,0.0,0,92
21071,,,,0.0,0,92
21072,,,,0.0,0,92
21073,2.875,1.6420805617960927,2.5,5.0,8,84
21074,,,,0.0,0,92
21075,,,,0.0,0,92
21076,,,,0.0,0,92
21077,4.5,2.2826577307580465,5.0,8.0,20,72
21078,,,,0.0,0,92
21080,,,,0.0,0,92
21081,20.0,,20.0,20.0,1,91
21082,1.5,0.7071067811865476,1.5,2.0,2,90
21083,,,,0.0,0,92
21084,1.3333333333333333,0.5773502691896257,1.0,2.0,3,89
21085,1.0,0.0,1.0,1.0,2,90
21086,,,,0.0,0,92
21087,1.0,,1.0,1.0,1,91
21092,,,,0.0,0,92
21093,,,,0.0,0,92
21094,,,,0.0,0,92
21095,,,,0.0,0,92
21096,,,,0.0,0,92
21099,,,,0.0,0,92
21100,,,,0.0,0,92
21101,,,,0.0,0,92
21102,,,,0.0,0,92
21103,1.0,0.0,1.0,1.0,2,90
21105,,,,0.0,0,92
21107,2.0,1.0,2.0,3.0,3,89
21111,2.5,2.1213203435596424,2.5,4.0,2,90
21113,,,,0.0,0,92
21114,1.25,0.5,1.0,2.0,4,88
21122,1.0,0.0,1.0,1.0,6,86
21123,,,,0.0,0,92
21130,,,,0.0,0,92
21131,,,,0.0,0,92
21132,,,,0.0,0,92
21134,1.0,,1.0,1.0,1,91
21135,1.0,,1.0,1.0,1,91
21136,2.0,,2.0,2.0,1,91
21137,,,,0.0,0,92
21138,2.3333333333333335,1.5275252316519468,2.0,4.0,3,89
21139,,,,0.0,0,92
21140,,,,0.0,0,92
21141,1.0,,1.0,1.0,1,91
21144,4.0,2.8284271247461903,4.0,6.0,2,90
21145,,,,0.0,0,92
21146,,,,0.0,0,92
21151,,,,0.0,0,92
21155,1.5,0.8366600265340756,1.0,3.0,6,86
21156,1.2666666666666666,0.7988086367179803,1.0,4.0,15,77
21157,2.0,,2.0,2.0,1,91
21158,1.4285714285714286,0.646206172658864,1.0,3.0,14,78
21159,1.0,,1.0,1.0,1,91
21160,,,,0.0,0,92
21161,6.0,5.656854249492381,6.0,10.0,2,90
21162,2.0,,2.0,2.0,1,91
21165,1.0,,1.0,1.0,1,91
21166,1.0,,1.0,1.0,1,91
21167,,,,0.0,0,92
21169,1.0,,1.0,1.0,1,91
21170,,,,0.0,0,92
21171,1.0,0.0,1.0,1.0,5,87
21173,1.2105263157894737,0.5353033790313108,1.0,3.0,19,73
21177,,,,0.0,0,92
21179,8.0,,8.0,8.0,1,91
21181,1.5,0.7071067811865476,1.5,2.0,2,90
21182,1.0,0.0,1.0,1.0,2,90
21183,,,,0.0,0,92
21185,2.3333333333333335,0.5773502691896258,2.0,3.0,3,89
21187,7.0,1.4142135623730951,7.0,8.0,2,90
21189,,,,0.0,0,92
21193,3.0,0.0,3.0,3.0,3,89
21194,,,,0.0,0,92
21195,,,,0.0,0,92
21198,,,,0.0,0,92
21199,,,,0.0,0,92
21200,,,,0.0,0,92
21203,,,,0.0,0,92
21204,,,,0.0,0,92
21205,5.5,0.7071067811865476,5.5,6.0,2,90
21209,2.0,1.0,2.0,3.0,3,89
21211,1.5,0.5773502691896257,1.5,2.0,4,88
21212,1.5,0.5222329678670935,1.5,2.0,12,80
21213,1.6666666666666667,1.1547005383792517,1.0,3.0,3,89
21214,,,,0.0,0,92
21215,1.4444444444444444,0.7264831572567789,1.0,3.0,9,83
21216,,,,0.0,0,92
21217,,,,0.0,0,92
21218,1.6666666666666667,0.5773502691896257,2.0,2.0,3,89
21219,2.0,1.4142135623730951,2.0,3.0,2,90
21220,,,,0.0,0,92
21221,4.0,,4.0,4.0,1,91
21223,1.0,,1.0,1.0,1,91
21224,,,,0.0,0,92
21225,,,,0.0,0,92
21226,,,,0.0,0,92
21228,1.0,0.0,1.0,1.0,3,89
21229,,,,0.0,0,92
21230,1.0,,1.0,1.0,1,91
21235,,,,0.0,0,92
21236,4.142857142857143,2.911389784311004,3.0,10.0,7,85
21238,3.142857142857143,3.7606990231680526,1.0,10.0,7,85
21239,,,,0.0,0,92
21240,,,,0.0,0,92
21241,,,,0.0,0,92
21242,,,,0.0,0,92
21243,2.0,,2.0,2.0,1,91
21244,,,,0.0,0,92
21247,,,,0.0,0,92
21248,2.7142857142857144,2.2886885410853175,2.0,6.0,7,85
21249,4.0,,4.0,4.0,1,91
21250,,,,0.0,0,92
21251,,,,0.0,0,92
21252,1.2,0.4472135954999579,1.0,2.0,5,87
21253,4.0,,4.0,4.0,1,91
21254,3.0,,3.0,3.0,1,91
21255,1.0,,1.0,1.0,1,91
21256,,,,0.0,0,92
21258,,,,0.0,0,92
21259,2.4,1.5165750888103102,2.0,5.0,5,87
21261,,,,0.0,0,92
21262,,,,0.0,0,92
21263,,,,0.0,0,92
21264,,,,0.0,0,92
21265,1.1666666666666667,0.408248290463863,1.0,2.0,6,86
21266,,,,0.0,0,92
21267,,,,0.0,0,92
21268,,,,0.0,0,92
21269,6.666666666666667,3.0550504633038935,6.0,10.0,3,89
21273,,,,0.0,0,92
21274,,,,0.0,0,92
21275,,,,0.0,0,92
21276,,,,0.0,0,92
21277,,,,0.0,0,92
21278,,,,0.0,0,92
21279,,,,0.0,0,92
21280,1.0,0.0,1.0,1.0,3,89
21281,3.0,,3.0,3.0,1,91
21282,2.5,0.7071067811865476,2.5,3.0,2,90
21283,1.0,,1.0,1.0,1,91
21284,,,,0.0,0,92
21285,3.0,1.224744871391589,3.0,4.0,5,87
21286,3.5,4.358898943540674,1.5,10.0,4,88
21287,,,,0.0,0,92
21288,3.2,2.588435821108957,2.0,6.0,5,87
21289,,,,0.0,0,92
21292,1.0,0.0,1.0,1.0,2,90
21295,1.0,,1.0,1.0,1,91
21297,2.75,1.707825127659933,2.5,5.0,4,88
21298,1.0,0.0,1.0,1.0,4,88
21299,4.0,0.0,4.0,4.0,2,90
21300,1.0,0.0,1.0,1.0,3,89
21301,,,,0.0,0,92
21302,2.0,,2.0,2.0,1,91
21303,,,,0.0,0,92
21305,7.176470588235294,18.852172600650196,3.0,80.0,17,75
21306,,,,0.0,0,92
21307,,,,0.0,0,92
21308,,,,0.0,0,92
21309,1.4736842105263157,0.7723284457212329,1.0,4.0,19,73
21310,,,,0.0,0,92
21311,,,,0.0,0,92
21312,,,,0.0,0,92
21313,7.0,3.521363372331802,8.0,10.0,6,86
21314,,,,0.0,0,92
21315,,,,0.0,0,92
21316,,,,0.0,0,92
21317,,,,0.0,0,92
21318,,,,0.0,0,92
21319,,,,0.0,0,92
21320,,,,0.0,0,92
21321,,,,0.0,0,92
21322,,,,0.0,0,92
21323,,,,0.0,0,92
21324,,,,0.0,0,92
21325,5.0,,5.0,5.0,1,91
21326,,,,0.0,0,92
21327,,,,0.0,0,92
21328,1.25,0.5,1.0,2.0,4,88
21329,,,,0.0,0,92
21330,,,,0.0,0,92
21331,1.3333333333333333,0.5773502691896257,1.0,2.0,3,89
21332,,,,0.0,0,92
21333,,,,0.0,0,92
21334,,,,0.0,0,92
21335,1.0,,1.0,1.0,1,91
21336,2.2,2.1679483388678804,1.0,6.0,5,87
21337,,,,0.0,0,92
21339,1.0,,1.0,1.0,1,91
21340,,,,0.0,0,92
21341,2.55,1.7910596686995397,2.0,8.0,20,72
21342,,,,0.0,0,92
21343,,,,0.0,0,92
21344,,,,0.0,0,92
21345,,,,0.0,0,92
21346,,,,0.0,0,92
21347,,,,0.0,0,92
21348,1.8,0.8366600265340756,2.0,3.0,5,87
21349,,,,0.0,0,92
21350,,,,0.0,0,92
21351,1.0,0.0,1.0,1.0,2,90
21352,1.0,0.0,1.0,1.0,6,86
21353,,,,0.0,0,92
21354,,,,0.0,0,92
21355,,,,0.0,0,92
21356,,,,0.0,0,92
21357,,,,0.0,0,92
21358,1.3333333333333333,0.5773502691896257,1.0,2.0,3,89
21359,,,,0.0,0,92
21360,1.4705882352941178,0.7998161553463028,1.0,4.0,17,75
21365,1.5,0.7071067811865476,1.5,2.0,2,90
21366,1.0,,1.0,1.0,1,91
21367,2.0,,2.0,2.0,1,91
21368,,,,0.0,0,92
21369,,,,0.0,0,92
21370,,,,0.0,0,92
21371,,,,0.0,0,92
21372,,,,0.0,0,92
21373,,,,0.0,0,92
21375,,,,0.0,0,92
21376,,,,0.0,0,92
21377,,,,0.0,0,92
21378,1.5,0.7071067811865476,1.5,2.0,2,90
21387,,,,0.0,0,92
21389,2.0,1.7320508075688772,1.0,4.0,3,89
21390,1.0,,1.0,1.0,1,91
21391,,,,0.0,0,92
21392,,,,0.0,0,92
21393,4.0,0.0,4.0,4.0,2,90
21394,,,,0.0,0,92
21395,,,,0.0,0,92
21396,,,,0.0,0,92
21397,2.0,1.4142135623730951,2.0,3.0,2,90
21399,32.0625,40.07570960070451,14.0,129.0,16,76
21400,,,,0.0,0,92
21401,,,,0.0,0,92
21402,,,,0.0,0,92
21403,,,,0.0,0,92
21404,1.0,,1.0,1.0,1,91
21405,,,,0.0,0,92
21406,1.5,0.7071067811865476,1.5,2.0,2,90
21407,2.0,0.0,2.0,2.0,3,89
21408,,,,0.0,0,92
21409,1.0,0.0,1.0,1.0,3,89
21410,1.5,0.7071067811865476,1.5,2.0,2,90
21411,7.742857142857143,4.571927493782394,8.0,20.0,35,57
21412,,,,0.0,0,92
21413,,,,0.0,0,92
21414,,,,0.0,0,92
21415,1.0,,1.0,1.0,1,91
21416,,,,0.0,0,92
21417,6.1454545454545455,6.2640011524352746,4.0,30.0,55,37
21418,,,,0.0,0,92
21422,2.0,,2.0,2.0,1,91
21424,1.75,0.45226701686664544,2.0,2.0,12,80
21425,1.0,0.0,1.0,1.0,3,89
21426,2.5,1.0488088481701516,2.5,4.0,6,86
21427,,,,0.0,0,92
21428,1.25,0.5,1.0,2.0,4,88
21429,4.0,,4.0,4.0,1,91
21430,,,,0.0,0,92
21431,,,,0.0,0,92
21432,,,,0.0,0,92
21433,,,,0.0,0,92
21434,,,,0.0,0,92
21436,,,,0.0,0,92
21437,,,,0.0,0,92
21438,,,,0.0,0,92
21439,,,,0.0,0,92
21440,1.0,,1.0,1.0,1,91
21441,1.0,0.0,1.0,1.0,2,90
21442,,,,0.0,0,92
21443,,,,0.0,0,92
21444,,,,0.0,0,92
21445,1.0,0.0,1.0,1.0,2,90
21446,,,,0.0,0,92
21447,,,,0.0,0,92
21448,,,,0.0,0,92
21449,2.7142857142857144,3.25008080054697,2.0,20.0,35,57
21450,,,,0.0,0,92
21451,,,,0.0,0,92
21452,,,,0.0,0,92
21453,1.0,0.0,1.0,1.0,2,90
21454,,,,0.0,0,92
21455,4.0,1.7320508075688772,3.0,6.0,3,89
21456,,,,0.0,0,92
21457,1.7142857142857142,0.7559289460184545,2.0,3.0,7,85
21458,1.0,0.0,1.0,1.0,2,90
21459,1.2,0.44721359549995804,1.0,2.0,5,87
21460,1.3333333333333333,0.5773502691896257,1.0,2.0,3,89
21461,1.5,0.7071067811865476,1.5,2.0,2,90
21462,,,,0.0,0,92
21463,1.0,,1.0,1.0,1,91
21464,1.0,,1.0,1.0,1,91
21465,,,,0.0,0,92
21466,1.0,,1.0,1.0,1,91
21467,1.0,,1.0,1.0,1,91
21468,,,,0.0,0,92
21470,1.0,0.0,1.0,1.0,2,90
21471,,,,0.0,0,92
21473,1.3333333333333333,0.8876253645985945,1.0,4.0,12,80
21474,2.627906976744186,1.6478449969574764,2.0,7.0,43,49
21476,,,,0.0,0,92
21479,,,,0.0,0,92
21480,,,,0.0,0,92
21481,1.0,0.0,1.0,1.0,2,90
21482,,,,0.0,0,92
21484,,,,0.0,0,92
21485,1.0,,1.0,1.0,1,91
21487,,,,0.0,0,92
21488,,,,0.0,0,92
21489,10.24390243902439,21.373550619034692,4.0,129.0,82,10
21490,,,,0.0,0,92
21491,,,,0.0,0,92
21492,1.625,1.7841898254763513,1.0,8.0,16,76
21493,2.6,2.302172886644268,1.0,6.0,5,87
21494,4.0,4.08248290463863,2.5,10.0,4,88
21495,,,,0.0,0,92
21496,3.0,,3.0,3.0,1,91
21497,1.5,0.7071067811865476,1.5,2.0,2,90
21499,,,,0.0,0,92
21500,70.11111111111111,79.35591415333272,42.0,224.0,9,83
21501,1.0,,1.0,1.0,1,91
21502,,,,0.0,0,92
21503,1.0,,1.0,1.0,1,91
21504,1.5,0.7071067811865476,1.5,2.0,2,90
21505,2.6666666666666665,1.4259499757471625,3.0,6.0,21,71
21506,,,,0.0,0,92
21507,1.0,0.0,1.0,1.0,2,90
21511,1.6111111111111112,0.7775443160352296,1.0,3.0,18,74
21512,1.0,,1.0,1.0,1,91
21513,1.0,0.0,1.0,1.0,2,90
21516,,,,0.0,0,92
21517,,,,0.0,0,92
21525,5.27027027027027,3.1327007220310428,5.0,12.0,37,55
21526,,,,0.0,0,92
21527,1.125,0.3535533905932738,1.0,2.0,8,84
21528,,,,0.0,0,92
21529,1.6666666666666667,1.1547005383792517,1.0,3.0,3,89
21530,,,,0.0,0,92
21531,,,,0.0,0,92
21532,1.0,,1.0,1.0,1,91
21533,,,,0.0,0,92
21534,,,,0.0,0,92
21535,,,,0.0,0,92
21536,2.1818181818181817,1.3280197150781923,2.0,4.0,11,81
21541,,,,0.0,0,92
21542,,,,0.0,0,92
21544,3.0,,3.0,3.0,1,91
21545,,,,0.0,0,92
21547,1.0,,1.0,1.0,1,91
21548,2.0,1.7320508075688772,1.0,4.0,3,89
21550,5.4,5.513619500836089,2.0,20.0,15,77
21551,,,,0.0,0,92
21552,1.6,0.8944271909999159,1.0,3.0,5,87
21553,,,,0.0,0,92
21554,,,,0.0,0,92
21555,,,,0.0,0,92
21556,1.5,0.7071067811865476,1.5,2.0,2,90
21557,1.0,0.0,1.0,1.0,2,90
21558,,,,0.0,0,92
21559,,,,0.0,0,92
21560,,,,0.0,0,92
21561,,,,0.0,0,92
21562,,,,0.0,0,92
21563,,,,0.0,0,92
21564,,,,0.0,0,92
21565,,,,0.0,0,92
21566,,,,0.0,0,92
21567,1.75,0.9574271077563381,1.5,3.0,4,88
21568,1.0,0.0,1.0,1.0,3,89
21569,3.75,5.5,1.0,12.0,4,88
21570,,,,0.0,0,92
21572,10.083333333333334,6.466748841551691,10.0,23.0,24,68
21575,,,,0.0,0,92
21576,1.0,,1.0,1.0,1,91
21577,2.125,1.2041594578792296,2.0,4.0,16,76
21578,,,,0.0,0,92
21579,,,,0.0,0,92
21580,,,,0.0,0,92
21582,,,,0.0,0,92
21583,,,,0.0,0,92
21584,1.0,0.0,1.0,1.0,5,87
21587,,,,0.0,0,92
21589,,,,0.0,0,92
21590,,,,0.0,0,92
21592,,,,0.0,0,92
21594,,,,0.0,0,92
21595,,,,0.0,0,92
21598,,,,0.0,0,92
21599,1.0,,1.0,1.0,1,91
21600,,,,0.0,0,92
21601,,,,0.0,0,92
21602,1.5,1.224744871391589,1.0,4.0,6,86
21603,,,,0.0,0,92
21604,,,,0.0,0,92
21605,1.0,,1.0,1.0,1,91
21607,,,,0.0,0,92
21608,1.1428571428571428,0.3779644730092273,1.0,2.0,7,85
21609,,,,0.0,0,92
21610,,,,0.0,0,92
21611,,,,0.0,0,92
21612,,,,0.0,0,92
21613,3.0,,3.0,3.0,1,91
21618,1.0,,1.0,1.0,1,91
21619,1.5,0.5345224838248488,1.5,2.0,8,84
21620,,,,0.0,0,92
21622,,,,0.0,0,92
21623,,,,0.0,0,92
21624,,,,0.0,0,92
21625,,,,0.0,0,92
21626,3.5,1.6431676725154984,3.5,6.0,6,86
21627,,,,0.0,0,92
21628,,,,0.0,0,92
21633,3.0,1.224744871391589,3.0,4.0,5,87
21634,5.0,,5.0,5.0,1,91
21635,,,,0.0,0,92
21636,,,,0.0,0,92
21637,,,,0.0,0,92
21638,,,,0.0,0,92
21640,,,,0.0,0,92
21642,,,,0.0,0,92
21643,,,,0.0,0,92
21644,,,,0.0,0,92
21646,,,,0.0,0,92
21647,1.0,0.0,1.0,1.0,3,89
21648,,,,0.0,0,92
21649,1.1666666666666667,0.408248290463863,1.0,2.0,6,86
21650,44.61538461538461,56.806012682840866,20.0,200.0,13,79
21651,,,,0.0,0,92
21652,1.5,0.7071067811865476,1.5,2.0,2,90
21653,1.0,,1.0,1.0,1,91
21654,2.0,1.4142135623730951,2.0,3.0,2,90
21655,,,,0.0,0,92
21656,,,,0.0,0,92
21659,6.666666666666667,3.391164991562634,5.0,10.0,9,83
21661,4.9,3.8427420765212266,4.5,10.0,10,82
21662,5.4,2.9514591494904874,5.0,10.0,10,82
21663,1.2,0.44721359549995804,1.0,2.0,5,87
21664,,,,0.0,0,92
21665,,,,0.0,0,92
21667,,,,0.0,0,92
21668,,,,0.0,0,92
21670,,,,0.0,0,92
21671,,,,0.0,0,92
21672,,,,0.0,0,92
21673,,,,0.0,0,92
21674,,,,0.0,0,92
21676,1.5,0.5773502691896257,1.5,2.0,4,88
21677,1.5,0.7071067811865476,1.5,2.0,2,90
21678,,,,0.0,0,92
21679,2.0,1.1547005383792515,2.0,4.0,16,76
21680,,,,0.0,0,92
21681,,,,0.0,0,92
21684,,,,0.0,0,92
21685,1.0,,1.0,1.0,1,91
21690,,,,0.0,0,92
21691,1.0,0.0,1.0,1.0,2,90
21692,10.0,13.966994060173544,5.0,50.0,14,78
21694,1.0,0.0,1.0,1.0,2,90
21695,,,,0.0,0,92
21696,1.0,,1.0,1.0,1,91
21698,,,,0.0,0,92
21701,,,,0.0,0,92
21702,1.0,,1.0,1.0,1,91
21704,,,,0.0,0,92
21705,3.0,,3.0,3.0,1,91
21706,,,,0.0,0,92
21707,,,,0.0,0,92
21708,1.0,,1.0,1.0,1,91
21709,,,,0.0,0,92
21710,,,,0.0,0,92
21711,1.5,0.5477225575051661,1.5,2.0,6,86
21713,,,,0.0,0,92
21714,2.3157894736842106,1.293257367998745,2.0,5.0,19,73
21715,,,,0.0,0,92
21716,,,,0.0,0,92
21717,3.327272727272727,2.31784179192424,3.0,9.0,55,37
21718,,,,0.0,0,92
21719,1.0,,1.0,1.0,1,91
21720,,,,0.0,0,92
21721,,,,0.0,0,92
21723,1.8,0.4472135954999579,2.0,2.0,5,87
21724,,,,0.0,0,92
21725,,,,0.0,0,92
21726,,,,0.0,0,92
21727,,,,0.0,0,92
21728,,,,0.0,0,92
21729,,,,0.0,0,92
21731,1.0,0.0,1.0,1.0,2,90
21732,,,,0.0,0,92
21733,,,,0.0,0,92
21736,2.6666666666666665,1.1547005383792515,2.0,4.0,3,89
21737,,,,0.0,0,92
21738,1.0,0.0,1.0,1.0,3,89
21739,3.125,2.2320714274285347,3.0,7.0,8,84
21740,1.0,,1.0,1.0,1,91
21742,,,,0.0,0,92
21743,,,,0.0,0,92
21744,1.0,,1.0,1.0,1,91
21745,1.0,,1.0,1.0,1,91
21746,,,,0.0,0,92
21747,1.6666666666666667,0.5773502691896257,2.0,2.0,3,89
21748,,,,0.0,0,92
21749,3.0,,3.0,3.0,1,91
21750,,,,0.0,0,92
21751,1.0,,1.0,1.0,1,91
21752,,,,0.0,0,92
21753,,,,0.0,0,92
21754,2.2941176470588234,1.5864848081043232,2.0,6.0,34,58
21756,1.4,0.5477225575051661,1.0,2.0,5,87
21757,1.5,0.7071067811865476,1.5,2.0,2,90
21758,2.375,1.1877349391654208,2.0,5.0,8,84
21759,1.8666666666666667,1.3557637102737476,1.0,5.0,15,77
21760,2.4411764705882355,1.7954686477029154,2.0,10.0,34,58
21761,2.1944444444444446,1.348426478623869,2.0,6.0,36,56
21762,2.0,,2.0,2.0,1,91
21764,1.0,,1.0,1.0,1,91
21766,1.0,0.0,1.0,1.0,2,90
21767,6.0,0.0,6.0,6.0,2,90
21768,,,,0.0,0,92
21769,,,,0.0,0,92
21770,,,,0.0,0,92
21775,1.0,0.0,1.0,1.0,2,90
21776,1.5,0.7071067811865476,1.5,2.0,2,90
21777,1.0,,1.0,1.0,1,91
21778,1.0,,1.0,1.0,1,91
21779,,,,0.0,0,92
21780,4.0,,4.0,4.0,1,91
21781,,,,0.0,0,92
21782,4.5,2.1213203435596424,4.5,6.0,2,90
21783,,,,0.0,0,92
21784,,,,0.0,0,92
21785,,,,0.0,0,92
21786,,,,0.0,0,92
21787,,,,0.0,0,92
21789,,,,0.0,0,92
21790,,,,0.0,0,92
21791,,,,0.0,0,92
21793,,,,0.0,0,92
21794,,,,0.0,0,92
21795,9.0,5.5677643628300215,8.0,15.0,3,89
21797,,,,0.0,0,92
21798,1.0,,1.0,1.0,1,91
21799,,,,0.0,0,92
21800,1.0,,1.0,1.0,1,91
21801,1.0,0.0,1.0,1.0,2,90
21802,1.0,0.0,1.0,1.0,3,89
21803,,,,0.0,0,92
21804,,,,0.0,0,92
21805,,,,0.0,0,92
21807,,,,0.0,0,92
21808,,,,0.0,0,92
21809,,,,0.0,0,92
21810,,,,0.0,0,92
21811,,,,0.0,0,92
21812,,,,0.0,0,92
21813,,,,0.0,0,92
21814,1.6666666666666667,0.5773502691896257,2.0,2.0,3,89
21815,,,,0.0,0,92
21816,,,,0.0,0,92
21817,,,,0.0,0,92
21818,,,,0.0,0,92
21822,,,,0.0,0,92
21824,,,,0.0,0,92
21827,,,,0.0,0,92
21828,,,,0.0,0,92
21829,,,,0.0,0,92
21830,,,,0.0,0,92
21831,2.0,,2.0,2.0,1,91
21832,1.0,,1.0,1.0,1,91
21833,,,,0.0,0,92
21834,,,,0.0,0,92
21835,,,,0.0,0,92
21836,,,,0.0,0,92
21837,1.0,,1.0,1.0,1,91
21841,,,,0.0,0,92
21842,1.0,,1.0,1.0,1,91
21845,2.210526315789474,1.2283207764360908,2.0,6.0,19,73
21846,1.8235294117647058,0.8089572082044157,2.0,4.0,17,75
21847,1.6,0.5477225575051661,2.0,2.0,5,87
21848,,,,0.0,0,92
21849,6.5,4.123105625617661,6.0,12.0,4,88
21850,6.666666666666667,2.309401076758503,8.0,8.0,3,89
21851,,,,0.0,0,92
21852,1.0,0.0,1.0,1.0,3,89
21854,1.0,,1.0,1.0,1,91
21855,1.8,0.8366600265340756,2.0,3.0,5,87
21856,,,,0.0,0,92
21857,,,,0.0,0,92
21858,,,,0.0,0,92
21859,,,,0.0,0,92
21860,9.5,6.363961030678928,9.5,14.0,2,90
21861,1.0,,1.0,1.0,1,91
21862,1.0,,1.0,1.0,1,91
21863,1.0,0.0,1.0,1.0,2,90
21864,,,,0.0,0,92
21865,1.0,,1.0,1.0,1,91
21866,,,,0.0,0,92
21867,4.666666666666667,0.5773502691896258,5.0,5.0,3,89
21868,4.4,1.3416407864998738,5.0,5.0,5,87
21869,1.0,0.0,1.0,1.0,8,84
21870,2.0,,2.0,2.0,1,91
21871,1.5,0.5773502691896257,1.5,2.0,4,88
21873,,,,0.0,0,92
21874,,,,0.0,0,92
21876,1.8181818181818181,1.2504544628399563,1.0,5.0,11,81
21877,1.8823529411764706,1.6538724611187703,1.0,6.0,17,75
21878,1.6,0.8944271909999159,1.0,3.0,5,87
21879,1.3333333333333333,0.5773502691896257,1.0,2.0,3,89
21881,3.0,,3.0,3.0,1,91
21882,,,,0.0,0,92
21883,1.0,0.0,1.0,1.0,3,89
21885,,,,0.0,0,92
21887,,,,0.0,0,92
21888,,,,0.0,0,92
21889,,,,0.0,0,92
21890,,,,0.0,0,92
21891,,,,0.0,0,92
21892,1.0,,1.0,1.0,1,91
21893,,,,0.0,0,92
21894,2.0,,2.0,2.0,1,91
21895,3.0,1.4142135623730951,4.0,4.0,5,87
21896,,,,0.0,0,92
21897,,,,0.0,0,92
21898,,,,0.0,0,92
21899,,,,0.0,0,92
21900,,,,0.0,0,92
21901,1.0,0.0,1.0,1.0,2,90
21902,,,,0.0,0,92
21903,2.0,,2.0,2.0,1,91
21904,,,,0.0,0,92
21905,1.6666666666666667,0.5773502691896257,2.0,2.0,3,89
21906,,,,0.0,0,92
21907,1.25,0.5,1.0,2.0,4,88
21908,1.5,0.7071067811865476,1.5,2.0,2,90
21909,,,,0.0,0,92
21910,2.0,1.4142135623730951,2.0,3.0,2,90
21911,,,,0.0,0,92
21912,2.0,,2.0,2.0,1,91
21913,,,,0.0,0,92
21915,5.166666666666667,3.537676004830221,4.5,14.0,12,80
21916,4.0,,4.0,4.0,1,91
21918,3.7142857142857144,1.2535663410560174,4.0,6.0,7,85
21919,,,,0.0,0,92
21922,,,,0.0,0,92
21923,11.884615384615385,9.070069120252272,10.0,36.0,26,66
21925,,,,0.0,0,92
21927,8.0,10.44030650891055,3.0,20.0,3,89
21929,2.0,,2.0,2.0,1,91
21932,1.0,,1.0,1.0,1,91
21934,1.5,0.7071067811865476,1.5,2.0,2,90
21936,,,,0.0,0,92
21937,6.0,0.0,6.0,6.0,2,90
21939,1.0,0.0,1.0,1.0,2,90
21940,4.833333333333333,3.125166662222459,4.5,10.0,6,86
21941,,,,0.0,0,92
21943,,,,0.0,0,92
21948,1.0,0.0,1.0,1.0,2,90
21950,,,,0.0,0,92
21951,,,,0.0,0,92
21952,,,,0.0,0,92
21953,8.3125,5.91854430300785,8.5,15.0,16,76
21955,,,,0.0,0,92
21956,2.0,0.0,2.0,2.0,2,90
21957,2.5,2.1213203435596424,2.5,4.0,2,90
21958,2.0,,2.0,2.0,1,91
21962,,,,0.0,0,92
21963,,,,0.0,0,92
21964,,,,0.0,0,92
21965,7.0,4.242640687119285,7.0,10.0,2,90
21966,1.0,,1.0,1.0,1,91
21967,,,,0.0,0,92
21968,3.5,3.5355339059327378,3.5,6.0,2,90
21969,,,,0.0,0,92
21971,,,,0.0,0,92
21972,1.0,,1.0,1.0,1,91
21973,1.0,0.0,1.0,1.0,2,90
21974,,,,0.0,0,92
21975,,,,0.0,0,92
21976,,,,0.0,0,92
21977,,,,0.0,0,92
21978,,,,0.0,0,92
21979,,,,0.0,0,92
21980,1.0,,1.0,1.0,1,91
21981,,,,0.0,0,92
21982,,,,0.0,0,92
21983,1.5,0.7071067811865476,1.5,2.0,2,90
21984,,,,0.0,0,92
21985,,,,0.0,0,92
21986,,,,0.0,0,92
21987,,,,0.0,0,92
21989,,,,0.0,0,92
21990,,,,0.0,0,92
21991,2.3333333333333335,1.8618986725025255,2.0,6.0,6,86
21994,,,,0.0,0,92
22008,,,,0.0,0,92
22013,1.2258064516129032,0.4250237185032414,1.0,2.0,31,61
22025,1.0,,1.0,1.0,1,91
22032,1.0,,1.0,1.0,1,91
22038,,,,0.0,0,92
22039,1.0,0.0,1.0,1.0,2,90
22046,1.375,0.7440238091428449,1.0,3.0,8,84
22048,1.0,,1.0,1.0,1,91
22050,1.0,,1.0,1.0,1,91
22051,1.8571428571428572,0.3779644730092273,2.0,2.0,7,85
22054,,,,0.0,0,92
22055,1.0,,1.0,1.0,1,91
22056,,,,0.0,0,92
22065,,,,0.0,0,92
22066,,,,0.0,0,92
22068,,,,0.0,0,92
22069,1.0,,1.0,1.0,1,91
22070,,,,0.0,0,92
22076,,,,0.0,0,92
22077,,,,0.0,0,92
22079,,,,0.0,0,92
22080,2.0,,2.0,2.0,1,91
22081,,,,0.0,0,92
22083,,,,0.0,0,92
22084,6.0,0.0,6.0,6.0,2,90
22085,,,,0.0,0,92
22086,,,,0.0,0,92
22087,1.0,0.0,1.0,1.0,2,90
22088,3.0,,3.0,3.0,1,91
22089,16.783783783783782,19.734537034142758,10.0,100.0,37,55
22091,2.0,,2.0,2.0,1,91
22093,1.5,0.5773502691896257,1.5,2.0,4,88
22094,,,,0.0,0,92
22095,,,,0.0,0,92
22096,,,,0.0,0,92
22097,,,,0.0,0,92
22098,2.111111111111111,1.536590742882148,1.0,5.0,9,83
22099,1.0,,1.0,1.0,1,91
22100,2.0,2.0,1.0,5.0,4,88
22101,,,,0.0,0,92
22102,1.25,0.4629100498862757,1.0,2.0,8,84
22103,1.0833333333333333,0.28867513459481287,1.0,2.0,12,80
22104,2.0,1.1547005383792515,2.0,3.0,4,88
22105,,,,0.0,0,92
22107,1.5,0.7071067811865476,1.5,2.0,2,90
22112,1.75,0.4629100498862757,2.0,2.0,8,84
22114,1.0,,1.0,1.0,1,91
22116,,,,0.0,0,92
22117,,,,0.0,0,92
22118,,,,0.0,0,92
22122,1.5,0.7071067811865476,1.5,2.0,2,90
22131,1.0,,1.0,1.0,1,91
22133,1.8333333333333333,1.1690451944500122,1.5,4.0,6,86
22135,,,,0.0,0,92
22136,1.0,,1.0,1.0,1,91
22137,,,,0.0,0,92
22138,1.0,0.0,1.0,1.0,2,90
22139,,,,0.0,0,92
22140,,,,0.0,0,92
22141,,,,0.0,0,92
22142,,,,0.0,0,92
22143,,,,0.0,0,92
22144,1.8,0.8618916073713347,2.0,4.0,15,77
22145,1.625,0.7440238091428449,1.5,3.0,8,84
22146,,,,0.0,0,92
22147,1.6666666666666667,1.1547005383792517,1.0,3.0,3,89
22149,1.5,0.7071067811865476,1.5,2.0,2,90
22150,,,,0.0,0,92
22151,3.0,2.8284271247461903,3.0,5.0,2,90
22152,2.0,,2.0,2.0,1,91
22153,,,,0.0,0,92
22154,,,,0.0,0,92
22155,1.3333333333333333,0.5773502691896257,1.0,2.0,3,89
22158,,,,0.0,0,92
22159,,,,0.0,0,92
22163,5.166666666666667,2.228601953392904,5.5,7.0,6,86
22164,,,,0.0,0,92
22165,,,,0.0,0,92
22167,5.0,,5.0,5.0,1,91
22168,,,,0.0,0,92
22169,,,,0.0,0,92
22170,,,,0.0,0,92
22171,,,,0.0,0,92
22173,,,,0.0,0,92
22174,,,,0.0,0,92
22176,5.5,3.7282703764614498,4.5,10.0,6,86
22177,1.3333333333333333,0.5773502691896257,1.0,2.0,3,89
22178,,,,0.0,0,92
22179,,,,0.0,0,92
22180,,,,0.0,0,92
22181,1.25,0.5,1.0,2.0,4,88
22182,2.6666666666666665,1.5275252316519468,3.0,4.0,3,89
22183,2.4166666666666665,1.8319554050414566,2.0,6.0,12,80
22185,1.0,0.0,1.0,1.0,3,89
22187,1.0,0.0,1.0,1.0,3,89
22188,,,,0.0,0,92
22189,,,,0.0,0,92
22190,,,,0.0,0,92
22191,,,,0.0,0,92
22192,2.0,,2.0,2.0,1,91
22210,,,,0.0,0,92
22211,5.0,,5.0,5.0,1,91
22223,3.3333333333333335,0.5163977794943222,3.0,4.0,6,86
22225,150.0,,150.0,150.0,1,91
22229,3.789473684210526,2.9548255704942696,3.0,12.0,19,73
22230,,,,0.0,0,92
22231,,,,0.0,0,92
22232,,,,0.0,0,92
22233,,,,0.0,0,92
22234,,,,0.0,0,92
22235,6.0,,6.0,6.0,1,91
22236,,,,0.0,0,92
22242,,,,0.0,0,92
22243,5.5,6.363961030678928,5.5,10.0,2,90
22245,,,,0.0,0,92
22262,1.0,0.0,1.0,1.0,8,84
22263,1.5,0.7071067811865476,1.5,2.0,2,90
22264,,,,0.0,0,92
22265,,,,0.0,0,92
22266,,,,0.0,0,92
22267,1.1666666666666667,0.408248290463863,1.0,2.0,6,86
22268,4.0,,4.0,4.0,1,91
22275,,,,0.0,0,92
22279,,,,0.0,0,92
22281,1.0,,1.0,1.0,1,91
22282,,,,0.0,0,92
22284,1.0,,1.0,1.0,1,91
22287,,,,0.0,0,92
22288,1.0,,1.0,1.0,1,91
22290,,,,0.0,0,92
22291,,,,0.0,0,92
22292,2.0,,2.0,2.0,1,91
22293,,,,0.0,0,92
22294,4.333333333333333,4.041451884327381,2.0,9.0,3,89
22296,,,,0.0,0,92
22297,,,,0.0,0,92
22298,,,,0.0,0,92
22299,2.0,,2.0,2.0,1,91
22300,7.25,3.9800639556304986,7.5,15.0,12,80
22302,2.25,1.8929694486000912,1.5,5.0,4,88
22303,,,,0.0,0,92
22304,,,,0.0,0,92
22305,3.5,0.7071067811865476,3.5,4.0,2,90
22306,1.0,,1.0,1.0,1,91
22307,6.769230769230769,8.227533512074423,4.0,30.0,13,79
22308,14.0,,14.0,14.0,1,91
22309,1.0,0.0,1.0,1.0,2,90
22312,,,,0.0,0,92
22314,,,,0.0,0,92
22315,1.0,,1.0,1.0,1,91
22316,1.0,0.0,1.0,1.0,2,90
22317,,,,0.0,0,92
22318,,,,0.0,0,92
22319,,,,0.0,0,92
22321,,,,0.0,0,92
22322,2.0,1.5491933384829668,1.5,5.0,6,86
22323,,,,0.0,0,92
22324,5.5,9.942692937888753,2.5,30.0,8,84
22325,,,,0.0,0,92
22326,,,,0.0,0,92
22327,1.0,0.0,1.0,1.0,2,90
22328,,,,0.0,0,92
22329,,,,0.0,0,92
22330,2.0,,2.0,2.0,1,91
22331,1.3333333333333333,0.5773502691896257,1.0,2.0,3,89
22332,2.0,,2.0,2.0,1,91
22333,8.0,2.8284271247461903,8.0,10.0,2,90
22334,,,,0.0,0,92
22336,,,,0.0,0,92
22337,1.0,0.0,1.0,1.0,2,90
22338,1.0,0.0,1.0,1.0,2,90
22339,,,,0.0,0,92
22340,,,,0.0,0,92
22341,5.0,,5.0,5.0,1,91
22342,1.0,,1.0,1.0,1,91
22343,,,,0.0,0,92
22344,,,,0.0,0,92
22345,2.0,1.4142135623730951,2.0,3.0,2,90
22346,1.25,0.5,1.0,2.0,4,88
22347,1.625,1.1474609652039003,1.0,5.0,16,76
22348,,,,0.0,0,92
22349,,,,0.0,0,92
22350,,,,0.0,0,92
22351,,,,0.0,0,92
22352,,,,0.0,0,92
22353,1.9090909090909092,1.3751033019046572,1.0,5.0,11,81
22354,,,,0.0,0,92
22356,1.0,0.0,1.0,1.0,2,90
22357,2.0,,2.0,2.0,1,91
22358,1.0,0.0,1.0,1.0,2,90
22359,,,,0.0,0,92
22360,,,,0.0,0,92
22361,1.0,,1.0,1.0,1,91
22362,1.8148148148148149,0.9622504486493761,1.0,4.0,27,65
22363,,,,0.0,0,92
22364,,,,0.0,0,92
22365,4.571428571428571,1.6183471874253743,5.0,6.0,7,85
22366,1.5,0.7071067811865476,1.5,2.0,2,90
22367,1.0,,1.0,1.0,1,91
22368,,,,0.0,0,92
22386,,,,0.0,0,92
22388,1.0,,1.0,1.0,1,91
22389,2.6,3.0495901363953815,1.0,8.0,5,87
22390,,,,0.0,0,92
22391,,,,0.0,0,92
22392,,,,0.0,0,92
22393,,,,0.0,0,92
22394,1.0,,1.0,1.0,1,91
22395,,,,0.0,0,92
22396,1.0,,1.0,1.0,1,91
22397,,,,0.0,0,92
22398,1.0,,1.0,1.0,1,91
22399,2.5,1.0,2.0,4.0,4,88
22401,,,,0.0,0,92
22402,,,,0.0,0,92
22403,,,,0.0,0,92
22404,1.0,0.0,1.0,1.0,2,90
22405,,,,0.0,0,92
22406,,,,0.0,0,92
22407,1.4444444444444444,1.0137937550497031,1.0,4.0,9,83
22408,,,,0.0,0,92
22410,2.1666666666666665,0.8348471099367218,2.0,4.0,12,80
22411,2.5,1.0,2.0,4.0,4,88
22412,1.0,0.0,1.0,1.0,2,90
22414,,,,0.0,0,92
22415,,,,0.0,0,92
22416,,,,0.0,0,92
22417,,,,0.0,0,92
22518,,,,0.0,0,92
22520,,,,0.0,0,92
22521,,,,0.0,0,92
22522,,,,0.0,0,92
22524,,,,0.0,0,92
22525,2.5,1.3142574813455419,2.0,5.0,12,80
22527,,,,0.0,0,92
22528,1.368421052631579,0.5972647203701474,1.0,3.0,19,73
22529,,,,0.0,0,92
22530,1.0,,1.0,1.0,1,91
22531,,,,0.0,0,92
22532,,,,0.0,0,92
22533,1.3,0.6749485577105528,1.0,3.0,10,82
22534,,,,0.0,0,92
22535,,,,0.0,0,92
22538,11.333333333333334,12.34233905438241,8.0,25.0,3,89
22540,3.0,,3.0,3.0,1,91
22541,2.5,0.7071067811865476,2.5,3.0,2,90
22542,2.0,1.4142135623730951,2.0,3.0,2,90
22543,,,,0.0,0,92
22544,1.0,,1.0,1.0,1,91
22547,,,,0.0,0,92
22548,4.0,,4.0,4.0,1,91
22549,,,,0.0,0,92
22550,,,,0.0,0,92
22551,,,,0.0,0,92
22552,,,,0.0,0,92
22553,,,,0.0,0,92
22554,1.5,0.7071067811865476,1.5,2.0,2,90
22556,1.0,,1.0,1.0,1,91
22569,,,,0.0,0,92
22570,1.0,0.0,1.0,1.0,2,90
22571,,,,0.0,0,92
22577,29.655172413793103,52.71437582594725,10.0,258.0,29,63
22578,,,,0.0,0,92
22579,1.0,,1.0,1.0,1,91
22580,22.5,20.041623354076552,22.5,43.0,4,88
22581,,,,0.0,0,92
22582,13.0,4.47213595499958,15.0,15.0,5,87
22584,1.5,0.7071067811865476,1.5,2.0,2,90
22585,1.0,,1.0,1.0,1,91
22586,,,,0.0,0,92
22587,,,,0.0,0,92
22590,,,,0.0,0,92
22591,,,,0.0,0,92
22592,,,,0.0,0,92
22593,,,,0.0,0,92
22594,,,,0.0,0,92
22595,,,,0.0,0,92
22596,,,,0.0,0,92
22597,,,,0.0,0,92
22598,,,,0.0,0,92
22601,,,,0.0,0,92
22602,,,,0.0,0,92
22607,,,,0.0,0,92
22609,,,,0.0,0,92
22612,,,,0.0,0,92
22613,,,,0.0,0,92
22614,,,,0.0,0,92
22615,,,,0.0,0,92
22616,,,,0.0,0,92
22617,,,,0.0,0,92
22618,,,,0.0,0,92
22619,,,,0.0,0,92
22620,,,,0.0,0,92
22622,,,,0.0,0,92
22623,,,,0.0,0,92
22624,2.0,,2.0,2.0,1,91
22625,,,,0.0,0,92
22626,1.0,0.0,1.0,1.0,3,89
22637,,,,0.0,0,92
22639,10.0,0.0,10.0,10.0,5,87
22640,20.8,13.103434664239753,20.0,40.0,5,87
22641,52.61702127659574,60.80923599453186,30.0,360.0,47,45
22642,,,,0.0,0,92
22645,,,,0.0,0,92
22646,,,,0.0,0,92
22647,,,,0.0,0,92
22648,,,,0.0,0,92
22649,,,,0.0,0,92
22651,,,,0.0,0,92
22653,,,,0.0,0,92
22654,,,,0.0,0,92
22655,,,,0.0,0,92
22658,,,,0.0,0,92
22661,,,,0.0,0,92
22662,,,,0.0,0,92
22663,,,,0.0,0,92
22664,,,,0.0,0,92
22666,,,,0.0,0,92
22667,,,,0.0,0,92
22668,,,,0.0,0,92
22670,,,,0.0,0,92
22671,,,,0.0,0,92
22674,85.49411764705883,109.67545451070104,52.0,607.0,85,7
22675,85.70238095238095,121.17723550197587,54.0,678.0,84,8
22676,26.766666666666666,39.210586025934056,12.0,215.0,60,32
22677,8.681818181818182,5.2769612795926735,9.0,23.0,22,70
22678,15.6,15.254507530562892,10.0,83.0,45,47
22682,1.3333333333333333,0.5773502691896257,1.0,2.0,3,89
22684,,,,0.0,0,92
22685,,,,0.0,0,92
22686,,,,0.0,0,92
22687,,,,0.0,0,92
22688,,,,0.0,0,92
22690,,,,0.0,0,92
22691,4.0,0.0,4.0,4.0,4,88
22692,3.6666666666666665,2.958039891549808,2.0,11.0,9,83
22697,,,,0.0,0,92
22698,,,,0.0,0,92
22700,,,,0.0,0,92
22701,,,,0.0,0,92
22702,,,,0.0,0,92
22703,,,,0.0,0,92
22704,,,,0.0,0,92
22705,,,,0.0,0,92
22706,,,,0.0,0,92
22711,,,,0.0,0,92
22712,1.0,,1.0,1.0,1,91
22713,,,,0.0,0,92
22714,,,,0.0,0,92
22716,3.0,,3.0,3.0,1,91
22717,2.0,,2.0,2.0,1,91
22718,,,,0.0,0,92
22719,,,,0.0,0,92
22720,1.0,,1.0,1.0,1,91
22723,,,,0.0,0,92
22724,,,,0.0,0,92
22725,,,,0.0,0,92
22727,,,,0.0,0,92
22728,,,,0.0,0,92
22729,,,,0.0,0,92
22730,,,,0.0,0,92
22731,,,,0.0,0,92
22732,,,,0.0,0,92
22733,,,,0.0,0,92
22734,,,,0.0,0,92
22735,,,,0.0,0,92
22736,,,,0.0,0,92
22737,,,,0.0,0,92
22738,,,,0.0,0,92
22739,,,,0.0,0,92
22740,,,,0.0,0,92
22742,,,,0.0,0,92
22743,,,,0.0,0,92
22745,,,,0.0,0,92
22746,,,,0.0,0,92
22748,,,,0.0,0,92
22749,,,,0.0,0,92
22750,3.6,3.596294389136314,2.0,10.0,10,82
22751,,,,0.0,0,92
22756,,,,0.0,0,92
22757,,,,0.0,0,92
22758,,,,0.0,0,92
22760,2.6666666666666665,1.2309149097933272,2.5,5.0,12,80
22762,,,,0.0,0,92
22763,,,,0.0,0,92
22764,,,,0.0,0,92
22765,,,,0.0,0,92
22766,,,,0.0,0,92
22768,,,,0.0,0,92
22773,,,,0.0,0,92
22776,,,,0.0,0,92
22778,,,,0.0,0,92
22779,,,,0.0,0,92
22780,,,,0.0,0,92
22781,,,,0.0,0,92
22782,,,,0.0,0,92
22783,,,,0.0,0,92
22789,,,,0.0,0,92
22790,,,,0.0,0,92
22791,,,,0.0,0,92
22797,,,,0.0,0,92
22808,,,,0.0,0,92
22809,,,,0.0,0,92
22814,,,,0.0,0,92
22815,,,,0.0,0,92
22818,,,,0.0,0,92
22819,,,,0.0,0,92
22820,,,,0.0,0,92
22821,,,,0.0,0,92
22822,12.0,,12.0,12.0,1,91
22826,,,,0.0,0,92
22827,,,,0.0,0,92
22828,,,,0.0,0,92
22832,,,,0.0,0,92
22833,,,,0.0,0,92
22834,,,,0.0,0,92
22835,,,,0.0,0,92
22837,,,,0.0,0,92
22838,,,,0.0,0,92
22839,,,,0.0,0,92
22840,,,,0.0,0,92
22842,,,,0.0,0,92
22843,,,,0.0,0,92
22844,,,,0.0,0,92
22845,,,,0.0,0,92
22847,,,,0.0,0,92
22848,,,,0.0,0,92
22850,1.3333333333333333,0.5773502691896257,1.0,2.0,3,89
22851,,,,0.0,0,92
22852,,,,0.0,0,92
22855,,,,0.0,0,92
22857,26.0,,26.0,26.0,1,91
22859,13.0,9.899494936611665,13.0,20.0,2,90
22860,20.0,,20.0,20.0,1,91
22864,,,,0.0,0,92
22865,,,,0.0,0,92
22866,,,,0.0,0,92
22867,,,,0.0,0,92
22870,,,,0.0,0,92
22871,,,,0.0,0,92
22873,,,,0.0,0,92
22874,,,,0.0,0,92
22875,,,,0.0,0,92
22878,,,,0.0,0,92
22880,3.0,,3.0,3.0,1,91
22882,3.0,,3.0,3.0,1,91
22884,,,,0.0,0,92
22891,,,,0.0,0,92
22893,3.0,,3.0,3.0,1,91
22894,1.0,,1.0,1.0,1,91
22895,3.0,,3.0,3.0,1,91
22896,2.0,,2.0,2.0,1,91
22897,,,,0.0,0,92
22902,,,,0.0,0,92
22903,1.5,0.7071067811865476,1.5,2.0,2,90
22906,2.0,0.0,2.0,2.0,2,90
22907,1.0,,1.0,1.0,1,91
22910,,,,0.0,0,92
22911,,,,0.0,0,92
22912,,,,0.0,0,92
22913,,,,0.0,0,92
22914,,,,0.0,0,92
22915,1.0,,1.0,1.0,1,91
22916,2.2,1.6431676725154984,1.0,4.0,5,87
22917,1.1666666666666667,0.408248290463863,1.0,2.0,6,86
22918,1.0,,1.0,1.0,1,91
22920,,,,0.0,0,92
22921,,,,0.0,0,92
22923,2.0,1.0,2.0,3.0,3,89
22924,3.911111111111111,3.0062225029717506,3.0,11.0,45,47
22925,2.2666666666666666,1.3345232785352155,2.0,5.0,15,77
22926,1.6153846153846154,1.1929278784054478,1.0,5.0,13,79
22927,5.4375,4.528426761709878,3.5,21.0,48,44
22928,,,,0.0,0,92
22929,,,,0.0,0,92
22930,6.0,1.0,6.0,7.0,5,87
22931,,,,0.0,0,92
22932,,,,0.0,0,92
22940,3.891891891891892,3.7990041369327874,2.0,15.0,37,55
22941,3.892857142857143,6.810896540714129,3.0,51.0,56,36
22942,3.0869565217391304,2.9682110234688333,2.0,11.0,23,69
22943,3.6744186046511627,3.7143283071073507,2.0,22.0,43,49
22944,4.03125,3.0961765976458,3.5,15.0,64,28
22945,7.626506024096385,9.277182661296521,5.0,63.0,83,9
22946,3.6,1.6733200530681511,4.0,5.0,5,87
22947,3.0,,3.0,3.0,1,91
22952,1.8148148148148149,0.9622504486493763,2.0,4.0,27,65
22953,2.6607142857142856,1.540682088784477,2.0,7.0,56,36
22955,8.233333333333333,6.273553320437135,5.0,21.0,30,62
22956,12.454545454545455,12.154587888283451,9.0,56.0,55,37
22957,23.745098039215687,27.830805333123152,14.0,163.0,51,41
22959,4.458333333333333,2.8434389262891218,4.5,12.0,24,68
22960,7.387755102040816,4.685155309283657,8.0,22.0,49,43
22961,3.15,2.824344716376363,2.0,12.0,40,52
22962,1.4,0.6992058987801011,1.0,3.0,10,82
22963,2.25,1.2583057392117916,2.0,4.0,4,88
22964,1.0,0.0,1.0,1.0,2,90
22965,1.0,,1.0,1.0,1,91
22966,1.0,0.0,1.0,1.0,3,89
22967,1.0,0.0,1.0,1.0,2,90
22968,1.5,0.7071067811865476,1.5,2.0,2,90
22970,1.4166666666666667,0.5835920751217647,1.0,3.0,24,68
22971,1.3076923076923077,0.8548504142651104,1.0,4.0,13,79
22972,1.542857142857143,1.0387452029437514,1.0,6.0,35,57
22975,1.65,1.2680278927697548,1.0,6.0,20,72
22976,15.694444444444445,12.510996727824315,12.5,55.0,72,20
22977,2.792452830188679,1.6332893964450736,3.0,7.0,53,39
22978,1.6875,1.0781929326423914,1.0,5.0,16,76
22979,1.2,0.44721359549995804,1.0,2.0,5,87
22980,1.0,0.0,1.0,1.0,5,87
22981,1.3333333333333333,0.5773502691896257,1.0,2.0,3,89
22983,,,,0.0,0,92
22984,,,,0.0,0,92
22985,7.875,6.694745719828689,6.0,38.0,80,12
23001,,,,0.0,0,92
23002,1.75,0.9574271077563381,1.5,3.0,4,88
23003,11.244444444444444,9.0768394131897,9.0,58.0,90,2
23006,3.5576923076923075,3.0384042608725865,3.0,18.0,52,40
23007,4.9393939393939394,4.543393472111373,3.0,23.0,66,26
23008,4.425,6.320043411081029,3.0,41.0,40,52
23009,5.2,4.7827373199023215,3.0,29.0,60,32
23023,,,,0.0,0,92
23024,1.0,0.0,1.0,1.0,3,89
23025,,,,0.0,0,92
23026,3.375,2.1339098923270936,2.5,8.0,8,84
23027,3.942857142857143,2.013817813227887,4.0,9.0,35,57
23028,3.272727272727273,1.162174406295953,3.0,6.0,22,70
23029,1.0,,1.0,1.0,1,91
23060,,,,0.0,0,92
23063,2.0,,2.0,2.0,1,91
23076,1.1666666666666667,0.38924947208076155,1.0,2.0,12,80
23077,,,,0.0,0,92
23078,1.0,0.0,1.0,1.0,3,89
23079,,,,0.0,0,92
23080,,,,0.0,0,92
23081,1.0,,1.0,1.0,1,91
23084,,,,0.0,0,92
23085,2.0,,2.0,2.0,1,91
23086,2.0,,2.0,2.0,1,91
23096,3.272727272727273,1.9408878006070969,3.0,8.0,33,59
23098,3.15625,2.065216929947538,2.5,10.0,32,60
23100,2.25,1.1254628677422756,2.5,4.0,16,76
23101,2.0,1.224744871391589,2.0,4.0,5,87
23102,,,,0.0,0,92
23103,1.0,0.0,1.0,1.0,2,90
23107,,,,0.0,0,92
23108,,,,0.0,0,92
23109,1.0,,1.0,1.0,1,91
23112,2.0,1.0,2.0,3.0,3,89
23113,,,,0.0,0,92
23114,1.0,0.0,1.0,1.0,2,90
23115,3.0,,3.0,3.0,1,91
23120,2.0,,2.0,2.0,1,91
23121,,,,0.0,0,92
23123,5.0,,5.0,5.0,1,91
23124,,,,0.0,0,92
23126,5.0,2.449489742783178,4.5,9.0,6,86
23127,1.0,0.0,1.0,1.0,2,90
23128,1.5,0.7071067811865476,1.5,2.0,2,90
23130,3.0,,3.0,3.0,1,91
23132,,,,0.0,0,92
23135,1.0,,1.0,1.0,1,91
23142,1.0,,1.0,1.0,1,91
23151,1.0,0.0,1.0,1.0,2,90
23153,1.0,,1.0,1.0,1,91
23155,,,,0.0,0,92
23157,,,,0.0,0,92
23158,,,,0.0,0,92
23165,3.0,2.6457513110645907,2.0,6.0,3,89
23169,1.0,0.0,1.0,1.0,2,90
23170,,,,0.0,0,92
23173,,,,0.0,0,92
23174,,,,0.0,0,92
23175,,,,0.0,0,92
23177,,,,0.0,0,92
23182,2.0,,2.0,2.0,1,91
23184,,,,0.0,0,92
23185,,,,0.0,0,92
23186,,,,0.0,0,92
23187,3.0,,3.0,3.0,1,91
23188,1.0,0.0,1.0,1.0,2,90
23189,,,,0.0,0,92
23190,,,,0.0,0,92
23191,9.5,5.0,12.0,12.0,4,88
23192,13.333333333333334,10.066445913694334,12.0,24.0,3,89
23194,,,,0.0,0,92
23197,1.0,0.0,1.0,1.0,3,89
23198,4.2,4.984420171338332,2.0,15.0,10,82
23199,1.0,0.0,1.0,1.0,2,90
23200,1.8888888888888888,0.927960727138337,2.0,4.0,9,83
23202,1.0,,1.0,1.0,1,91
23214,,,,0.0,0,92
23215,,,,0.0,0,92
23216,,,,0.0,0,92
23217,,,,0.0,0,92
23218,,,,0.0,0,92
23219,,,,0.0,0,92
23222,,,,0.0,0,92
23223,3.6666666666666665,2.081665999466133,3.0,6.0,3,89
23224,,,,0.0,0,92
23225,,,,0.0,0,92
23226,,,,0.0,0,92
23229,1.0,,1.0,1.0,1,91
23231,,,,0.0,0,92
23232,,,,0.0,0,92
24546,1.0,0.0,1.0,1.0,2,90
25148,1.25,0.5,1.0,2.0,4,88
25149,1.6,1.3416407864998738,1.0,4.0,5,87
25150,3.193548387096774,1.8333822085371738,3.0,7.0,31,61
25151,2.0,1.2649110640673518,1.5,4.0,6,86
25152,,,,0.0,0,92
25153,,,,0.0,0,92
25154,,,,0.0,0,92
25155,,,,0.0,0,92
25162,3.0,1.4142135623730951,3.0,4.0,2,90
25163,,,,0.0,0,92
25164,2.754385964912281,2.115256669282089,2.0,12.0,57,35
25166,,,,0.0,0,92
25167,1.5,0.7071067811865476,1.5,2.0,2,90
25169,,,,0.0,0,92
25170,,,,0.0,0,92
25171,,,,0.0,0,92
25175,1.8571428571428572,1.0690449676496976,2.0,4.0,7,85
25176,1.0,,1.0,1.0,1,91
25178,,,,0.0,0,92
25184,1.5,0.7559289460184544,1.0,3.0,8,84
25185,,,,0.0,0,92
25186,7.5,7.7781745930520225,7.5,13.0,2,90
25187,,,,0.0,0,92
25190,,,,0.0,0,92
25191,1.0,0.0,1.0,1.0,2,90
25192,,,,0.0,0,92
25193,1.0,,1.0,1.0,1,91
25196,,,,0.0,0,92
25204,1.0,,1.0,1.0,1,91
25205,,,,0.0,0,92
25207,,,,0.0,0,92
25210,1.0,,1.0,1.0,1,91
25212,,,,0.0,0,92
25214,1.0,,1.0,1.0,1,91
25222,,,,0.0,0,92
25223,,,,0.0,0,92
25224,1.0,0.0,1.0,1.0,3,89
25226,,,,0.0,0,92
25227,,,,0.0,0,92
25228,,,,0.0,0,92
25229,1.0,,1.0,1.0,1,91
25231,,,,0.0,0,92
25232,1.2,0.44721359549995804,1.0,2.0,5,87
25233,,,,0.0,0,92
25234,,,,0.0,0,92
25235,,,,0.0,0,92
25238,,,,0.0,0,92
25239,,,,0.0,0,92
25240,,,,0.0,0,92
25242,1.5,0.7071067811865476,1.5,2.0,2,90
25243,,,,0.0,0,92
25244,,,,0.0,0,92
25246,,,,0.0,0,92
25247,,,,0.0,0,92
25248,2.0,,2.0,2.0,1,91
25249,,,,0.0,0,92
25250,,,,0.0,0,92
25251,,,,0.0,0,92
25253,,,,0.0,0,92
25254,1.0,0.0,1.0,1.0,2,90
25255,6.0,,6.0,6.0,1,91
25256,4.0,,4.0,4.0,1,91
25257,1.0,0.0,1.0,1.0,3,89
25258,,,,0.0,0,92
25260,,,,0.0,0,92
25261,,,,0.0,0,92
25262,,,,0.0,0,92
25263,,,,0.0,0,92
25265,41.333333333333336,75.43556064300051,10.0,281.0,15,77
25266,33.82857142857143,83.70307665801064,4.0,418.0,35,57
25267,39.89473684210526,62.472122437702915,13.0,260.0,19,73
25268,18.923076923076923,32.563941045430234,4.0,121.0,13,79
25269,12.95,21.849906660043914,2.0,77.0,20,72
25271,47.0,82.46312307126541,8.0,381.0,37,55
25272,73.78048780487805,140.41910699671928,6.0,619.0,41,51
25273,44.08,97.37039248833977,5.0,420.0,25,67
25274,22.42105263157895,29.40581157502654,9.0,110.0,19,73
25275,22.375,26.435568571798974,10.5,68.0,8,84
25276,22.9,21.599639914694052,18.0,60.0,10,82
25277,16.77777777777778,18.62644476126468,10.0,59.0,9,83
25285,,,,0.0,0,92
25286,1.0,0.0,1.0,1.0,5,87
25288,4.0,2.5495097567963922,4.0,7.0,5,87
25289,3.5,0.7071067811865476,3.5,4.0,2,90
25292,15.0,15.231546211727817,9.0,37.0,7,85
25293,2.0,1.0,2.0,3.0,3,89
25294,,,,0.0,0,92
25295,3.2222222222222223,3.308238873546535,1.0,10.0,9,83
25300,,,,0.0,0,92
25302,2.0,,2.0,2.0,1,91
25303,,,,0.0,0,92
25304,,,,0.0,0,92
25305,1.0,0.0,1.0,1.0,2,90
25312,1.3076923076923077,1.1094003924504583,1.0,5.0,13,79
25313,2.6666666666666665,1.5275252316519465,3.0,4.0,3,89
25314,,,,0.0,0,92
25315,,,,0.0,0,92
25316,2.0,,2.0,2.0,1,91
25317,,,,0.0,0,92
25318,,,,0.0,0,92
25319,,,,0.0,0,92
25321,,,,0.0,0,92
25322,,,,0.0,0,92
25324,,,,0.0,0,92
25325,,,,0.0,0,92
25326,1.0,0.0,1.0,1.0,3,89
25328,,,,0.0,0,92
25329,,,,0.0,0,92
25331,,,,0.0,0,92
25333,6.0,,6.0,6.0,1,91
25334,8.714285714285714,7.7182529481371995,8.0,24.0,7,85
25335,8.666666666666666,3.055050463303893,8.0,12.0,3,89
25336,,,,0.0,0,92
25338,,,,0.0,0,92
25339,,,,0.0,0,92
25340,,,,0.0,0,92
25342,2.3333333333333335,1.1547005383792515,3.0,3.0,3,89
25344,,,,0.0,0,92
25345,1.375,0.5175491695067657,1.0,2.0,8,84
25346,1.0,,1.0,1.0,1,91
25347,,,,0.0,0,92
25348,1.0,,1.0,1.0,1,91
25358,,,,0.0,0,92
25359,,,,0.0,0,92
25360,2.0,,2.0,2.0,1,91
25362,,,,0.0,0,92
25367,,,,0.0,0,92
25368,2.1666666666666665,1.1690451944500122,2.0,4.0,6,86
25369,,,,0.0,0,92
25372,,,,0.0,0,92
25373,,,,0.0,0,92
25374,,,,0.0,0,92
25375,,,,0.0,0,92
25376,,,,0.0,0,92
25377,3.7142857142857144,2.163635524139563,3.5,9.0,14,78
25379,1.0,,1.0,1.0,1,91
25380,,,,0.0,0,92
25384,,,,0.0,0,92
25385,1.0,,1.0,1.0,1,91
25386,5.0,,5.0,5.0,1,91
25387,1.0,0.0,1.0,1.0,4,88
25388,,,,0.0,0,92
25389,,,,0.0,0,92
25390,,,,0.0,0,92
25391,,,,0.0,0,92
25392,,,,0.0,0,92
25394,1.0,,1.0,1.0,1,91
25395,1.0,0.0,1.0,1.0,2,90
25397,1.0,0.0,1.0,1.0,2,90
25398,4.4,1.1401754250991378,4.0,6.0,5,87
25401,10.846153846153847,15.988778115948248,6.0,60.0,13,79
25402,3.0,1.0,3.0,4.0,3,89
25403,4.333333333333333,3.214550253664318,3.0,8.0,3,89
25404,1.0,,1.0,1.0,1,91
25406,1.0,0.0,1.0,1.0,5,87
25407,1.8235294117647058,0.8089572082044157,2.0,3.0,17,75
25408,2.0,1.224744871391589,2.0,4.0,5,87
25409,1.0,,1.0,1.0,1,91
25410,1.7,0.9787209698591856,1.0,4.0,20,72
25411,1.0,,1.0,1.0,1,91
25412,,,,0.0,0,92
25413,,,,0.0,0,92
25414,,,,0.0,0,92
25415,,,,0.0,0,92
25417,,,,0.0,0,92
25419,,,,0.0,0,92
25420,1.0,0.0,1.0,1.0,6,86
25422,1.3333333333333333,0.5773502691896257,1.0,2.0,3,89
25423,,,,0.0,0,92
25424,,,,0.0,0,92
25425,,,,0.0,0,92
25426,,,,0.0,0,92
25427,,,,0.0,0,92
25428,1.0,,1.0,1.0,1,91
25429,,,,0.0,0,92
25432,3.0,,3.0,3.0,1,91
25433,2.0,,2.0,2.0,1,91
25434,3.5,3.5355339059327378,3.5,6.0,2,90
25435,1.2222222222222223,0.4409585518440984,1.0,2.0,9,83
25436,1.0,0.0,1.0,1.0,3,89
25437,1.4,0.5477225575051661,1.0,2.0,5,87
25438,1.0,,1.0,1.0,1,91
25441,,,,0.0,0,92
25444,1.0,,1.0,1.0,1,91
25446,,,,0.0,0,92
25448,,,,0.0,0,92
25450,1.0,,1.0,1.0,1,91
25452,11.285714285714286,13.948886284267592,2.0,37.0,7,85
25455,,,,0.0,0,92
25457,1.7058823529411764,0.6859943405700353,2.0,3.0,17,75
25458,2.4,1.2421180068162376,2.0,4.0,15,77
25459,1.5,0.5773502691896257,1.5,2.0,4,88
25460,4.0,3.4641016151377544,2.0,8.0,3,89
25461,1.0666666666666667,0.25819888974716115,1.0,2.0,15,77
25464,1.0909090909090908,0.30151134457776363,1.0,2.0,11,81
25465,1.0,0.0,1.0,1.0,2,90
25466,,,,0.0,0,92
25467,1.0,0.0,1.0,1.0,2,90
25469,,,,0.0,0,92
25470,1.0,,1.0,1.0,1,91
25471,,,,0.0,0,92
25473,,,,0.0,0,92
25474,4.0,,4.0,4.0,1,91
25475,,,,0.0,0,92
25476,,,,0.0,0,92
25477,2.0,1.4142135623730951,2.0,3.0,2,90
25478,2.0,,2.0,2.0,1,91
25479,,,,0.0,0,92
25480,,,,0.0,0,92
25481,1.7142857142857142,0.8254203058555569,2.0,4.0,14,78
25482,,,,0.0,0,92
25483,,,,0.0,0,92
25485,2.25,1.0350983390135313,2.0,4.0,8,84
25487,,,,0.0,0,92
25488,1.0,,1.0,1.0,1,91
25489,2.0,,2.0,2.0,1,91
25491,1.0,,1.0,1.0,1,91
25492,1.0,0.0,1.0,1.0,2,90
25493,,,,0.0,0,92
25495,,,,0.0,0,92
25497,,,,0.0,0,92
25502,,,,0.0,0,92
25503,,,,0.0,0,92
25504,,,,0.0,0,92
25505,,,,0.0,0,92
25506,,,,0.0,0,92
25509,,,,0.0,0,92
25512,,,,0.0,0,92
25613,1.0,,1.0,1.0,1,91
25614,1.0,,1.0,1.0,1,91
25618,2.3333333333333335,1.8618986725025255,2.0,6.0,6,86
25620,,,,0.0,0,92
25621,1.0,,1.0,1.0,1,91
25622,1.4,0.5477225575051661,1.0,2.0,5,87
25633,2.0,,2.0,2.0,1,91
25634,1.5,0.5773502691896257,1.5,2.0,4,88
25636,,,,0.0,0,92
25637,1.0,0.0,1.0,1.0,2,90
25643,13.444444444444445,15.835964693626272,6.0,51.0,9,83
25645,,,,0.0,0,92
25646,,,,0.0,0,92
25647,,,,0.0,0,92
25648,,,,0.0,0,92
25651,,,,0.0,0,92
25659,,,,0.0,0,92
25661,,,,0.0,0,92
25662,,,,0.0,0,92
25663,1.5,0.7071067811865476,1.5,2.0,2,90
25664,1.4,0.5477225575051661,1.0,2.0,5,87
25665,3.0,1.1547005383792515,3.0,4.0,7,85
25666,1.3333333333333333,0.5773502691896257,1.0,2.0,3,89
25667,2.6666666666666665,1.5275252316519468,3.0,4.0,3,89
25668,2.125,0.9910312089651149,2.0,4.0,8,84
25670,,,,0.0,0,92
25672,,,,0.0,0,92
25674,3.25,1.5,3.0,5.0,4,88
25675,6.909090909090909,2.165850662190053,6.0,10.0,11,81
25676,2.5,2.345207879911715,1.5,7.0,6,86
25677,3.0,1.4142135623730951,3.0,4.0,2,90
25678,,,,0.0,0,92
25679,,,,0.0,0,92
25680,,,,0.0,0,92
25681,,,,0.0,0,92
25682,1.0,,1.0,1.0,1,91
25683,,,,0.0,0,92
25684,,,,0.0,0,92
25685,,,,0.0,0,92
25686,,,,0.0,0,92
25687,,,,0.0,0,92
25688,,,,0.0,0,92
25689,,,,0.0,0,92
25690,,,,0.0,0,92
25691,,,,0.0,0,92
25693,,,,0.0,0,92
25694,,,,0.0,0,92
25695,13.590909090909092,11.741903353898564,10.0,52.0,22,70
25696,1.5,0.7071067811865476,1.5,2.0,2,90
25703,,,,0.0,0,92
25705,1.0,0.0,1.0,1.0,2,90
25716,,,,0.0,0,92
25718,,,,0.0,0,92
25719,,,,0.0,0,92
25721,2.5,1.6431676725154984,2.5,4.0,6,86
25722,4.0,,4.0,4.0,1,91
25723,1.0,,1.0,1.0,1,91
25724,,,,0.0,0,92
25725,2.0,,2.0,2.0,1,91
25726,,,,0.0,0,92
25729,2.4,1.6733200530681511,2.0,5.0,5,87
25733,,,,0.0,0,92
25734,,,,0.0,0,92
25736,6.6521739130434785,4.107738768052474,5.0,16.0,23,69
25739,,,,0.0,0,92
25740,,,,0.0,0,92
25741,,,,0.0,0,92
25743,,,,0.0,0,92
25744,,,,0.0,0,92
25745,,,,0.0,0,92
25746,,,,0.0,0,92
25747,2.0,,2.0,2.0,1,91
25749,,,,0.0,0,92
25750,1.2,0.4472135954999579,1.0,2.0,5,87
25751,2.097560975609756,1.5460413650478515,2.0,9.0,41,51
25752,3.0,,3.0,3.0,1,91
25753,,,,0.0,0,92
25754,,,,0.0,0,92
25756,1.0,,1.0,1.0,1,91
25757,4.75,3.774917217635375,3.5,10.0,4,88
25758,,,,0.0,0,92
25759,,,,0.0,0,92
25760,6.8,5.718391382198319,5.0,16.0,5,87
25765,,,,0.0,0,92
25766,1.0,0.0,1.0,1.0,4,88
25767,3.0,2.256304299271065,2.0,8.0,12,80
25768,4.294117647058823,4.412548949903458,2.0,15.0,17,75
25769,,,,0.0,0,92
25771,,,,0.0,0,92
25773,,,,0.0,0,92
25774,,,,0.0,0,92
25775,,,,0.0,0,92
25776,3.357142857142857,2.1809662438042814,3.0,9.0,28,64
25777,3.36,2.196208854670551,3.0,9.0,25,67
25778,,,,0.0,0,92
25781,,,,0.0,0,92
25782,,,,0.0,0,92
25783,,,,0.0,0,92
25786,,,,0.0,0,92
25787,1.65,0.6708203932499369,2.0,3.0,20,72
25788,3.0,,3.0,3.0,1,91
25798,1.0,0.0,1.0,1.0,4,88
25799,1.3333333333333333,0.5163977794943223,1.0,2.0,6,86
25800,1.0,,1.0,1.0,1,91
25802,,,,0.0,0,92
25804,,,,0.0,0,92
25805,,,,0.0,0,92
25810,1.0,,1.0,1.0,1,91
25811,3.1666666666666665,4.369008502408486,2.0,20.0,18,74
25812,,,,0.0,0,92
25813,1.5,0.7071067811865476,1.5,2.0,2,90
25814,,,,0.0,0,92
25815,2.0,,2.0,2.0,1,91
25818,1.0,,1.0,1.0,1,91
25819,1.0,,1.0,1.0,1,91
25820,,,,0.0,0,92
25821,,,,0.0,0,92
25822,3.0,2.8284271247461903,3.0,5.0,2,90
25823,1.0,,1.0,1.0,1,91
25824,,,,0.0,0,92
25825,1.25,0.5,1.0,2.0,4,88
25826,1.6666666666666667,0.5773502691896257,2.0,2.0,3,89
25827,1.25,0.5,1.0,2.0,4,88
25828,,,,0.0,0,92
25829,1.0,,1.0,1.0,1,91
25830,,,,0.0,0,92
25832,1.411764705882353,0.6183469424008423,1.0,3.0,17,75
25833,2.0,,2.0,2.0,1,91
25834,1.0,0.0,1.0,1.0,2,90
25835,1.0,,1.0,1.0,1,91
25836,,,,0.0,0,92
25837,,,,0.0,0,92
25838,,,,0.0,0,92
25839,1.0,,1.0,1.0,1,91
25840,,,,0.0,0,92
25841,,,,0.0,0,92
25842,,,,0.0,0,92
25844,,,,0.0,0,92
25845,1.0,,1.0,1.0,1,91
25846,1.0,,1.0,1.0,1,91
25847,13.541666666666666,12.200380763736101,10.0,58.0,48,44
25849,1.0,,1.0,1.0,1,91
25850,3.7,1.8287822299126937,3.5,6.0,10,82
25852,1.25,0.5,1.0,2.0,4,88
25856,,,,0.0,0,92
25857,,,,0.0,0,92
25858,,,,0.0,0,92
25862,2.0,,2.0,2.0,1,91
25863,,,,0.0,0,92
25864,1.75,1.2909944487358056,1.0,6.0,16,76
25867,1.3333333333333333,0.5773502691896257,1.0,2.0,3,89
25868,,,,0.0,0,92
25869,1.3333333333333333,0.5773502691896257,1.0,2.0,3,89
25870,1.0,0.0,1.0,1.0,4,88
25871,,,,0.0,0,92
25872,1.0,0.0,1.0,1.0,3,89
25873,1.3333333333333333,0.5773502691896257,1.0,2.0,3,89
25875,1.0,,1.0,1.0,1,91
25877,5.0,,5.0,5.0,1,91
25878,,,,0.0,0,92
25879,,,,0.0,0,92
25880,25.46511627906977,28.791821620871126,15.0,140.0,43,49
25881,1.3333333333333333,0.5773502691896257,1.0,2.0,3,89
25882,1.0,0.0,1.0,1.0,2,90
25883,2.2,1.6431676725154984,1.0,4.0,5,87
25886,2.021276595744681,1.2936191513688098,1.0,5.0,47,45
25888,,,,0.0,0,92
25889,1.4,0.5477225575051661,1.0,2.0,5,87
25893,,,,0.0,0,92
25894,,,,0.0,0,92
25895,,,,0.0,0,92
25897,1.0588235294117647,0.242535625036333,1.0,2.0,17,75
25898,,,,0.0,0,92
25899,1.5,0.7071067811865476,1.5,2.0,2,90
25900,,,,0.0,0,92
25901,,,,0.0,0,92
25902,,,,0.0,0,92
25903,1.0,,1.0,1.0,1,91
25904,1.0,,1.0,1.0,1,91
25907,1.8,0.8366600265340756,2.0,3.0,5,87
25908,1.0,,1.0,1.0,1,91
25909,,,,0.0,0,92
25910,,,,0.0,0,92
25911,,,,0.0,0,92
25913,1.0,,1.0,1.0,1,91
25916,6.5,7.7781745930520225,6.5,12.0,2,90
25918,,,,0.0,0,92
25919,,,,0.0,0,92
25921,1.0,,1.0,1.0,1,91
25922,1.0,0.0,1.0,1.0,2,90
25923,1.0,,1.0,1.0,1,91
25924,1.25,0.5,1.0,2.0,4,88
25925,2.0,,2.0,2.0,1,91
25929,2.5,1.2909944487358056,2.5,4.0,4,88
25930,2.0,,2.0,2.0,1,91
25931,,,,0.0,0,92
25932,1.0,0.0,1.0,1.0,6,86
25933,1.3571428571428572,0.49724515809884684,1.0,2.0,14,78
25934,1.6875,1.0781929326423914,1.0,5.0,16,76
25935,1.2857142857142858,0.48795003647426666,1.0,2.0,7,85
25936,,,,0.0,0,92
25938,3.0,1.4142135623730951,3.5,5.0,10,82
25940,,,,0.0,0,92
25941,,,,0.0,0,92
25942,10.0,,10.0,10.0,1,91
25943,1.0,0.0,1.0,1.0,4,88
25944,,,,0.0,0,92
25945,1.0,0.0,1.0,1.0,5,87
25946,15.0,5.0,15.0,20.0,3,89
25947,1.0,0.0,1.0,1.0,2,90
25948,6.0,0.0,6.0,6.0,3,89
25950,,,,0.0,0,92
25954,1.0,,1.0,1.0,1,91
25965,1.1,0.31622776601683794,1.0,2.0,10,82
25966,2.2,1.3038404810405297,2.0,4.0,5,87
25967,1.0,0.0,1.0,1.0,2,90
25969,1.0,0.0,1.0,1.0,2,90
25970,,,,0.0,0,92
25971,,,,0.0,0,92
25972,1.0,0.0,1.0,1.0,2,90
25973,,,,0.0,0,92
25974,3.2222222222222223,3.1534813214040835,2.0,10.0,9,83
25976,1.1666666666666667,0.408248290463863,1.0,2.0,6,86
25979,58.75,26.07544000450561,72.0,76.0,8,84
25980,,,,0.0,0,92
25982,2.0,,2.0,2.0,1,91
25983,2.0,,2.0,2.0,1,91
25984,,,,0.0,0,92
25985,,,,0.0,0,92
25987,,,,0.0,0,92
25988,,,,0.0,0,92
25989,,,,0.0,0,92
25990,,,,0.0,0,92
25991,,,,0.0,0,92
25992,,,,0.0,0,92
25993,,,,0.0,0,92
25994,,,,0.0,0,92
25995,,,,0.0,0,92
25996,,,,0.0,0,92
25998,,,,0.0,0,92
25999,,,,0.0,0,92
26000,,,,0.0,0,92
26004,,,,0.0,0,92
26005,,,,0.0,0,92
26006,,,,0.0,0,92
26007,50.88235294117647,20.687805444697293,50.0,100.0,17,75
26008,1.3333333333333333,0.5773502691896257,1.0,2.0,3,89
26009,,,,0.0,0,92
26010,3.6666666666666665,1.5275252316519468,4.0,5.0,3,89
26011,,,,0.0,0,92
26012,,,,0.0,0,92
26013,2.0,,2.0,2.0,1,91
26014,,,,0.0,0,92
26015,1.875,0.9910312089651149,1.5,3.0,8,84
26017,,,,0.0,0,92
26018,,,,0.0,0,92
26019,1.0,,1.0,1.0,1,91
26020,,,,0.0,0,92
26021,2.0,1.2649110640673518,2.0,6.0,16,76
26022,,,,0.0,0,92
26029,3.0,1.4142135623730951,2.0,5.0,5,87
26031,,,,0.0,0,92
26032,1.0,,1.0,1.0,1,91
26033,,,,0.0,0,92
26034,5.333333333333333,5.195046269969733,4.0,30.0,30,62
26035,,,,0.0,0,92
26036,1.3333333333333333,0.5773502691896257,1.0,2.0,3,89
26038,,,,0.0,0,92
26039,,,,0.0,0,92
26040,3.875,2.799872446074234,3.5,8.0,8,84
26041,1.75,0.7993052538854533,2.0,4.0,28,64
26042,,,,0.0,0,92
26043,53.26315789473684,21.522190370930492,70.0,73.0,19,73
26044,5.0227272727272725,4.094742155403549,4.0,20.0,44,48
26045,,,,0.0,0,92
26046,,,,0.0,0,92
26047,,,,0.0,0,92
26048,2.0,,2.0,2.0,1,91
26049,,,,0.0,0,92
26050,,,,0.0,0,92
26051,,,,0.0,0,92
26052,,,,0.0,0,92
26053,2.2,0.4472135954999579,2.0,3.0,5,87
26060,,,,0.0,0,92
26061,1.0,,1.0,1.0,1,91
26062,,,,0.0,0,92
26063,,,,0.0,0,92
26064,1.0,0.0,1.0,1.0,2,90
26065,10.5,6.363961030678928,10.5,15.0,2,90
26066,2.625,1.0606601717798212,2.5,4.0,8,84
26067,2.0,,2.0,2.0,1,91
26068,,,,0.0,0,92
26069,2.0,0.0,2.0,2.0,2,90
26070,,,,0.0,0,92
26071,,,,0.0,0,92
26072,2.0,,2.0,2.0,1,91
26073,,,,0.0,0,92
26074,2.0,,2.0,2.0,1,91
26075,,,,0.0,0,92
26076,,,,0.0,0,92
26077,9.766233766233766,8.666171533606835,7.0,49.0,77,15
26078,4.829268292682927,4.329563713726767,4.0,25.0,41,51
26079,2.9743589743589745,2.019473348323368,2.0,10.0,39,53
26081,12.879518072289157,14.113129668263024,10.0,115.0,83,9
26082,,,,0.0,0,92
26083,1.6,1.3416407864998738,1.0,4.0,5,87
26084,1.7297297297297298,1.3259933100352572,1.0,6.0,37,55
26085,22.57894736842105,10.808000069257774,21.0,50.0,19,73
26086,,,,0.0,0,92
26089,3.0,2.8284271247461903,3.0,5.0,2,90
26090,,,,0.0,0,92
26091,1.0,,1.0,1.0,1,91
26092,1.0,0.0,1.0,1.0,3,89
26093,,,,0.0,0,92
26095,23.0,19.089263998384013,24.0,50.0,6,86
26096,69.33333333333333,66.6203172213002,45.5,192.0,6,86
26097,17.166666666666668,12.906070922889997,17.0,34.0,6,86
26098,1.5,0.7071067811865476,1.5,2.0,2,90
26099,1.8125,1.3768926368215255,1.0,6.0,16,76
26100,2.945945945945946,1.747155560490408,3.0,8.0,37,55
26105,,,,0.0,0,92
26106,,,,0.0,0,92
26107,3.6875,2.6933310710093767,3.0,10.0,32,60
26109,1.0,,1.0,1.0,1,91
26110,2.0,,2.0,2.0,1,91
26114,1.0,0.0,1.0,1.0,2,90
26115,1.0,0.0,1.0,1.0,3,89
26117,1.0,,1.0,1.0,1,91
26118,1.8,1.30384048104053,1.0,4.0,5,87
26119,,,,0.0,0,92
26120,,,,0.0,0,92
26121,3.3333333333333335,2.081665999466133,4.0,5.0,3,89
26122,2.111111111111111,1.2692955176439846,2.0,4.0,9,83
26124,,,,0.0,0,92
26127,2.0,,2.0,2.0,1,91
26128,,,,0.0,0,92
26129,,,,0.0,0,92
26130,,,,0.0,0,92
26131,1.0,,1.0,1.0,1,91
26132,1.6666666666666667,1.1547005383792517,1.0,3.0,3,89
26133,,,,0.0,0,92
26134,5.5,6.363961030678928,5.5,10.0,2,90
26135,1.0,0.0,1.0,1.0,4,88
26136,,,,0.0,0,92
26137,,,,0.0,0,92
26138,,,,0.0,0,92
26140,,,,0.0,0,92
26141,,,,0.0,0,92
26142,,,,0.0,0,92
26143,,,,0.0,0,92
26144,1.0,,1.0,1.0,1,91
26146,10.0,0.0,10.0,10.0,2,90
26147,8.0,2.8284271247461903,8.0,10.0,2,90
26148,21.142857142857142,13.359498137137878,20.0,50.0,7,85
26149,4.0,,4.0,4.0,1,91
26150,,,,0.0,0,92
26151,1.0,,1.0,1.0,1,91
26152,,,,0.0,0,92
26153,,,,0.0,0,92
26154,1.4,0.5477225575051661,1.0,2.0,5,87
26155,,,,0.0,0,92
26156,,,,0.0,0,92
26157,,,,0.0,0,92
26158,,,,0.0,0,92
26159,,,,0.0,0,92
26161,9.283582089552239,8.209023066205413,7.0,39.0,67,25
26162,,,,0.0,0,92
26163,,,,0.0,0,92
26167,,,,0.0,0,92
26168,,,,0.0,0,92
26169,,,,0.0,0,92
26171,1.0,,1.0,1.0,1,91
26172,2.2,2.16794833886788,1.0,6.0,5,87
26173,1.0,,1.0,1.0,1,91
26174,1.25,0.5,1.0,2.0,4,88
26175,1.0,,1.0,1.0,1,91
26176,,,,0.0,0,92
26178,1.0,,1.0,1.0,1,91
26179,1.0,,1.0,1.0,1,91
26180,,,,0.0,0,92
26181,5.3076923076923075,4.979715940714132,3.0,25.0,39,53
26182,,,,0.0,0,92
26183,1.0,,1.0,1.0,1,91
26184,,,,0.0,0,92
26185,,,,0.0,0,92
26189,1.5,0.7071067811865476,1.5,2.0,2,90
26193,,,,0.0,0,92
26197,1.2941176470588236,0.5878675320972554,1.0,3.0,17,75
26198,3.5,2.1213203435596424,3.5,5.0,2,90
26201,1.0,,1.0,1.0,1,91
26202,1.0,,1.0,1.0,1,91
26203,1.1428571428571428,0.37796447300922725,1.0,2.0,7,85
26205,1.0,,1.0,1.0,1,91
26206,1.2,0.4472135954999579,1.0,2.0,5,87
26207,2.3333333333333335,1.5275252316519465,2.0,4.0,3,89
26208,,,,0.0,0,92
26209,,,,0.0,0,92
26210,3.0,,3.0,3.0,1,91
26211,,,,0.0,0,92
26212,,,,0.0,0,92
26213,,,,0.0,0,92
26214,,,,0.0,0,92
26217,10.0,,10.0,10.0,1,91
26218,,,,0.0,0,92
26219,2.0,,2.0,2.0,1,91
26220,2.0,,2.0,2.0,1,91
26221,,,,0.0,0,92
26230,,,,0.0,0,92
26231,,,,0.0,0,92
26232,,,,0.0,0,92
26233,2.0,,2.0,2.0,1,91
26234,,,,0.0,0,92
26235,,,,0.0,0,92
26236,1.7142857142857142,0.5606119105813882,2.0,3.0,21,71
26237,,,,0.0,0,92
26238,9.0,4.242640687119285,9.0,12.0,2,90
26239,1.0,,1.0,1.0,1,91
26240,,,,0.0,0,92
26241,,,,0.0,0,92
26242,,,,0.0,0,92
26243,,,,0.0,0,92
26244,,,,0.0,0,92
26246,1.0,0.0,1.0,1.0,2,90
26247,,,,0.0,0,92
26248,,,,0.0,0,92
26250,7.0,1.4142135623730951,7.0,8.0,2,90
26251,3.0,0.0,3.0,3.0,2,90
26252,3.0,0.0,3.0,3.0,2,90
26253,,,,0.0,0,92
26254,1.0,,1.0,1.0,1,91
26255,,,,0.0,0,92
26257,,,,0.0,0,92
26258,,,,0.0,0,92
26259,1.0,0.0,1.0,1.0,12,80
26260,30.0,,30.0,30.0,1,91
26261,30.0,0.0,30.0,30.0,2,90
26262,30.0,,30.0,30.0,1,91
26263,30.0,,30.0,30.0,1,91
26264,30.0,,30.0,30.0,1,91
26265,30.0,,30.0,30.0,1,91
26266,30.0,,30.0,30.0,1,91
26267,,,,0.0,0,92
26268,,,,0.0,0,92
26269,,,,0.0,0,92
26270,1.8333333333333333,0.9831920802501751,1.5,3.0,6,86
26273,,,,0.0,0,92
26277,,,,0.0,0,92
26278,,,,0.0,0,92
26280,5.75,1.707825127659933,5.5,8.0,4,88
26281,,,,0.0,0,92
26282,2.0,,2.0,2.0,1,91
26283,6.0,3.5973846709225072,5.0,18.0,18,74
26284,1.4166666666666667,0.9003366373785199,1.0,4.0,12,80
26285,1.0,,1.0,1.0,1,91
26286,1.0,0.0,1.0,1.0,2,90
26287,,,,0.0,0,92
26288,,,,0.0,0,92
26293,1.0,0.0,1.0,1.0,2,90
26294,,,,0.0,0,92
26295,,,,0.0,0,92
26296,1.5,1.224744871391589,1.0,4.0,6,86
26297,1.0,,1.0,1.0,1,91
26298,2.0,,2.0,2.0,1,91
26299,,,,0.0,0,92
26300,3.0,,3.0,3.0,1,91
26301,1.6,0.5477225575051661,2.0,2.0,5,87
26302,,,,0.0,0,92
26303,10.0,,10.0,10.0,1,91
26304,1.0,,1.0,1.0,1,91
26306,,,,0.0,0,92
26307,,,,0.0,0,92
26309,1.5,0.7071067811865476,1.5,2.0,2,90
26310,3.8043478260869565,3.249749154199042,3.0,17.0,46,46
26312,2.576923076923077,1.8148956316676046,2.0,8.0,26,66
26313,1.75,0.9574271077563381,1.5,3.0,4,88
26314,,,,0.0,0,92
26315,,,,0.0,0,92
26316,7.285714285714286,3.9880774697543053,8.0,12.0,7,85
26321,2.0,,2.0,2.0,1,91
26323,1.0,,1.0,1.0,1,91
26324,1.8333333333333333,0.983192080250175,1.5,3.0,6,86
26325,3.4285714285714284,1.9880595947760098,5.0,5.0,7,85
26329,2.0,,2.0,2.0,1,91
26330,,,,0.0,0,92
26331,,,,0.0,0,92
26332,,,,0.0,0,92
26333,4.0,,4.0,4.0,1,91
26334,,,,0.0,0,92
26336,,,,0.0,0,92
26337,4.0,0.0,4.0,4.0,2,90
26338,1.5714285714285714,0.9376144618769909,1.0,4.0,14,78
26339,,,,0.0,0,92
26341,3.0,,3.0,3.0,1,91
26342,3.5,1.2909944487358056,3.5,5.0,4,88
26343,4.0,4.0,2.0,10.0,4,88
26345,1.0,,1.0,1.0,1,91
26347,1.5,0.7071067811865476,1.5,2.0,2,90
26348,1.0,,1.0,1.0,1,91
26352,1.0,,1.0,1.0,1,91
26355,1.5,0.7071067811865476,1.5,2.0,2,90
26356,2.0,1.4142135623730951,2.0,3.0,2,90
26357,,,,0.0,0,92
26360,1.0,,1.0,1.0,1,91
26366,1.0,,1.0,1.0,1,91
26367,1.0,0.0,1.0,1.0,2,90
26369,1.0,0.0,1.0,1.0,2,90
26370,1.6842105263157894,1.2042808632793345,1.0,6.0,19,73
26371,2.0,,2.0,2.0,1,91
26372,,,,0.0,0,92
26373,,,,0.0,0,92
26374,,,,0.0,0,92
26375,1.0,0.0,1.0,1.0,2,90
26376,1.5,0.7071067811865476,1.5,2.0,2,90
26377,2.3333333333333335,2.3094010767585034,1.0,5.0,3,89
26382,1.0,0.0,1.0,1.0,3,89
26384,,,,0.0,0,92
26385,,,,0.0,0,92
26386,1.9230769230769231,0.9540735874430286,2.0,4.0,13,79
26387,3.0444444444444443,2.305680293570992,2.0,10.0,45,47
26389,14.0,12.449899597988733,10.0,39.0,9,83
26390,1.0,,1.0,1.0,1,91
26391,,,,0.0,0,92
26392,,,,0.0,0,92
26393,,,,0.0,0,92
26395,,,,0.0,0,92
26396,,,,0.0,0,92
26397,1.6666666666666667,1.1547005383792517,1.0,3.0,3,89
26398,,,,0.0,0,92
26399,,,,0.0,0,92
26400,,,,0.0,0,92
26405,,,,0.0,0,92
26406,,,,0.0,0,92
26407,15.31578947368421,15.761920007818183,10.0,80.0,38,54
26408,,,,0.0,0,92
26409,1.0,,1.0,1.0,1,91
26410,1.2222222222222223,0.4409585518440984,1.0,2.0,9,83
26411,,,,0.0,0,92
26412,2.0,0.0,2.0,2.0,3,89
26413,1.0,0.0,1.0,1.0,3,89
26416,1.2,0.7745966692414831,1.0,4.0,15,77
26418,,,,0.0,0,92
26419,2.0,1.0,2.0,3.0,3,89
26422,,,,0.0,0,92
26423,,,,0.0,0,92
26424,,,,0.0,0,92
26425,1.5,0.7071067811865476,1.5,2.0,2,90
26427,,,,0.0,0,92
26428,2.0,,2.0,2.0,1,91
26429,2.0,,2.0,2.0,1,91
26430,,,,0.0,0,92
26431,2.0,,2.0,2.0,1,91
26436,,,,0.0,0,92
26437,,,,0.0,0,92
26438,,,,0.0,0,92
26439,2.0,,2.0,2.0,1,91
26441,1.25,0.5,1.0,2.0,4,88
26442,,,,0.0,0,92
26445,36.0,0.0,36.0,36.0,3,89
26446,,,,0.0,0,92
26447,1.0,,1.0,1.0,1,91
26448,,,,0.0,0,92
26449,,,,0.0,0,92
26450,,,,0.0,0,92
26451,3.0,1.632993161855452,3.0,5.0,4,88
26452,2.0,1.4142135623730951,2.0,3.0,2,90
26453,,,,0.0,0,92
26454,,,,0.0,0,92
26455,,,,0.0,0,92
26458,,,,0.0,0,92
26461,2.3333333333333335,2.3094010767585034,1.0,5.0,3,89
26462,,,,0.0,0,92
26463,,,,0.0,0,92
26464,,,,0.0,0,92
26466,,,,0.0,0,92
26467,1.5,0.7071067811865476,1.5,2.0,2,90
26468,1.0,0.0,1.0,1.0,2,90
26469,,,,0.0,0,92
26470,2.0,,2.0,2.0,1,91
26471,,,,0.0,0,92
26472,1.0,,1.0,1.0,1,91
26488,,,,0.0,0,92
26490,,,,0.0,0,92
26497,,,,0.0,0,92
26498,,,,0.0,0,92
26499,,,,0.0,0,92
26500,,,,0.0,0,92
26503,2.5714285714285716,1.618347187425374,2.0,6.0,7,85
26506,,,,0.0,0,92
26507,3.0,1.4142135623730951,3.0,4.0,2,90
26508,3.0,1.4142135623730951,3.0,4.0,2,90
26509,4.0,,4.0,4.0,1,91
26510,,,,0.0,0,92
26511,1.5,0.7071067811865476,1.5,2.0,2,90
26512,,,,0.0,0,92
26513,,,,0.0,0,92
26514,,,,0.0,0,92
26515,2.0,0.0,2.0,2.0,3,89
26516,4.0,,4.0,4.0,1,91
26517,,,,0.0,0,92
26518,,,,0.0,0,92
26519,93.71428571428571,66.76754272777127,100.0,200.0,7,85
26521,267.8,75.51228961138008,288.0,400.0,35,57
26522,,,,0.0,0,92
26524,1.0,0.0,1.0,1.0,3,89
26526,,,,0.0,0,92
26528,1.0,,1.0,1.0,1,91
26529,,,,0.0,0,92
26530,1.0,,1.0,1.0,1,91
26531,4.0,,4.0,4.0,1,91
26532,1.0,,1.0,1.0,1,91
26534,2.0,0.0,2.0,2.0,2,90
26535,,,,0.0,0,92
26537,,,,0.0,0,92
26538,,,,0.0,0,92
26539,1.0,,1.0,1.0,1,91
26540,3.0,3.366501646120693,1.5,8.0,4,88
26541,1.25,0.621581560508061,1.0,3.0,12,80
26542,1.8333333333333333,0.752772652709081,2.0,3.0,6,86
26543,,,,0.0,0,92
26544,1.0,,1.0,1.0,1,91
26546,,,,0.0,0,92
26548,1.0,,1.0,1.0,1,91
26549,,,,0.0,0,92
26550,1.0,,1.0,1.0,1,91
26551,,,,0.0,0,92
26553,3.4761904761904763,2.5810665938531616,2.0,10.0,21,71
26554,3.4193548387096775,3.836441003051197,2.0,20.0,31,61
26555,2.5714285714285716,1.7851647506079618,2.0,8.0,14,78
26556,,,,0.0,0,92
26557,1.25,0.5,1.0,2.0,4,88
26558,1.25,0.5,1.0,2.0,4,88
26559,1.25,0.45226701686664544,1.0,2.0,12,80
26560,2.0,,2.0,2.0,1,91
26561,,,,0.0,0,92
26563,1.0,0.0,1.0,1.0,2,90
26564,1.1666666666666667,0.408248290463863,1.0,2.0,6,86
26566,4.0,4.4077853201547175,2.0,12.0,8,84
26567,5.4,4.9566542195952685,4.0,20.0,20,72
26568,2.6,2.1908902300206647,1.0,5.0,5,87
26569,1.5,0.5345224838248488,1.5,2.0,8,84
26570,2.5714285714285716,2.1491969707422394,1.0,6.0,7,85
26571,1.8888888888888888,0.7817359599705717,2.0,3.0,9,83
26572,3.0,3.082207001484488,2.0,10.0,9,83
26574,1.45,0.5104177855340404,1.0,2.0,20,72
26575,1.9090909090909092,0.9438798074485389,2.0,3.0,11,81
26576,2.0,,2.0,2.0,1,91
26577,1.6666666666666667,1.1547005383792517,1.0,3.0,3,89
26578,1.0,0.0,1.0,1.0,2,90
26581,1.0,,1.0,1.0,1,91
26583,1.0,,1.0,1.0,1,91
26584,8.0,,8.0,8.0,1,91
26585,7.0,1.4142135623730951,7.0,8.0,2,90
26586,1.0,,1.0,1.0,1,91
26587,,,,0.0,0,92
26588,,,,0.0,0,92
26589,2.2,1.0954451150103321,3.0,3.0,5,87
26590,5.0,,5.0,5.0,1,91
26591,,,,0.0,0,92
26599,,,,0.0,0,92
26600,1.0,,1.0,1.0,1,91
26601,1.0,,1.0,1.0,1,91
26602,,,,0.0,0,92
26603,2.5,1.2110601416389966,2.5,5.0,16,76
26604,,,,0.0,0,92
26605,5.0,,5.0,5.0,1,91
26606,,,,0.0,0,92
26607,5.0,,5.0,5.0,1,91
26608,,,,0.0,0,92
26609,,,,0.0,0,92
26610,,,,0.0,0,92
26611,,,,0.0,0,92
26612,,,,0.0,0,92
26613,,,,0.0,0,92
26614,,,,0.0,0,92
26615,,,,0.0,0,92
26616,,,,0.0,0,92
26617,,,,0.0,0,92
26618,,,,0.0,0,92
26619,,,,0.0,0,92
26620,,,,0.0,0,92
26621,1.0,,1.0,1.0,1,91
26622,,,,0.0,0,92
26623,1.0,,1.0,1.0,1,91
26624,,,,0.0,0,92
26625,,,,0.0,0,92
26626,,,,0.0,0,92
26627,,,,0.0,0,92
26630,4.454545454545454,1.2135597524338357,5.0,6.0,11,81
26631,11.625,6.300510183423924,10.0,20.0,8,84
26632,,,,0.0,0,92
26633,2.5,2.1213203435596424,2.5,4.0,2,90
26634,5.0,,5.0,5.0,1,91
26635,,,,0.0,0,92
26637,3.0,2.0,3.0,5.0,3,89
26638,1.0,0.0,1.0,1.0,3,89
26639,1.0,0.0,1.0,1.0,2,90
26640,1.0,0.0,1.0,1.0,4,88
26641,,,,0.0,0,92
26642,2.0,,2.0,2.0,1,91
26643,2.0,0.0,2.0,2.0,2,90
26644,2.5,1.0,2.0,4.0,4,88
26645,2.0,0.0,2.0,2.0,2,90
26646,2.6666666666666665,1.1547005383792515,2.0,4.0,3,89
26647,,,,0.0,0,92
26648,,,,0.0,0,92
26649,,,,0.0,0,92
26650,1.6666666666666667,0.816496580927726,1.5,3.0,6,86
26651,2.0,1.0954451150103321,2.0,3.0,6,86
26652,1.0,0.0,1.0,1.0,3,89
26653,3.0,,3.0,3.0,1,91
26654,1.0,,1.0,1.0,1,91
26655,2.0,1.1547005383792515,2.0,3.0,4,88
26656,1.0,0.0,1.0,1.0,2,90
26657,1.7142857142857142,0.48795003647426666,2.0,2.0,7,85
26658,1.0,,1.0,1.0,1,91
26659,1.5714285714285714,0.7867957924694431,1.0,3.0,7,85
26660,2.0,1.0,2.0,3.0,3,89
26661,1.0,,1.0,1.0,1,91
26662,2.0,1.4142135623730951,2.0,3.0,2,90
26665,,,,0.0,0,92
26668,5.571428571428571,2.6992062325273123,5.0,10.0,7,85
26669,3.75,2.0615528128088303,4.0,6.0,4,88
26670,,,,0.0,0,92
26671,,,,0.0,0,92
26672,19.25,10.436314802968846,21.0,30.0,4,88
26674,5.2,4.43846820423443,3.0,10.0,5,87
26675,6.4,5.856620185738529,3.0,15.0,5,87
26676,8.0,,8.0,8.0,1,91
26677,2.0,,2.0,2.0,1,91
26678,8.5,5.398412465054624,7.5,20.0,8,84
26679,5.5,0.7071067811865476,5.5,6.0,2,90
26680,3.5,0.7071067811865476,3.5,4.0,2,90
26681,,,,0.0,0,92
26682,1.0,,1.0,1.0,1,91
26687,4.0,0.0,4.0,4.0,2,90
26688,3.0,1.5491933384829668,3.0,5.0,6,86
26690,1.0,,1.0,1.0,1,91
26691,3.4285714285714284,2.225394561056747,3.0,8.0,7,85
26692,1.5,0.5773502691896257,1.5,2.0,4,88
26693,,,,0.0,0,92
26694,,,,0.0,0,92
26695,,,,0.0,0,92
26696,,,,0.0,0,92
26697,1.0,0.0,1.0,1.0,3,89
26698,,,,0.0,0,92
26699,1.0,,1.0,1.0,1,91
26700,1.0,0.0,1.0,1.0,3,89
26701,1.0,,1.0,1.0,1,91
26702,,,,0.0,0,92
26703,,,,0.0,0,92
26704,,,,0.0,0,92
26705,,,,0.0,0,92
26706,,,,0.0,0,92
26707,1.0,,1.0,1.0,1,91
26708,,,,0.0,0,92
26709,2.0,,2.0,2.0,1,91
26710,,,,0.0,0,92
26711,1.5,0.5773502691896257,1.5,2.0,4,88
26712,1.5,0.7071067811865476,1.5,2.0,2,90
26713,,,,0.0,0,92
26714,,,,0.0,0,92
26715,,,,0.0,0,92
26716,,,,0.0,0,92
26717,1.6666666666666667,1.1547005383792517,1.0,3.0,3,89
26718,7.568965517241379,6.041122438303957,6.0,25.0,58,34
26719,2.5555555555555554,1.4240006242195884,3.0,5.0,9,83
26720,2.25,1.164964745021435,2.5,4.0,8,84
26721,2.25,1.164964745021435,2.5,4.0,8,84
26722,2.0,1.118033988749895,2.0,4.0,9,83
26723,2.25,0.9574271077563381,2.5,3.0,4,88
26724,4.444444444444445,4.245913067618999,4.0,15.0,9,83
26725,,,,0.0,0,92
26727,,,,0.0,0,92
26728,,,,0.0,0,92
26729,,,,0.0,0,92
26732,,,,0.0,0,92
26733,,,,0.0,0,92
26735,2.68,1.908751773629388,2.0,8.0,25,67
26736,,,,0.0,0,92
26737,,,,0.0,0,92
26738,,,,0.0,0,92
26739,3.6,2.298425248009962,3.0,9.0,30,62
26740,2.076923076923077,1.0377490433255416,2.0,4.0,13,79
26741,2.125,1.5526475085202969,1.5,5.0,8,84
26742,1.25,0.5,1.0,2.0,4,88
26743,,,,0.0,0,92
26744,,,,0.0,0,92
26746,6.0,2.9154759474226504,6.0,10.0,17,75
26747,,,,0.0,0,92
26748,3.0,,3.0,3.0,1,91
26749,,,,0.0,0,92
26751,,,,0.0,0,92
26752,,,,0.0,0,92
26753,,,,0.0,0,92
26754,,,,0.0,0,92
26755,,,,0.0,0,92
26756,1.0,,1.0,1.0,1,91
26757,,,,0.0,0,92
26758,1.25,0.5,1.0,2.0,4,88
26759,1.0,0.0,1.0,1.0,2,90
26760,,,,0.0,0,92
26763,1.0,0.0,1.0,1.0,2,90
26764,3.0,1.1547005383792515,3.0,4.0,4,88
26765,,,,0.0,0,92
26766,1.0,,1.0,1.0,1,91
26767,,,,0.0,0,92
26768,,,,0.0,0,92
26769,,,,0.0,0,92
26773,1.3333333333333333,0.5163977794943222,1.0,2.0,6,86
26775,1.0,,1.0,1.0,1,91
26776,1.3333333333333333,0.5773502691896257,1.0,2.0,3,89
26777,2.5,1.7320508075688772,2.0,5.0,4,88
26778,8.666666666666666,7.985280576307444,6.5,22.0,18,74
26779,6.2,5.215361924162119,5.0,15.0,5,87
26780,2.0,0.0,2.0,2.0,2,90
26781,2.0,0.6324555320336759,2.0,3.0,6,86
26782,2.0,1.4142135623730951,2.0,3.0,2,90
26783,2.0,1.224744871391589,2.0,4.0,5,87
26784,2.75,0.9574271077563381,2.5,4.0,4,88
26785,2.2,1.3038404810405297,2.0,4.0,5,87
26786,2.0,1.224744871391589,2.0,4.0,5,87
26787,2.0,,2.0,2.0,1,91
26788,1.6,0.5477225575051661,2.0,2.0,5,87
26789,1.6666666666666667,0.5773502691896257,2.0,2.0,3,89
26790,2.0,0.0,2.0,2.0,2,90
26791,1.5,0.5477225575051661,1.5,2.0,6,86
26792,2.0,,2.0,2.0,1,91
26793,1.0,,1.0,1.0,1,91
26794,,,,0.0,0,92
26795,1.75,0.9574271077563381,1.5,3.0,4,88
26799,,,,0.0,0,92
26800,,,,0.0,0,92
26801,,,,0.0,0,92
26802,2.0,,2.0,2.0,1,91
26803,2.6666666666666665,1.8797162906495577,2.0,6.0,21,71
26804,,,,0.0,0,92
26806,2.3333333333333335,1.5275252316519465,2.0,4.0,3,89
26808,1.0,,1.0,1.0,1,91
26810,,,,0.0,0,92
26811,,,,0.0,0,92
26814,1.0,,1.0,1.0,1,91
26838,,,,0.0,0,92
26841,,,,0.0,0,92
26850,,,,0.0,0,92
26858,3.0,2.8284271247461903,3.0,5.0,2,90
26859,,,,0.0,0,92
26860,,,,0.0,0,92
26861,1.0,0.0,1.0,1.0,3,89
26862,1.0,,1.0,1.0,1,91
26864,,,,0.0,0,92
26866,1.0,,1.0,1.0,1,91
26868,1.0,,1.0,1.0,1,91
26869,1.0,,1.0,1.0,1,91
26874,2.0,,2.0,2.0,1,91
26875,1.0,,1.0,1.0,1,91
26876,1.0,,1.0,1.0,1,91
26877,2.0,1.4142135623730951,2.0,3.0,2,90
26880,1.0,,1.0,1.0,1,91
26883,2.0,,2.0,2.0,1,91
26888,3.0,2.8284271247461903,3.0,5.0,2,90
26889,1.0,0.0,1.0,1.0,2,90
26890,1.0,0.0,1.0,1.0,2,90
26891,1.0,,1.0,1.0,1,91
26897,1.0,,1.0,1.0,1,91
26898,,,,0.0,0,92
26899,1.0,,1.0,1.0,1,91
26900,1.0,,1.0,1.0,1,91
26905,1.0,,1.0,1.0,1,91
26909,2.0,,2.0,2.0,1,91
26915,,,,0.0,0,92
26917,,,,0.0,0,92
26918,1.4444444444444444,0.7264831572567789,1.0,3.0,9,83
26919,,,,0.0,0,92
26920,,,,0.0,0,92
26921,1.0,0.0,1.0,1.0,2,90
26927,2.0,,2.0,2.0,1,91
26928,1.4,0.5477225575051661,1.0,2.0,5,87
26929,1.5,0.5773502691896257,1.5,2.0,4,88
26930,1.0,,1.0,1.0,1,91
26931,1.0,0.0,1.0,1.0,2,90
26934,,,,0.0,0,92
26935,3.5714285714285716,1.554857684028483,4.0,6.0,14,78
26936,1.5,0.5773502691896257,1.5,2.0,4,88
26937,,,,0.0,0,92
26938,1.0,0.0,1.0,1.0,4,88
26942,,,,0.0,0,92
26943,1.8823529411764706,1.21872643265298,1.0,5.0,17,75
26944,2.142857142857143,1.4638501094227998,1.0,4.0,7,85
26945,2.6,1.429840705968481,2.0,5.0,10,82
26946,2.4285714285714284,0.5345224838248488,2.0,3.0,7,85
26947,2.75,1.5,3.0,4.0,4,88
26948,,,,0.0,0,92
26949,,,,0.0,0,92
26950,1.75,1.5,1.0,4.0,4,88
26951,,,,0.0,0,92
26952,2.0,1.3093073414159542,2.0,5.0,8,84
26953,1.0,,1.0,1.0,1,91
26954,1.0,,1.0,1.0,1,91
26958,2.0,1.7580981459830651,1.0,7.0,12,80
26959,1.4,0.5477225575051661,1.0,2.0,5,87
26960,1.7142857142857142,0.7559289460184545,2.0,3.0,7,85
26961,1.625,0.7440238091428449,1.5,3.0,8,84
26963,1.6666666666666667,1.1547005383792517,1.0,3.0,3,89
26965,4.0,4.08248290463863,2.5,10.0,4,88
26966,1.0,,1.0,1.0,1,91
26967,1.0,,1.0,1.0,1,91
26969,1.75,0.5,2.0,2.0,4,88
26970,1.5,0.7071067811865476,1.5,2.0,2,90
26971,2.4166666666666665,1.4433756729740643,2.0,6.0,12,80
26972,,,,0.0,0,92
26973,,,,0.0,0,92
26974,2.0,,2.0,2.0,1,91
26975,2.0,,2.0,2.0,1,91
26976,2.0,1.7320508075688772,1.0,5.0,5,87
26978,,,,0.0,0,92
26979,,,,0.0,0,92
26980,,,,0.0,0,92
26981,,,,0.0,0,92
26982,2.0,0.0,2.0,2.0,2,90
26983,1.0,,1.0,1.0,1,91
26984,1.3333333333333333,0.5773502691896257,1.0,2.0,3,89
26989,,,,0.0,0,92
26997,1.0,,1.0,1.0,1,91
26998,1.0,,1.0,1.0,1,91
26999,1.0,,1.0,1.0,1,91
27000,1.0,,1.0,1.0,1,91
27001,1.0,,1.0,1.0,1,91
27005,,,,0.0,0,92
27006,,,,0.0,0,92
27007,,,,0.0,0,92
27008,,,,0.0,0,92
27016,1.0,0.0,1.0,1.0,8,84
27017,1.0,0.0,1.0,1.0,2,90
27018,,,,0.0,0,92
27019,,,,0.0,0,92
27020,,,,0.0,0,92
27021,1.0,0.0,1.0,1.0,2,90
27022,1.0,,1.0,1.0,1,91
27032,1.0,0.0,1.0,1.0,2,90
27033,1.0,,1.0,1.0,1,91
27039,,,,0.0,0,92
27041,1.5833333333333333,0.6685579234215214,1.5,3.0,12,80
27042,1.0,,1.0,1.0,1,91
27069,,,,0.0,0,92
27070,11.0,,11.0,11.0,1,91
27073,,,,0.0,0,92
27074,,,,0.0,0,92
27075,1.0,,1.0,1.0,1,91
27076,,,,0.0,0,92
27077,,,,0.0,0,92
27078,,,,0.0,0,92
27079,,,,0.0,0,92
27080,,,,0.0,0,92
27081,5.0,0.0,5.0,5.0,3,89
27082,,,,0.0,0,92
27083,,,,0.0,0,92
27084,,,,0.0,0,92
27085,,,,0.0,0,92
27086,32.125,40.01978677271199,14.0,129.0,16,76
27087,,,,0.0,0,92
27089,2.0,,2.0,2.0,1,91
27090,,,,0.0,0,92
27091,,,,0.0,0,92
27093,1.0,,1.0,1.0,1,91
27101,,,,0.0,0,92
27108,1.0,,1.0,1.0,1,91
27112,,,,0.0,0,92
27114,1.0,0.0,1.0,1.0,2,90
27116,1.0,,1.0,1.0,1,91
27117,2.0,0.816496580927726,2.0,3.0,4,88
27118,2.6666666666666665,1.3662601021279464,3.0,4.0,6,86
27119,2.6153846153846154,1.7097008285302209,2.0,6.0,13,79
27120,,,,0.0,0,92
27121,,,,0.0,0,92
27122,,,,0.0,0,92
27123,,,,0.0,0,92
27137,5.0,1.0,5.0,6.0,3,89
27138,,,,0.0,0,92
27139,1.0,,1.0,1.0,1,91
27140,2.0,1.4142135623730951,1.5,4.0,4,88
27141,,,,0.0,0,92
27143,3.25,2.047815515884371,2.5,8.0,32,60
27145,1.0,0.0,1.0,1.0,2,90
27146,1.0,,1.0,1.0,1,91
27147,2.090909090909091,1.5135749373285392,2.0,6.0,11,81
27148,1.6666666666666667,1.2110601416389966,1.0,4.0,6,86
27150,,,,0.0,0,92
27151,,,,0.0,0,92
27152,,,,0.0,0,92
27153,10.0,,10.0,10.0,1,91
27154,,,,0.0,0,92
27158,48.0,,48.0,48.0,1,91
27159,1.5,0.5477225575051661,1.5,2.0,6,86
27160,2.9,1.286683937707919,2.5,6.0,10,82
27161,,,,0.0,0,92
27162,4.173913043478261,3.2407430411770073,3.0,15.0,46,46
27163,3.74,3.3673704390027224,3.0,16.0,50,42
27164,,,,0.0,0,92
27165,2.0,,2.0,2.0,1,91
27167,,,,0.0,0,92
27169,2.0,,2.0,2.0,1,91
27170,,,,0.0,0,92
27174,2.0,,2.0,2.0,1,91
27175,,,,0.0,0,92
27178,4.666666666666667,6.623191577077222,2.0,18.0,6,86
27179,6.0,7.6681158050723255,2.0,20.0,6,86
27180,,,,0.0,0,92
27181,1.5,0.7071067811865476,1.5,2.0,2,90
27182,1.0,0.0,1.0,1.0,3,89
27183,,,,0.0,0,92
27185,,,,0.0,0,92
27186,1.0,0.0,1.0,1.0,2,90
27187,1.0,0.0,1.0,1.0,3,89
27188,,,,0.0,0,92
27189,1.0,,1.0,1.0,1,91
27190,,,,0.0,0,92
27191,,,,0.0,0,92
27192,,,,0.0,0,92
27193,,,,0.0,0,92
27194,,,,0.0,0,92
27195,,,,0.0,0,92
27196,14.0,14.142135623730951,14.0,24.0,2,90
27197,1.0,0.0,1.0,1.0,3,89
27198,1.0,,1.0,1.0,1,91
27199,1.0,0.0,1.0,1.0,2,90
27200,1.0,,1.0,1.0,1,91
27201,,,,0.0,0,92
27202,,,,0.0,0,92
27203,,,,0.0,0,92
27208,2.3333333333333335,0.5773502691896258,2.0,3.0,3,89
27209,50.0,0.0,50.0,50.0,2,90
27210,,,,0.0,0,92
27211,,,,0.0,0,92
27228,,,,0.0,0,92
27229,,,,0.0,0,92
27230,1.0,,1.0,1.0,1,91
27231,1.7142857142857142,1.1892374507581378,1.0,5.0,21,71
27232,1.0,,1.0,1.0,1,91
27233,,,,0.0,0,92
27235,9.444444444444445,21.97384065662201,2.0,90.0,18,74
27236,1.0,,1.0,1.0,1,91
27237,10.333333333333334,9.71253485622231,8.0,21.0,3,89
27238,,,,0.0,0,92
27239,,,,0.0,0,92
27240,1.0,,1.0,1.0,1,91
27241,,,,0.0,0,92
27242,3.6666666666666665,3.785938897200183,2.0,8.0,3,89
27244,5.0,,5.0,5.0,1,91
27245,,,,0.0,0,92
27246,1.0,0.0,1.0,1.0,2,90
27247,,,,0.0,0,92
27248,1.6666666666666667,0.5773502691896257,2.0,2.0,3,89
27249,1.6666666666666667,0.5773502691896257,2.0,2.0,3,89
27250,,,,0.0,0,92
27254,,,,0.0,0,92
27255,,,,0.0,0,92
27256,,,,0.0,0,92
27258,1.0,0.0,1.0,1.0,5,87
27260,1.0,,1.0,1.0,1,91
27261,,,,0.0,0,92
27262,,,,0.0,0,92
27263,6.0,,6.0,6.0,1,91
27264,,,,0.0,0,92
27265,3.0,,3.0,3.0,1,91
27266,2.0,0.0,2.0,2.0,3,89
27267,,,,0.0,0,92
27268,1.0,,1.0,1.0,1,91
27269,2.0,0.0,2.0,2.0,4,88
27270,,,,0.0,0,92
27271,1.0,,1.0,1.0,1,91
27272,2.0,0.7071067811865476,2.0,3.0,5,87
27273,,,,0.0,0,92
27275,2.0,,2.0,2.0,1,91
27276,2.0,,2.0,2.0,1,91
27277,11.956521739130435,25.265660948971945,6.0,133.0,46,46
27278,,,,0.0,0,92
27279,,,,0.0,0,92
27285,3.0,,3.0,3.0,1,91
27288,1.0,,1.0,1.0,1,91
27299,1.7142857142857142,1.1126972805283735,1.0,4.0,7,85
27300,15.0,10.51189802081432,15.0,29.0,5,87
27301,,,,0.0,0,92
27305,,,,0.0,0,92
27309,,,,0.0,0,92
27310,,,,0.0,0,92
27311,,,,0.0,0,92
27312,4.5,2.1213203435596424,4.5,6.0,2,90
27313,1.0,,1.0,1.0,1,91
27314,,,,0.0,0,92
27315,,,,0.0,0,92
27316,,,,0.0,0,92
27317,20.525,19.56316200649342,12.5,96.0,40,52
27320,1.0,,1.0,1.0,1,91
27321,6.0,,6.0,6.0,1,91
27322,1.0,,1.0,1.0,1,91
27323,,,,0.0,0,92
27324,,,,0.0,0,92
27326,,,,0.0,0,92
27328,4.5,1.2909944487358056,4.5,6.0,4,88
27332,,,,0.0,0,92
27333,,,,0.0,0,92
27336,1.6666666666666667,0.5773502691896257,2.0,2.0,3,89
27337,4.666666666666667,0.5773502691896258,5.0,5.0,3,89
27338,5.0,0.0,5.0,5.0,2,90
27339,,,,0.0,0,92
27340,,,,0.0,0,92
27342,,,,0.0,0,92
27343,,,,0.0,0,92
27344,,,,0.0,0,92
27345,4.0,0.0,4.0,4.0,2,90
27346,2.0,1.0,2.0,3.0,3,89
27347,,,,0.0,0,92
27348,,,,0.0,0,92
27351,1.5,0.7071067811865476,1.5,2.0,2,90
27353,,,,0.0,0,92
27354,1.0,0.0,1.0,1.0,2,90
27355,,,,0.0,0,92
27356,,,,0.0,0,92
27357,,,,0.0,0,92
27358,1.0,,1.0,1.0,1,91
27359,,,,0.0,0,92
27360,3.6666666666666665,1.8618986725025257,4.0,6.0,6,86
27362,6.0,1.0,6.0,7.0,5,87
27363,,,,0.0,0,92
27364,1.125,0.3535533905932738,1.0,2.0,8,84
27365,1.4545454545454546,1.213559752433836,1.0,5.0,11,81
27368,,,,0.0,0,92
27369,,,,0.0,0,92
27370,2.0,,2.0,2.0,1,91
27371,,,,0.0,0,92
27373,3.75,2.8722813232690143,2.5,8.0,4,88
27374,2.0,1.6035674514745464,1.0,5.0,8,84
27375,1.0,,1.0,1.0,1,91
27376,,,,0.0,0,92
27377,2.0,,2.0,2.0,1,91
27378,10.538461538461538,17.746433372255325,4.0,65.0,13,79
27379,2.8333333333333335,0.983192080250175,3.0,4.0,6,86
27380,,,,0.0,0,92
27381,,,,0.0,0,92
27382,,,,0.0,0,92
27383,,,,0.0,0,92
27384,3.0,,3.0,3.0,1,91
27385,2.0,0.0,2.0,2.0,2,90
27387,1.6,0.8944271909999159,1.0,3.0,5,87
27389,,,,0.0,0,92
27391,1.0,0.0,1.0,1.0,2,90
27392,,,,0.0,0,92
27395,6.0,0.0,6.0,6.0,2,90
27396,29.416666666666668,48.887552133679065,11.0,230.0,24,68
27397,3.0,1.7320508075688772,2.0,5.0,3,89
27398,,,,0.0,0,92
27402,,,,0.0,0,92
27404,,,,0.0,0,92
27407,2.0,,2.0,2.0,1,91
27408,,,,0.0,0,92
27409,1.0,,1.0,1.0,1,91
27410,1.0,0.0,1.0,1.0,4,88
27411,,,,0.0,0,92
27412,4.0,1.0,4.0,5.0,5,87
27413,,,,0.0,0,92
27414,4.0,,4.0,4.0,1,91
27417,,,,0.0,0,92
27419,1.0,,1.0,1.0,1,91
27420,1.4,0.5477225575051661,1.0,2.0,5,87
27422,,,,0.0,0,92
27423,1.0,,1.0,1.0,1,91
27424,1.2,0.44721359549995804,1.0,2.0,5,87
27425,4.0,,4.0,4.0,1,91
27426,,,,0.0,0,92
27429,1.0,,1.0,1.0,1,91
27430,1.0,0.0,1.0,1.0,2,90
27431,1.125,0.3535533905932738,1.0,2.0,8,84
27432,1.0,,1.0,1.0,1,91
27433,2.04,1.0598742063723097,2.0,5.0,25,67
27434,,,,0.0,0,92
27435,1.0,,1.0,1.0,1,91
27437,1.0,0.0,1.0,1.0,3,89
27438,,,,0.0,0,92
27439,2.0,,2.0,2.0,1,91
27442,,,,0.0,0,92
27443,,,,0.0,0,92
27444,,,,0.0,0,92
27445,2.5,2.1213203435596424,2.5,4.0,2,90
27448,,,,0.0,0,92
27452,,,,0.0,0,92
27458,3.0,1.0,3.0,4.0,3,89
27459,11.0,6.324555320336759,10.0,20.0,6,86
27460,,,,0.0,0,92
27461,,,,0.0,0,92
27463,,,,0.0,0,92
27466,1.2941176470588236,0.46966821831386213,1.0,2.0,17,75
27467,1.3846153846153846,0.5063696835418333,1.0,2.0,13,79
27471,,,,0.0,0,92
27474,2.0,,2.0,2.0,1,91
27475,1.0,,1.0,1.0,1,91
27476,,,,0.0,0,92
27479,,,,0.0,0,92
27482,,,,0.0,0,92
27483,2.0,,2.0,2.0,1,91
27484,,,,0.0,0,92
27488,,,,0.0,0,92
27489,,,,0.0,0,92
27490,,,,0.0,0,92
27491,3.0,,3.0,3.0,1,91
27492,3.0,,3.0,3.0,1,91
27493,,,,0.0,0,92
27494,,,,0.0,0,92
27496,,,,0.0,0,92
27498,,,,0.0,0,92
27499,,,,0.0,0,92
27500,,,,0.0,0,92
27502,1.0,,1.0,1.0,1,91
27505,6.285714285714286,6.77530529974568,4.0,20.0,7,85
27509,2.4615384615384617,1.1266014242982163,2.0,5.0,13,79
27510,3.4,1.3416407864998738,4.0,5.0,5,87
27511,1.0,0.0,1.0,1.0,2,90
27512,,,,0.0,0,92
27513,2.0,0.0,2.0,2.0,2,90
27515,1.75,1.2154310870109943,1.0,5.0,12,80
27516,1.5384615384615385,1.1266014242982163,1.0,5.0,13,79
27518,,,,0.0,0,92
27519,1.0,0.0,1.0,1.0,2,90
27520,,,,0.0,0,92
27521,2.6,1.8165902124584952,2.0,5.0,5,87
27522,,,,0.0,0,92
27525,,,,0.0,0,92
27526,1.5,0.7071067811865476,1.5,2.0,2,90
27527,1.5,1.0,1.0,3.0,4,88
27528,,,,0.0,0,92
27533,,,,0.0,0,92
27534,,,,0.0,0,92
27535,2.3333333333333335,0.5773502691896258,2.0,3.0,3,89
27536,,,,0.0,0,92
27537,,,,0.0,0,92
27538,,,,0.0,0,92
27539,,,,0.0,0,92
27542,,,,0.0,0,92
27543,,,,0.0,0,92
27545,,,,0.0,0,92
27550,1.8333333333333333,1.329160135825126,1.0,4.0,6,86
27551,6.666666666666667,7.234178138070234,3.0,15.0,3,89
27552,,,,0.0,0,92
27553,,,,0.0,0,92
27556,1.0,,1.0,1.0,1,91
27557,3.7857142857142856,1.8050600428356274,4.0,8.0,14,78
27558,3.3076923076923075,1.6525039276108333,4.0,6.0,13,79
27559,2.0,1.0,2.0,3.0,3,89
27560,1.9473684210526316,1.5446568914424659,1.0,7.0,19,73
27564,2.0,,2.0,2.0,1,91
27565,1.0,,1.0,1.0,1,91
27566,2.4,1.577621275493231,2.5,6.0,10,82
27567,2.2,1.3201731488169055,2.0,5.0,15,77
27568,,,,0.0,0,92
27571,2.0,,2.0,2.0,1,91
27572,,,,0.0,0,92
27575,,,,0.0,0,92
27578,1.0,,1.0,1.0,1,91
27580,4.153846153846154,3.625055260409921,3.0,13.0,13,79
27582,1.3333333333333333,0.5773502691896257,1.0,2.0,3,89
27583,1.3333333333333333,0.5773502691896257,1.0,2.0,3,89
27584,,,,0.0,0,92
27585,1.0,0.0,1.0,1.0,2,90
27586,1.0,,1.0,1.0,1,91
27588,,,,0.0,0,92
27589,1.6363636363636365,0.9244162777371753,1.0,4.0,11,81
27591,,,,0.0,0,92
27593,,,,0.0,0,92
27594,,,,0.0,0,92
27597,,,,0.0,0,92
27598,1.0,,1.0,1.0,1,91
27600,5.6,5.295700562196133,4.0,20.0,10,82
27605,,,,0.0,0,92
27606,1.0,0.0,1.0,1.0,2,90
27607,1.0,,1.0,1.0,1,91
27609,1.0,0.0,1.0,1.0,2,90
27613,1.25,0.5,1.0,2.0,4,88
27614,,,,0.0,0,92
27615,1.0,,1.0,1.0,1,91
27618,1.0,,1.0,1.0,1,91
27620,2.5,0.7071067811865476,2.5,3.0,2,90
27621,2.0,0.816496580927726,2.0,3.0,7,85
27623,2.0,,2.0,2.0,1,91
27624,30.0,,30.0,30.0,1,91
27625,9.5,7.724420150837645,8.0,20.0,4,88
27626,,,,0.0,0,92
27628,,,,0.0,0,92
27629,,,,0.0,0,92
27630,,,,0.0,0,92
27637,,,,0.0,0,92
27638,1.0,,1.0,1.0,1,91
27640,1.0,,1.0,1.0,1,91
27641,,,,0.0,0,92
27642,1.5,0.7071067811865476,1.5,2.0,2,90
27643,,,,0.0,0,92
27645,,,,0.0,0,92
27648,1.0,,1.0,1.0,1,91
27652,3.0,,3.0,3.0,1,91
27663,2.0,,2.0,2.0,1,91
27665,4.0,0.0,4.0,4.0,3,89
27666,8.11111111111111,2.571208103423585,7.0,12.0,9,83
27667,1.0,,1.0,1.0,1,91
27668,,,,0.0,0,92
27671,1.0,,1.0,1.0,1,91
27676,,,,0.0,0,92
27689,,,,0.0,0,92
27690,1.0,0.0,1.0,1.0,2,90
27691,,,,0.0,0,92
27692,1.7142857142857142,0.9511897312113419,1.0,3.0,7,85
27693,1.0,0.0,1.0,1.0,3,89
27694,,,,0.0,0,92
27696,1.5,0.5773502691896257,1.5,2.0,4,88
27697,3.0,,3.0,3.0,1,91
27699,,,,0.0,0,92
27701,5.333333333333333,5.773502691896258,2.0,12.0,3,89
27703,1.0,,1.0,1.0,1,91
27704,1.0,,1.0,1.0,1,91
27710,,,,0.0,0,92
27712,1.0,0.0,1.0,1.0,2,90
27714,3.888888888888889,2.0275875100994063,4.0,8.0,9,83
27715,,,,0.0,0,92
27720,3.0,0.0,3.0,3.0,2,90
27721,,,,0.0,0,92
27722,1.0,0.0,1.0,1.0,6,86
27723,2.0,,2.0,2.0,1,91
27724,,,,0.0,0,92
27725,,,,0.0,0,92
27726,1.0,,1.0,1.0,1,91
27727,1.3333333333333333,0.5773502691896257,1.0,2.0,3,89
27728,1.5,0.7071067811865476,1.5,2.0,2,90
27729,1.0,,1.0,1.0,1,91
27730,1.0,,1.0,1.0,1,91
27734,,,,0.0,0,92
27736,1.3333333333333333,0.5163977794943223,1.0,2.0,6,86
27737,1.0,,1.0,1.0,1,91
27738,,,,0.0,0,92
27740,1.0,0.0,1.0,1.0,2,90
27741,1.0,0.0,1.0,1.0,2,90
27747,1.6666666666666667,0.5773502691896257,2.0,2.0,3,89
27749,1.0,,1.0,1.0,1,91
27751,14.0,,14.0,14.0,1,91
27752,5.5,2.1213203435596424,5.5,7.0,2,90
27753,2.0,0.0,2.0,2.0,3,89
27754,1.0,,1.0,1.0,1,91
27758,,,,0.0,0,92
27759,,,,0.0,0,92
27760,,,,0.0,0,92
27761,5.566666666666666,21.640771439709525,1.0,120.0,30,62
27762,3.7419354838709675,2.1419730744122667,4.0,12.0,62,30
27764,,,,0.0,0,92
27765,,,,0.0,0,92
27766,,,,0.0,0,92
27767,,,,0.0,0,92
27768,,,,0.0,0,92
27770,,,,0.0,0,92
27771,,,,0.0,0,92
27772,2.0,,2.0,2.0,1,91
27773,2.375,0.9161253813129043,2.0,4.0,8,84
27774,2.0,,2.0,2.0,1,91
27775,,,,0.0,0,92
27776,1.0,,1.0,1.0,1,91
27777,1.0,,1.0,1.0,1,91
27778,3.3333333333333335,4.041451884327381,1.0,8.0,3,89
27781,2.8,0.44721359549995787,3.0,3.0,5,87
27782,2.0,,2.0,2.0,1,91
27783,1.25,0.5,1.0,2.0,4,88
27785,,,,0.0,0,92
27788,1.75,1.5,1.0,4.0,4,88
27789,,,,0.0,0,92
27790,,,,0.0,0,92
27791,10.0,0.0,10.0,10.0,2,90
27794,2.0,1.224744871391589,2.0,4.0,5,87
27796,16.676470588235293,15.472113746196461,8.0,61.0,68,24
27798,5.0,4.774934554525329,4.5,14.0,6,86
27799,1.3333333333333333,0.5773502691896257,1.0,2.0,3,89
27800,1.0,,1.0,1.0,1,91
27801,4.0,,4.0,4.0,1,91
27803,10.0,,10.0,10.0,1,91
27805,2.0,,2.0,2.0,1,91
27808,2.0,,2.0,2.0,1,91
27815,,,,0.0,0,92
27824,1.0,,1.0,1.0,1,91
27825,1.0,0.0,1.0,1.0,3,89
27826,1.0,,1.0,1.0,1,91
27827,1.0,0.0,1.0,1.0,2,90
27829,4.166666666666667,2.4802248187442912,4.5,9.0,12,80
27831,8.0,6.377042156569663,4.0,18.0,7,85
27837,1.0,,1.0,1.0,1,91
27839,,,,0.0,0,92
27840,,,,0.0,0,92
27841,4.5,0.7071067811865476,4.5,5.0,2,90
27842,,,,0.0,0,92
27843,4.428571428571429,2.9358214555806383,4.0,10.0,7,85
27844,1.0,0.0,1.0,1.0,4,88
27845,1.0,,1.0,1.0,1,91
27846,,,,0.0,0,92
27847,,,,0.0,0,92
27848,,,,0.0,0,92
27851,1.0,,1.0,1.0,1,91
27853,,,,0.0,0,92
27855,,,,0.0,0,92
27857,,,,0.0,0,92
27860,,,,0.0,0,92
27862,,,,0.0,0,92
27863,,,,0.0,0,92
27864,,,,0.0,0,92
27865,1.2857142857142858,0.48795003647426666,1.0,2.0,7,85
27866,1.6666666666666667,0.5773502691896257,2.0,2.0,3,89
27867,2.5,0.7071067811865476,2.5,3.0,2,90
27869,2.5,1.378404875209022,2.0,5.0,6,86
27870,2.75,1.707825127659933,2.5,5.0,4,88
27871,,,,0.0,0,92
27872,1.0,,1.0,1.0,1,91
27875,1.0,,1.0,1.0,1,91
27876,3.111111111111111,0.927960727138337,3.0,4.0,9,83
27877,1.75,0.5,2.0,2.0,4,88
27878,1.1428571428571428,0.37796447300922725,1.0,2.0,7,85
27879,2.0,,2.0,2.0,1,91
27880,2.5,0.7071067811865476,2.5,3.0,2,90
27881,1.0,0.0,1.0,1.0,8,84
27883,1.0,,1.0,1.0,1,91
27884,,,,0.0,0,92
27885,,,,0.0,0,92
27886,1.0,0.0,1.0,1.0,4,88
27892,1.0,,1.0,1.0,1,91
27893,1.0,0.0,1.0,1.0,3,89
27894,1.1666666666666667,0.408248290463863,1.0,2.0,6,86
27895,1.0,0.0,1.0,1.0,2,90
27896,,,,0.0,0,92
27897,1.0,0.0,1.0,1.0,6,86
27898,,,,0.0,0,92
27899,,,,0.0,0,92
27900,,,,0.0,0,92
27901,,,,0.0,0,92
27902,,,,0.0,0,92
27903,,,,0.0,0,92
27906,6.5,7.7781745930520225,6.5,12.0,2,90
27908,5.888888888888889,4.676460311576656,4.0,20.0,18,74
27909,1.125,0.3535533905932738,1.0,2.0,8,84
27910,1.5,0.5477225575051661,1.5,2.0,6,86
27911,2.5,0.7071067811865476,2.5,3.0,2,90
27913,1.0,,1.0,1.0,1,91
27914,,,,0.0,0,92
27915,1.0,0.0,1.0,1.0,2,90
27919,,,,0.0,0,92
27921,,,,0.0,0,92
27923,4.0,,4.0,4.0,1,91
27925,2.888888888888889,2.908180933138322,2.0,12.0,18,74
27927,,,,0.0,0,92
27931,,,,0.0,0,92
27933,,,,0.0,0,92
27936,2.0,,2.0,2.0,1,91
27938,4.0,0.0,4.0,4.0,2,90
27939,1.6923076923076923,0.6304251719561151,2.0,3.0,13,79
27940,3.8,1.9235384061671346,4.0,6.0,5,87
27941,2.257142857142857,0.8958149764598097,2.0,4.0,70,22
27942,1.0,,1.0,1.0,1,91
27943,,,,0.0,0,92
27944,3.0,,3.0,3.0,1,91
27945,,,,0.0,0,92
27946,,,,0.0,0,92
27947,,,,0.0,0,92
27948,,,,0.0,0,92
27949,,,,0.0,0,92
27951,1.25,0.4629100498862757,1.0,2.0,8,84
27952,2.5,2.1213203435596424,2.5,4.0,2,90
27957,,,,0.0,0,92
27958,1.5,0.7071067811865476,1.5,2.0,2,90
27959,1.25,0.5,1.0,2.0,4,88
27960,,,,0.0,0,92
27965,1.0,,1.0,1.0,1,91
27972,,,,0.0,0,92
27975,1.8333333333333333,0.752772652709081,2.0,3.0,6,86
27976,2.2,1.0954451150103321,3.0,3.0,5,87
27980,,,,0.0,0,92
27981,,,,0.0,0,92
27982,1.0,0.0,1.0,1.0,5,87
27983,1.0,0.0,1.0,1.0,2,90
27984,1.0,,1.0,1.0,1,91
27986,,,,0.0,0,92
27987,,,,0.0,0,92
27988,,,,0.0,0,92
27989,,,,0.0,0,92
27990,,,,0.0,0,92
27991,,,,0.0,0,92
27992,,,,0.0,0,92
27993,2.0,,2.0,2.0,1,91
27995,1.0,,1.0,1.0,1,91
27996,5.35,4.1120946042009185,4.0,22.0,60,32
27997,3.0,,3.0,3.0,1,91
27998,,,,0.0,0,92
27999,1.0,,1.0,1.0,1,91
28002,,,,0.0,0,92
28003,,,,0.0,0,92
28004,,,,0.0,0,92
28005,,,,0.0,0,92
28006,,,,0.0,0,92
28008,,,,0.0,0,92
28009,,,,0.0,0,92
28011,,,,0.0,0,92
28012,,,,0.0,0,92
28013,,,,0.0,0,92
28014,,,,0.0,0,92
28015,,,,0.0,0,92
28016,,,,0.0,0,92
28017,,,,0.0,0,92
28018,,,,0.0,0,92
28019,,,,0.0,0,92
28020,2.0,,2.0,2.0,1,91
28021,,,,0.0,0,92
28023,,,,0.0,0,92
28024,,,,0.0,0,92
28025,,,,0.0,0,92
28026,,,,0.0,0,92
28027,,,,0.0,0,92
28028,,,,0.0,0,92
28029,,,,0.0,0,92
28030,,,,0.0,0,92
28031,5.0,,5.0,5.0,1,91
28032,1.0,,1.0,1.0,1,91
28033,,,,0.0,0,92
28034,5.0,0.0,5.0,5.0,5,87
28039,,,,0.0,0,92
28040,,,,0.0,0,92
28042,,,,0.0,0,92
28043,1.0,0.0,1.0,1.0,2,90
28044,2.3333333333333335,1.3165611772087666,2.0,6.0,21,71
28046,1.0,0.0,1.0,1.0,4,88
28047,,,,0.0,0,92
28049,2.142857142857143,0.8997354108424372,2.0,4.0,7,85
28055,,,,0.0,0,92
28056,,,,0.0,0,92
28057,1.25,0.4629100498862757,1.0,2.0,8,84
28058,1.0,0.0,1.0,1.0,3,89
28059,,,,0.0,0,92
28060,,,,0.0,0,92
28061,,,,0.0,0,92
28062,1.5,0.7071067811865476,1.5,2.0,2,90
28063,,,,0.0,0,92
28064,,,,0.0,0,92
28065,,,,0.0,0,92
28066,,,,0.0,0,92
28067,1.4285714285714286,0.5345224838248488,1.0,2.0,7,85
28071,,,,0.0,0,92
28074,1.0,0.0,1.0,1.0,3,89
28075,19.22222222222222,26.38075898158437,3.0,80.0,9,83
28076,,,,0.0,0,92
28077,,,,0.0,0,92
28078,,,,0.0,0,92
28079,,,,0.0,0,92
28080,2.2,1.1352924243950933,2.0,4.0,10,82
28081,1.4285714285714286,0.5345224838248488,1.0,2.0,7,85
28085,1.5789473684210527,1.2163602113447682,1.0,6.0,19,73
28086,,,,0.0,0,92
28088,,,,0.0,0,92
28089,2.5,1.2909944487358056,2.5,4.0,4,88
28091,1.0,,1.0,1.0,1,91
28092,2.4,0.5477225575051661,2.0,3.0,5,87
28094,1.5,0.7071067811865476,1.5,2.0,2,90
28095,1.0,0.0,1.0,1.0,7,85
28096,2.0,,2.0,2.0,1,91
28097,1.0,,1.0,1.0,1,91
28098,,,,0.0,0,92
28100,2.176470588235294,0.7276068751089989,2.0,3.0,17,75
28101,2.0,,2.0,2.0,1,91
28102,1.0,0.0,1.0,1.0,14,78
28103,1.4,0.8944271909999159,1.0,3.0,5,87
28104,1.0,,1.0,1.0,1,91
28105,1.0,,1.0,1.0,1,91
28106,18.25,12.010412149464313,13.5,36.0,4,88
28107,21.25,11.412712210513327,19.5,36.0,4,88
28108,,,,0.0,0,92
28109,2.0,,2.0,2.0,1,91
28110,1.25,0.5,1.0,2.0,4,88
28111,,,,0.0,0,92
28116,,,,0.0,0,92
28117,,,,0.0,0,92
28124,20.11111111111111,16.586473739499638,10.0,60.0,9,83
28126,3.0,0.7071067811865476,3.0,4.0,5,87
28127,1.3333333333333333,0.5773502691896257,1.0,2.0,3,89
28128,,,,0.0,0,92
28130,,,,0.0,0,92
28132,1.1,0.31622776601683794,1.0,2.0,10,82
28133,1.0,,1.0,1.0,1,91
28134,1.0,,1.0,1.0,1,91
28135,3.24,2.4711670657134186,3.0,12.0,25,67
28136,,,,0.0,0,92
28137,,,,0.0,0,92
28140,,,,0.0,0,92
28141,,,,0.0,0,92
28142,1.0,0.0,1.0,1.0,2,90
28143,,,,0.0,0,92
28147,1.0,0.0,1.0,1.0,3,89
28148,3.5555555555555554,1.8221584557629713,3.0,8.0,18,74
28150,6.444444444444445,7.253576985527024,4.5,32.0,18,74
28152,4.8125,2.372586492979058,4.0,12.0,16,76
28153,4.0625,3.6782015532956684,2.5,13.0,16,76
28154,,,,0.0,0,92
28155,,,,0.0,0,92
28158,2.56,1.083205120618128,3.0,4.0,25,67
28160,,,,0.0,0,92
28161,,,,0.0,0,92
28162,,,,0.0,0,92
28163,,,,0.0,0,92
28164,,,,0.0,0,92
28165,1.5,0.7071067811865476,1.5,2.0,2,90
28166,,,,0.0,0,92
28167,,,,0.0,0,92
28168,,,,0.0,0,92
28169,,,,0.0,0,92
28170,,,,0.0,0,92
28171,,,,0.0,0,92
28172,,,,0.0,0,92
28173,,,,0.0,0,92
28174,,,,0.0,0,92
28175,,,,0.0,0,92
28176,,,,0.0,0,92
28177,,,,0.0,0,92
28178,4.0,,4.0,4.0,1,91
28181,2.0,,2.0,2.0,1,91
28184,,,,0.0,0,92
28185,,,,0.0,0,92
28186,1.0,,1.0,1.0,1,91
28189,2.8095238095238093,2.337071834990264,2.0,10.0,21,71
28192,1.3333333333333333,0.5773502691896257,1.0,2.0,3,89
28194,,,,0.0,0,92
28195,,,,0.0,0,92
28196,6.666666666666667,3.8729833462074166,6.0,12.0,9,83
28197,,,,0.0,0,92
28198,,,,0.0,0,92
28199,,,,0.0,0,92
28200,3.25,1.5,3.0,5.0,4,88
28201,,,,0.0,0,92
28202,,,,0.0,0,92
28203,3.0,,3.0,3.0,1,91
28204,4.714285714285714,1.889822365046136,4.0,8.0,7,85
28205,2.5,2.1213203435596424,2.5,4.0,2,90
28206,1.75,0.9574271077563381,1.5,3.0,4,88
28207,2.3333333333333335,0.5773502691896258,2.0,3.0,3,89
28209,1.75,1.5,1.0,4.0,4,88
28211,3.5,3.5355339059327378,3.5,6.0,2,90
28212,2.6,2.302172886644268,1.0,6.0,5,87
28214,,,,0.0,0,92
28216,1.0,,1.0,1.0,1,91
28223,1.5,0.5773502691896257,1.5,2.0,4,88
28226,1.0,,1.0,1.0,1,91
28227,1.0,0.0,1.0,1.0,2,90
28229,1.5,0.5773502691896257,1.5,2.0,4,88
28230,1.6666666666666667,1.1547005383792517,1.0,3.0,3,89
28231,1.0,0.0,1.0,1.0,2,90
28233,1.0,0.0,1.0,1.0,2,90
28235,1.0,0.0,1.0,1.0,2,90
28237,1.0,,1.0,1.0,1,91
28238,1.0,,1.0,1.0,1,91
28239,,,,0.0,0,92
28240,2.5,1.0,2.0,4.0,4,88
28241,2.7142857142857144,1.7994708216848745,2.0,6.0,7,85
28242,,,,0.0,0,92
28243,,,,0.0,0,92
28244,1.0,0.0,1.0,1.0,7,85
28245,2.8,2.04939015319192,3.0,6.0,5,87
28246,2.0,,2.0,2.0,1,91
28247,,,,0.0,0,92
28248,2.0,0.0,2.0,2.0,3,89
28249,2.75,1.5,2.0,5.0,4,88
28250,2.4,1.140175425099138,2.0,4.0,5,87
28251,1.0,0.0,1.0,1.0,3,89
28252,2.0,,2.0,2.0,1,91
28253,,,,0.0,0,92
28254,1.5,0.7071067811865476,1.5,2.0,2,90
28255,2.4,0.5477225575051661,2.0,3.0,5,87
28256,,,,0.0,0,92
28257,,,,0.0,0,92
28258,2.0,,2.0,2.0,1,91
28259,5.5,2.258317958127243,5.0,10.0,6,86
28260,,,,0.0,0,92
28261,5.2,3.271085446759225,5.0,10.0,5,87
28262,,,,0.0,0,92
28263,,,,0.0,0,92
28264,2.5,0.7071067811865476,2.5,3.0,2,90
28265,1.6666666666666667,0.5773502691896257,2.0,2.0,3,89
28266,1.0,,1.0,1.0,1,91
28267,1.0,0.0,1.0,1.0,5,87
28268,4.0,2.8284271247461903,4.0,6.0,2,90
28270,1.2,0.4472135954999579,1.0,2.0,5,87
28271,2.0,,2.0,2.0,1,91
28272,,,,0.0,0,92
28274,1.2857142857142858,0.48795003647426666,1.0,2.0,7,85
28275,1.0,,1.0,1.0,1,91
28276,2.0,,2.0,2.0,1,91
28277,,,,0.0,0,92
28278,,,,0.0,0,92
28279,,,,0.0,0,92
28280,1.0,,1.0,1.0,1,91
28281,1.0,,1.0,1.0,1,91
28282,,,,0.0,0,92
28283,,,,0.0,0,92
28284,1.0,,1.0,1.0,1,91
28285,,,,0.0,0,92
28288,1.6666666666666667,0.5773502691896257,2.0,2.0,3,89
28289,1.8,0.4472135954999579,2.0,2.0,5,87
28290,1.0,0.0,1.0,1.0,2,90
28291,4.4,3.6469165057620936,3.0,10.0,5,87
28292,2.25,1.2583057392117916,2.0,4.0,4,88
28293,2.0,1.0,2.0,3.0,3,89
28294,2.5,1.243163121016122,2.5,5.0,12,80
28295,2.6153846153846154,1.325296290046213,3.0,5.0,13,79
28296,2.7,0.9486832980505138,3.0,4.0,10,82
28297,4.166666666666667,2.921047812892362,3.5,13.0,42,50
28298,1.0,,1.0,1.0,1,91
28299,1.0,,1.0,1.0,1,91
28301,1.0,,1.0,1.0,1,91
28302,1.0,0.0,1.0,1.0,3,89
28303,1.0,0.0,1.0,1.0,2,90
28305,1.0,,1.0,1.0,1,91
28306,1.0,0.0,1.0,1.0,4,88
28307,1.7777777777777777,1.0929064207170003,1.0,4.0,9,83
28308,1.0,,1.0,1.0,1,91
28309,1.0,,1.0,1.0,1,91
28310,1.0,,1.0,1.0,1,91
28311,1.0,,1.0,1.0,1,91
28313,10.0,0.0,10.0,10.0,2,90
28314,14.0,5.291502622129181,12.0,20.0,3,89
28315,15.0,5.3452248382484875,15.0,20.0,8,84
28317,10.0,0.0,10.0,10.0,2,90
28318,,,,0.0,0,92
28319,,,,0.0,0,92
28320,,,,0.0,0,92
28322,1.0,0.0,1.0,1.0,2,90
28323,,,,0.0,0,92
28324,3.0,1.5191090506254998,3.5,6.0,14,78
28327,8.0,,8.0,8.0,1,91
28328,1.0,,1.0,1.0,1,91
28329,,,,0.0,0,92
28331,1.0,,1.0,1.0,1,91
28332,1.0,0.0,1.0,1.0,4,88
28338,1.0,0.0,1.0,1.0,3,89
28340,,,,0.0,0,92
28342,,,,0.0,0,92
28343,1.0,,1.0,1.0,1,91
28344,,,,0.0,0,92
28345,2.0,,2.0,2.0,1,91
28346,,,,0.0,0,92
28347,2.0,,2.0,2.0,1,91
28348,1.6666666666666667,0.5163977794943223,2.0,2.0,6,86
28349,1.0,,1.0,1.0,1,91
28352,,,,0.0,0,92
28354,,,,0.0,0,92
28355,1.0,0.0,1.0,1.0,6,86
28356,1.6666666666666667,0.5773502691896257,2.0,2.0,3,89
28357,1.25,0.5,1.0,2.0,4,88
28358,,,,0.0,0,92
28359,,,,0.0,0,92
28360,,,,0.0,0,92
28361,1.0,,1.0,1.0,1,91
28364,1.0,,1.0,1.0,1,91
28365,1.0,,1.0,1.0,1,91
28367,2.2,1.1352924243950935,2.0,4.0,10,82
28370,,,,0.0,0,92
28374,,,,0.0,0,92
28375,1.0,,1.0,1.0,1,91
28376,1.0,0.0,1.0,1.0,3,89
28378,1.0,0.0,1.0,1.0,3,89
28380,,,,0.0,0,92
28383,1.5,0.7071067811865476,1.5,2.0,2,90
28385,1.0,,1.0,1.0,1,91
28386,,,,0.0,0,92
28387,1.0,,1.0,1.0,1,91
28388,1.5,0.7071067811865476,1.5,2.0,2,90
28389,2.5454545454545454,1.8090680674665818,2.0,6.0,11,81
28390,2.6666666666666665,2.0236694629405503,2.0,6.0,15,77
28391,,,,0.0,0,92
28392,2.0,0.0,2.0,2.0,2,90
28393,,,,0.0,0,92
28394,,,,0.0,0,92
28395,,,,0.0,0,92
28396,,,,0.0,0,92
28399,,,,0.0,0,92
28403,,,,0.0,0,92
28404,2.0,1.7320508075688772,1.0,4.0,3,89
28408,1.6,1.3416407864998738,1.0,4.0,5,87
28409,,,,0.0,0,92
28410,2.0,,2.0,2.0,1,91
28411,,,,0.0,0,92
28412,,,,0.0,0,92
28413,,,,0.0,0,92
28414,1.6666666666666667,0.5773502691896257,2.0,2.0,3,89
28415,,,,0.0,0,92
28416,2.0,0.0,2.0,2.0,2,90
28419,2.1481481481481484,0.9073928715621604,2.0,4.0,27,65
28420,1.3636363636363635,0.674199862463242,1.0,3.0,11,81
28421,,,,0.0,0,92
28424,2.0,,2.0,2.0,1,91
28425,,,,0.0,0,92
28426,,,,0.0,0,92
28427,2.0,,2.0,2.0,1,91
28428,,,,0.0,0,92
28429,,,,0.0,0,92
28432,2.0,,2.0,2.0,1,91
28433,,,,0.0,0,92
28434,,,,0.0,0,92
28435,,,,0.0,0,92
28437,1.0,,1.0,1.0,1,91
28438,,,,0.0,0,92
28440,2.0,,2.0,2.0,1,91
28441,,,,0.0,0,92
28442,1.0,,1.0,1.0,1,91
28443,,,,0.0,0,92
28444,,,,0.0,0,92
28447,,,,0.0,0,92
28451,1.0,0.0,1.0,1.0,4,88
28454,,,,0.0,0,92
28456,2.4193548387096775,1.4554310598212727,2.0,7.0,31,61
28457,2.076923076923077,1.4411533842457842,2.0,5.0,13,79
28458,1.0,,1.0,1.0,1,91
28459,2.0,,2.0,2.0,1,91
28460,,,,0.0,0,92
28461,,,,0.0,0,92
28462,,,,0.0,0,92
28463,2.0,,2.0,2.0,1,91
28464,,,,0.0,0,92
28465,2.3333333333333335,1.5275252316519465,2.0,4.0,3,89
28466,,,,0.0,0,92
28467,1.0,,1.0,1.0,1,91
28468,1.0,,1.0,1.0,1,91
28469,,,,0.0,0,92
28471,,,,0.0,0,92
28472,,,,0.0,0,92
28473,,,,0.0,0,92
28474,,,,0.0,0,92
28475,,,,0.0,0,92
28476,,,,0.0,0,92
28477,,,,0.0,0,92
28479,3.0,,3.0,3.0,1,91
28481,,,,0.0,0,92
28483,,,,0.0,0,92
28485,2.1538461538461537,1.4612955263685081,2.0,7.0,26,66
28486,1.0,,1.0,1.0,1,91
28488,,,,0.0,0,92
28491,1.0,,1.0,1.0,1,91
28494,,,,0.0,0,92
28495,1.0,,1.0,1.0,1,91
28496,1.0,,1.0,1.0,1,91
28497,,,,0.0,0,92
28499,,,,0.0,0,92
28500,1.0,,1.0,1.0,1,91
28501,,,,0.0,0,92
28502,1.0,0.0,1.0,1.0,2,90
28503,2.0,,2.0,2.0,1,91
28506,1.5454545454545454,0.6875516509523286,1.0,3.0,11,81
28507,1.0,0.0,1.0,1.0,2,90
28508,1.4285714285714286,0.7867957924694431,1.0,3.0,7,85
28509,2.6,1.7126976771553504,2.0,6.0,10,82
28510,,,,0.0,0,92
28511,2.75,2.1701791214908597,2.0,10.0,32,60
28512,1.0,,1.0,1.0,1,91
28513,2.7777777777777777,0.8333333333333334,3.0,4.0,9,83
28514,2.0,0.0,2.0,2.0,2,90
28515,2.0,0.0,2.0,2.0,2,90
28516,2.0,0.0,2.0,2.0,2,90
28517,2.0,,2.0,2.0,1,91
28518,,,,0.0,0,92
28519,,,,0.0,0,92
28521,10.63076923076923,9.684990369718417,7.0,43.0,65,27
28522,9.342857142857143,10.696186393352752,6.0,53.0,35,57
28523,7.819672131147541,7.228435046678064,5.0,29.0,61,31
28524,,,,0.0,0,92
28525,,,,0.0,0,92
28526,,,,0.0,0,92
28528,,,,0.0,0,92
28531,1.0,,1.0,1.0,1,91
28534,2.0,0.0,2.0,2.0,4,88
28535,1.0,,1.0,1.0,1,91
28537,1.0,,1.0,1.0,1,91
28538,2.0,0.0,2.0,2.0,2,90
28539,1.0,,1.0,1.0,1,91
28540,1.0,,1.0,1.0,1,91
28541,1.0,,1.0,1.0,1,91
28542,1.0,0.0,1.0,1.0,5,87
28543,,,,0.0,0,92
28544,,,,0.0,0,92
28545,,,,0.0,0,92
28548,,,,0.0,0,92
28549,1.0,,1.0,1.0,1,91
28550,,,,0.0,0,92
28551,,,,0.0,0,92
28552,1.5,0.7071067811865476,1.5,2.0,2,90
28554,1.0,,1.0,1.0,1,91
28555,1.4666666666666666,0.7432233529572067,1.0,3.0,15,77
28556,1.4,0.8944271909999159,1.0,3.0,5,87
28557,6.702702702702703,9.666278339512933,4.0,50.0,37,55
28558,4.0,2.250925735484551,4.0,8.0,31,61
28561,,,,0.0,0,92
28562,2.0,1.0,2.0,3.0,3,89
28563,,,,0.0,0,92
28566,8.0,6.0,5.0,20.0,6,86
28567,9.25,5.057996968497839,8.5,15.0,4,88
28568,15.0,,15.0,15.0,1,91
28569,,,,0.0,0,92
28570,1.2222222222222223,0.4277926319464986,1.0,2.0,18,74
28571,1.0,0.0,1.0,1.0,2,90
28572,,,,0.0,0,92
28573,2.0,1.0,2.0,3.0,3,89
28574,,,,0.0,0,92
28575,,,,0.0,0,92
28576,1.0,,1.0,1.0,1,91
28579,,,,0.0,0,92
28580,1.4,0.5477225575051661,1.0,2.0,5,87
28583,2.0,,2.0,2.0,1,91
28584,,,,0.0,0,92
28585,,,,0.0,0,92
28587,,,,0.0,0,92
28588,,,,0.0,0,92
28589,,,,0.0,0,92
28590,,,,0.0,0,92
28591,,,,0.0,0,92
28592,2.0,1.0,2.0,3.0,3,89
28593,,,,0.0,0,92
28594,,,,0.0,0,92
28596,2.0,0.7071067811865476,2.0,3.0,5,87
28597,,,,0.0,0,92
28598,,,,0.0,0,92
28600,4.555555555555555,3.5746017649212027,5.0,11.0,9,83
28602,,,,0.0,0,92
28603,,,,0.0,0,92
28604,1.3636363636363635,0.674199862463242,1.0,3.0,11,81
28605,1.5,0.7071067811865476,1.5,2.0,2,90
28607,2.0,1.6583123951777,1.0,6.0,9,83
28608,,,,0.0,0,92
28609,2.0,0.8451542547285166,2.0,3.0,15,77
28610,2.5,0.5773502691896257,2.5,3.0,4,88
28612,3.0,2.6457513110645907,2.0,6.0,3,89
28613,2.25,1.2583057392117916,2.0,4.0,4,88
28615,2.0,1.4142135623730951,1.0,4.0,7,85
28616,1.3333333333333333,0.816496580927726,1.0,3.0,6,86
28618,2.6666666666666665,0.8660254037844386,2.0,4.0,9,83
28621,,,,0.0,0,92
28622,2.0,,2.0,2.0,1,91
28623,,,,0.0,0,92
28625,,,,0.0,0,92
28627,1.0,,1.0,1.0,1,91
28628,2.5,2.1213203435596424,2.5,4.0,2,90
28629,2.0,,2.0,2.0,1,91
28630,,,,0.0,0,92
28631,,,,0.0,0,92
28634,9.0,6.683312551921141,8.0,17.0,4,88
28635,8.25,7.544313531837517,7.5,17.0,4,88
28637,37.75,46.875976180311625,21.5,135.0,8,84
28638,15.333333333333334,20.502032419575706,4.0,39.0,3,89
28639,1.0,0.0,1.0,1.0,2,90
28641,1.3333333333333333,0.5773502691896257,1.0,2.0,3,89
28642,,,,0.0,0,92
28643,,,,0.0,0,92
28646,,,,0.0,0,92
28647,,,,0.0,0,92
28648,,,,0.0,0,92
28649,,,,0.0,0,92
28650,,,,0.0,0,92
28659,1.0,,1.0,1.0,1,91
28660,1.0,,1.0,1.0,1,91
28662,,,,0.0,0,92
28663,4.25,3.8622100754188224,2.5,10.0,4,88
28664,,,,0.0,0,92
28665,1.0,0.0,1.0,1.0,2,90
28666,1.0,0.0,1.0,1.0,2,90
28667,,,,0.0,0,92
28668,,,,0.0,0,92
28669,1.0,0.0,1.0,1.0,4,88
28670,1.0,,1.0,1.0,1,91
28673,,,,0.0,0,92
28675,,,,0.0,0,92
28676,1.6666666666666667,0.5773502691896257,2.0,2.0,3,89
28677,,,,0.0,0,92
28679,,,,0.0,0,92
28680,,,,0.0,0,92
28681,1.0,,1.0,1.0,1,91
28683,,,,0.0,0,92
28684,3.3333333333333335,1.9364916731037085,4.0,6.0,9,83
28685,1.5,0.7071067811865476,1.5,2.0,2,90
28688,,,,0.0,0,92
28689,,,,0.0,0,92
28690,1.0,,1.0,1.0,1,91
28696,7.333333333333333,9.0638758902495,4.0,40.0,27,65
28697,,,,0.0,0,92
28698,1.2,0.4472135954999579,1.0,2.0,5,87
28699,1.2857142857142858,0.48795003647426666,1.0,2.0,7,85
28702,1.0,,1.0,1.0,1,91
28703,,,,0.0,0,92
28704,,,,0.0,0,92
28705,,,,0.0,0,92
28706,,,,0.0,0,92
28710,1.6,0.9660917830792959,1.0,4.0,10,82
28711,,,,0.0,0,92
28712,1.0,,1.0,1.0,1,91
28714,1.0,,1.0,1.0,1,91
28715,1.5,0.5773502691896257,1.5,2.0,4,88
28716,1.0,0.0,1.0,1.0,5,87
28717,,,,0.0,0,92
28718,,,,0.0,0,92
28722,,,,0.0,0,92
28723,1.0,0.0,1.0,1.0,2,90
28724,1.0,0.0,1.0,1.0,5,87
28726,,,,0.0,0,92
28727,2.5,0.7071067811865476,2.5,3.0,2,90
28728,,,,0.0,0,92
28731,,,,0.0,0,92
28732,,,,0.0,0,92
28733,,,,0.0,0,92
28734,1.0,0.0,1.0,1.0,2,90
28736,11.833333333333334,13.614942771332776,6.0,34.0,6,86
28737,,,,0.0,0,92
28738,1.0,0.0,1.0,1.0,6,86
28740,1.5,0.5773502691896257,1.5,2.0,4,88
28741,7.0,1.4142135623730951,7.0,8.0,2,90
28742,7.666666666666667,1.5275252316519465,8.0,9.0,3,89
28743,,,,0.0,0,92
28746,,,,0.0,0,92
28747,,,,0.0,0,92
28748,1.0,,1.0,1.0,1,91
28749,,,,0.0,0,92
28750,,,,0.0,0,92
28751,,,,0.0,0,92
28752,,,,0.0,0,92
28753,,,,0.0,0,92
28754,,,,0.0,0,92
28755,,,,0.0,0,92
28756,1.4,0.8944271909999161,1.0,3.0,5,87
28757,1.0,0.0,1.0,1.0,2,90
28759,,,,0.0,0,92
28760,,,,0.0,0,92
28764,,,,0.0,0,92
28768,2.0,2.0,1.0,6.0,6,86
28769,1.3846153846153846,0.5063696835418333,1.0,2.0,13,79
28770,,,,0.0,0,92
28771,1.3333333333333333,0.5773502691896257,1.0,2.0,3,89
28772,1.5,0.7071067811865476,1.5,2.0,2,90
28773,5.133333333333334,4.3730778090275875,4.0,14.0,15,77
28774,1.0,0.0,1.0,1.0,2,90
28775,2.0,,2.0,2.0,1,91
28776,5.0,0.0,5.0,5.0,2,90
28777,4.0,,4.0,4.0,1,91
28778,2.5,0.7071067811865476,2.5,3.0,2,90
28781,1.375,0.5,1.0,2.0,16,76
28782,2.0,0.0,2.0,2.0,2,90
28786,1.2,0.44721359549995804,1.0,2.0,5,87
28787,1.0,,1.0,1.0,1,91
28789,1.0,,1.0,1.0,1,91
28790,5.2,7.083627444874397,2.5,23.0,10,82
28791,,,,0.0,0,92
28792,1.0,,1.0,1.0,1,91
28793,2.0,,2.0,2.0,1,91
28794,,,,0.0,0,92
28795,,,,0.0,0,92
28797,3.1666666666666665,2.041241452319315,3.0,7.0,6,86
28799,,,,0.0,0,92
28800,,,,0.0,0,92
28803,,,,0.0,0,92
28804,,,,0.0,0,92
28806,,,,0.0,0,92
28807,1.0,,1.0,1.0,1,91
28808,,,,0.0,0,92
28809,,,,0.0,0,92
28811,1.0,,1.0,1.0,1,91
28813,,,,0.0,0,92
28814,,,,0.0,0,92
28815,,,,0.0,0,92
28816,1.0,0.0,1.0,1.0,2,90
28817,1.0,0.0,1.0,1.0,3,89
28818,4.4375,4.114506855829343,3.5,15.0,16,76
28819,1.8148148148148149,1.1106836784693621,1.0,5.0,27,65
28821,1.3333333333333333,0.5773502691896257,1.0,2.0,3,89
28823,1.5,0.7071067811865476,1.5,2.0,2,90
28824,,,,0.0,0,92
28825,,,,0.0,0,92
28826,2.0,,2.0,2.0,1,91
28827,,,,0.0,0,92
28828,,,,0.0,0,92
28829,,,,0.0,0,92
28830,4.714285714285714,2.8128433856309725,4.5,10.0,14,78
28831,9.875,14.053662682112755,4.0,58.0,24,68
28832,3.3846153846153846,2.328750077418554,2.0,8.0,13,79
28833,1.75,0.9574271077563381,1.5,3.0,4,88
28834,1.25,0.5,1.0,2.0,4,88
28836,13.7,10.499206319209721,10.5,30.0,10,82
28838,1.3333333333333333,0.5773502691896257,1.0,2.0,3,89
28839,1.5,0.7071067811865476,1.5,2.0,2,90
28841,1.0,,1.0,1.0,1,91
28842,,,,0.0,0,92
28850,5.6,5.029910535983717,3.0,12.0,5,87
28854,,,,0.0,0,92
28855,,,,0.0,0,92
28856,,,,0.0,0,92
28857,,,,0.0,0,92
28858,7.0,4.242640687119285,7.0,10.0,2,90
28859,,,,0.0,0,92
28861,,,,0.0,0,92
28865,3.2549019607843137,2.7117753391820787,3.0,17.0,51,41
28866,2.142857142857143,1.4327979804948265,2.0,7.0,28,64
28867,1.36,0.5686240703077327,1.0,3.0,25,67
28874,5.666666666666667,2.8867513459481287,4.0,9.0,3,89
28875,5.75,4.349329450233296,5.5,10.0,4,88
28876,6.333333333333333,2.581988897471611,6.0,9.0,6,86
28877,5.0,1.4142135623730951,5.0,6.0,2,90
28879,20.0,,20.0,20.0,1,91
28881,10.375,6.802048010919736,11.0,20.0,8,84
28883,18.0,12.727922061357855,18.0,27.0,2,90
28884,10.0,11.313708498984761,10.0,18.0,2,90
28885,8.5,0.7071067811865476,8.5,9.0,2,90
28886,,,,0.0,0,92
28969,,,,0.0,0,92
28971,1.0,,1.0,1.0,1,91
28972,2.0,,2.0,2.0,1,91
28973,7.85,5.949568759250759,6.0,20.0,20,72
28974,1.0,,1.0,1.0,1,91
28976,,,,0.0,0,92
28977,1.5,0.5773502691896257,1.5,2.0,4,88
28978,,,,0.0,0,92
28979,,,,0.0,0,92
28982,,,,0.0,0,92
28983,1.0,,1.0,1.0,1,91
28984,1.2857142857142858,0.48795003647426666,1.0,2.0,7,85
28988,1.0,,1.0,1.0,1,91
28989,4.166666666666667,3.884357771127377,3.0,15.0,18,74
28994,5.833333333333333,4.344972713238586,4.0,15.0,12,80
28995,,,,0.0,0,92
28996,,,,0.0,0,92
28998,,,,0.0,0,92
29001,1.0,,1.0,1.0,1,91
29002,1.0,,1.0,1.0,1,91
29003,1.2,0.44721359549995804,1.0,2.0,5,87
29004,1.0,,1.0,1.0,1,91
29005,1.7142857142857142,1.1126972805283735,1.0,4.0,7,85
29006,1.25,0.5,1.0,2.0,4,88
29007,2.5,2.1213203435596424,2.5,4.0,2,90
29008,2.5,2.1213203435596424,2.5,4.0,2,90
29009,1.0,0.0,1.0,1.0,2,90
29010,1.0,0.0,1.0,1.0,2,90
29011,1.1666666666666667,0.408248290463863,1.0,2.0,6,86
29012,,,,0.0,0,92
29013,2.7142857142857144,3.6839419880650355,1.0,11.0,7,85
29014,,,,0.0,0,92
29015,,,,0.0,0,92
29016,1.0,,1.0,1.0,1,91
29017,1.0,0.0,1.0,1.0,2,90
29018,1.75,0.5,2.0,2.0,4,88
29419,2.0,,2.0,2.0,1,91
29627,,,,0.0,0,92
29628,,,,0.0,0,92
29629,,,,0.0,0,92
29630,,,,0.0,0,92
29631,,,,0.0,0,92
29632,,,,0.0,0,92
29634,,,,0.0,0,92
29635,,,,0.0,0,92
29636,,,,0.0,0,92
29637,,,,0.0,0,92
29638,,,,0.0,0,92
29640,,,,0.0,0,92
29641,,,,0.0,0,92
29642,,,,0.0,0,92
29643,,,,0.0,0,92
29644,,,,0.0,0,92
29645,,,,0.0,0,92
29646,,,,0.0,0,92
29647,,,,0.0,0,92
29820,4.5,2.1213203435596424,4.5,6.0,2,90
29823,,,,0.0,0,92
29824,,,,0.0,0,92
29825,,,,0.0,0,92
29826,,,,0.0,0,92
29827,,,,0.0,0,92
29829,,,,0.0,0,92
29835,,,,0.0,0,92
29941,3.0,1.4142135623730951,3.0,4.0,2,90
30036,,,,0.0,0,92
30038,,,,0.0,0,92
30039,,,,0.0,0,92
30040,4.111111111111111,1.4529663145135576,5.0,5.0,9,83
30041,2.0,0.816496580927726,2.0,3.0,4,88
30042,1.0,,1.0,1.0,1,91
30043,,,,0.0,0,92
30050,2.0,1.4142135623730951,2.0,3.0,2,90
30051,,,,0.0,0,92
30145,1.0,0.0,1.0,1.0,3,89
30146,6.0,,6.0,6.0,1,91
30147,,,,0.0,0,92
30149,1.0,0.0,1.0,1.0,2,90
30150,1.5,0.7071067811865476,1.5,2.0,2,90
30152,2.642857142857143,1.5984195491000024,2.0,6.0,14,78
30154,1.0,0.0,1.0,1.0,6,86
30156,1.6666666666666667,0.5773502691896257,2.0,2.0,3,89
30157,2.0,1.4142135623730951,2.0,3.0,2,90
30158,2.0,,2.0,2.0,1,91
30159,2.0,0.8944271909999159,2.0,3.0,6,86
30160,3.28,2.8798148088606905,2.0,11.0,25,67
30162,,,,0.0,0,92
30163,,,,0.0,0,92
30164,1.0,,1.0,1.0,1,91
30166,3.6,3.0659419433511785,3.0,14.0,15,77
30270,2.857142857142857,1.5735915849388862,2.0,5.0,7,85
30271,,,,0.0,0,92
30469,1.0,0.0,1.0,1.0,2,90
30470,1.0,,1.0,1.0,1,91
30473,6.0,1.4142135623730951,6.0,7.0,2,90
30475,1.0,0.0,1.0,1.0,2,90
30476,1.0,0.0,1.0,1.0,2,90
30477,,,,0.0,0,92
30478,13.333333333333334,5.163977794943222,10.0,20.0,6,86
30479,1.0,,1.0,1.0,1,91
41681,1.0,0.0,1.0,1.0,3,89
41682,6.0,,6.0,6.0,1,91
41683,,,,0.0,0,92
41686,,,,0.0,0,92
41688,,,,0.0,0,92
41689,1.0,,1.0,1.0,1,91
41690,,,,0.0,0,92
41691,,,,0.0,0,92
41692,1.0,,1.0,1.0,1,91
41693,2.0,,2.0,2.0,1,91
41696,,,,0.0,0,92
41697,2.5,2.1213203435596424,2.5,4.0,2,90
41698,2.0,,2.0,2.0,1,91
41699,1.0,0.0,1.0,1.0,3,89
41701,1.0,0.0,1.0,1.0,2,90
41702,3.0,,3.0,3.0,1,91
41703,,,,0.0,0,92
41707,3.888888888888889,1.9002923751652299,4.0,7.0,9,83
41709,,,,0.0,0,92
41710,,,,0.0,0,92
41713,,,,0.0,0,92
41714,2.0,,2.0,2.0,1,91
41715,,,,0.0,0,92
41716,1.0,,1.0,1.0,1,91
41717,3.0,1.4142135623730951,3.0,4.0,2,90
41718,1.0833333333333333,0.28867513459481287,1.0,2.0,12,80
41719,1.6666666666666667,0.816496580927726,1.5,3.0,6,86
41720,,,,0.0,0,92
41721,,,,0.0,0,92
41722,1.7333333333333334,0.883715101688537,1.0,3.0,15,77
41723,3.0,2.449489742783178,2.5,6.0,4,88
41724,,,,0.0,0,92
41728,,,,0.0,0,92
41729,1.0,,1.0,1.0,1,91
41730,,,,0.0,0,92
41732,1.0,,1.0,1.0,1,91
41733,,,,0.0,0,92
41735,1.0,,1.0,1.0,1,91
41736,1.0,0.0,1.0,1.0,2,90
41737,,,,0.0,0,92
41738,1.0,0.0,1.0,1.0,2,90
41739,1.0,,1.0,1.0,1,91
41740,1.0,,1.0,1.0,1,91
41741,,,,0.0,0,92
41742,2.5,2.1213203435596424,2.5,4.0,2,90
41743,,,,0.0,0,92
41744,1.0,,1.0,1.0,1,91
41745,,,,0.0,0,92
41746,1.5,0.7071067811865476,1.5,2.0,2,90
41747,,,,0.0,0,92
41748,,,,0.0,0,92
41749,1.0,,1.0,1.0,1,91
41750,1.0,,1.0,1.0,1,91
41751,,,,0.0,0,92
41752,,,,0.0,0,92
41753,,,,0.0,0,92
41754,,,,0.0,0,92
41755,,,,0.0,0,92
41756,,,,0.0,0,92
41757,,,,0.0,0,92
41758,,,,0.0,0,92
41759,,,,0.0,0,92
41762,4.333333333333333,3.511884584284246,4.0,8.0,3,89
41764,,,,0.0,0,92
41765,2.0,0.0,2.0,2.0,2,90
41766,,,,0.0,0,92
41767,3.5,3.5355339059327378,3.5,6.0,2,90
41774,1.0,,1.0,1.0,1,91
41777,2.6666666666666665,0.5773502691896258,3.0,3.0,3,89
41778,,,,0.0,0,92
41782,1.0,0.0,1.0,1.0,2,90
41783,,,,0.0,0,92
41885,,,,0.0,0,92
41888,,,,0.0,0,92
41890,1.0,,1.0,1.0,1,91
41893,,,,0.0,0,92
41894,,,,0.0,0,92
41895,5.5,6.363961030678928,5.5,10.0,2,90
41897,,,,0.0,0,92
41898,1.0,0.0,1.0,1.0,2,90
41899,1.3333333333333333,0.5773502691896257,1.0,2.0,3,89
41900,2.0,,2.0,2.0,1,91
41904,1.0,,1.0,1.0,1,91
41906,4.0,,4.0,4.0,1,91
41907,,,,0.0,0,92
41908,,,,0.0,0,92
41909,1.5,0.7071067811865476,1.5,2.0,2,90
41910,,,,0.0,0,92
41911,2.0,1.4142135623730951,2.0,3.0,2,90
41912,2.0,,2.0,2.0,1,91
41913,,,,0.0,0,92
41914,1.0,0.0,1.0,1.0,6,86
41915,2.0,0.0,2.0,2.0,2,90
41916,3.0,0.0,3.0,3.0,2,90
41927,,,,0.0,0,92
41928,,,,0.0,0,92
41929,,,,0.0,0,92
41930,,,,0.0,0,92
41931,1.0,,1.0,1.0,1,91
41932,,,,0.0,0,92
41934,2.0,,2.0,2.0,1,91
41935,2.0,,2.0,2.0,1,91
41936,,,,0.0,0,92
41937,1.3333333333333333,0.5773502691896257,1.0,2.0,3,89
41938,1.5,0.7071067811865476,1.5,2.0,2,90
41939,5.666666666666667,2.1033883198882757,5.0,10.0,12,80
41941,2.111111111111111,0.7817359599705717,2.0,4.0,9,83
41945,3.0,1.4142135623730951,3.0,4.0,2,90
41947,1.0,0.0,1.0,1.0,2,90
41948,1.4,0.8944271909999159,1.0,3.0,5,87
41949,1.0,0.0,1.0,1.0,2,90
41950,1.0,0.0,1.0,1.0,2,90
41951,,,,0.0,0,92
41952,,,,0.0,0,92
41954,1.7142857142857142,0.9138735334633754,1.5,4.0,14,78
41955,,,,0.0,0,92
41956,4.0,,4.0,4.0,1,91
41957,2.0,0.0,2.0,2.0,2,90
41958,,,,0.0,0,92
41960,11.0,8.48528137423857,12.0,24.0,5,87
41961,,,,0.0,0,92
41962,,,,0.0,0,92
41965,,,,0.0,0,92
41966,,,,0.0,0,92
41971,3.0,,3.0,3.0,1,91
41972,,,,0.0,0,92
41973,1.0,,1.0,1.0,1,91
41974,,,,0.0,0,92
41975,,,,0.0,0,92
41976,,,,0.0,0,92
41977,,,,0.0,0,92
41978,,,,0.0,0,92
41979,1.0,,1.0,1.0,1,91
41980,1.3333333333333333,0.5773502691896257,1.0,2.0,3,89
41985,,,,0.0,0,92
41986,1.0,,1.0,1.0,1,91
41987,,,,0.0,0,92
41988,,,,0.0,0,92
41989,1.0,0.0,1.0,1.0,3,89
41991,,,,0.0,0,92
41992,,,,0.0,0,92
41993,,,,0.0,0,92
41994,,,,0.0,0,92
41995,,,,0.0,0,92
41997,1.4615384615384615,0.5188745216627707,1.0,2.0,13,79
41998,,,,0.0,0,92
41999,1.6,1.3416407864998738,1.0,4.0,5,87
42002,,,,0.0,0,92
42003,,,,0.0,0,92
42005,1.0,0.0,1.0,1.0,2,90
42006,1.0,,1.0,1.0,1,91
42007,1.0,,1.0,1.0,1,91
42008,,,,0.0,0,92
42009,,,,0.0,0,92
42010,,,,0.0,0,92
42011,1.0,0.0,1.0,1.0,2,90
42012,,,,0.0,0,92
42013,,,,0.0,0,92
42014,1.0,,1.0,1.0,1,91
42015,,,,0.0,0,92
42016,,,,0.0,0,92
42017,1.75,0.9574271077563381,1.5,3.0,4,88
42018,1.0,,1.0,1.0,1,91
42019,1.875,1.246423454758225,1.0,4.0,8,84
42021,,,,0.0,0,92
42022,,,,0.0,0,92
42024,,,,0.0,0,92
42025,4.0,0.0,4.0,4.0,3,89
42026,1.75,0.5,2.0,2.0,4,88
42027,1.0,0.0,1.0,1.0,3,89
42028,,,,0.0,0,92
42029,1.0,0.0,1.0,1.0,2,90
42030,,,,0.0,0,92
42032,,,,0.0,0,92
42033,3.0,,3.0,3.0,1,91
42034,,,,0.0,0,92
42035,,,,0.0,0,92
42036,1.0,,1.0,1.0,1,91
42037,,,,0.0,0,92
42038,,,,0.0,0,92
42040,1.5,0.7071067811865476,1.5,2.0,2,90
42041,1.0,,1.0,1.0,1,91
42044,,,,0.0,0,92
42045,1.0,,1.0,1.0,1,91
42046,1.25,0.5,1.0,2.0,4,88
42047,1.0,,1.0,1.0,1,91
42048,,,,0.0,0,92
42049,,,,0.0,0,92
42050,,,,0.0,0,92
42051,,,,0.0,0,92
42052,,,,0.0,0,92
42053,,,,0.0,0,92
42056,1.0,,1.0,1.0,1,91
42058,,,,0.0,0,92
42060,,,,0.0,0,92
42061,1.5,0.7071067811865476,1.5,2.0,2,90
42062,1.0,0.0,1.0,1.0,2,90
42063,1.0,0.0,1.0,1.0,2,90
42065,1.0,,1.0,1.0,1,91
42066,,,,0.0,0,92
42068,5.285714285714286,7.250615737399725,2.0,20.0,7,85
42070,,,,0.0,0,92
42071,,,,0.0,0,92
42073,,,,0.0,0,92
42074,3.25,4.5,1.0,10.0,4,88
42076,,,,0.0,0,92
42077,6.0,3.7416573867739413,4.0,10.0,5,87
42079,3.0,1.4142135623730951,3.0,4.0,2,90
42081,2.0,,2.0,2.0,1,91
42082,,,,0.0,0,92
42083,,,,0.0,0,92
42084,,,,0.0,0,92
42085,,,,0.0,0,92
42088,2.0416666666666665,1.2676293062133799,2.0,5.0,24,68
42089,,,,0.0,0,92
42090,,,,0.0,0,92
42091,6.071428571428571,6.8999920369439645,4.0,26.0,14,78
42094,1.0,,1.0,1.0,1,91
42095,,,,0.0,0,92
42096,,,,0.0,0,92
42098,1.0,,1.0,1.0,1,91
42099,1.0,,1.0,1.0,1,91
42100,2.0,1.4142135623730951,2.0,3.0,2,90
42101,1.0,,1.0,1.0,1,91
42102,,,,0.0,0,92
42103,2.0,,2.0,2.0,1,91
42104,,,,0.0,0,92
42105,,,,0.0,0,92
42106,,,,0.0,0,92
42107,2.0,,2.0,2.0,1,91
42108,1.0,,1.0,1.0,1,91
42109,,,,0.0,0,92
42111,,,,0.0,0,92
42112,,,,0.0,0,92
42113,,,,0.0,0,92
42114,1.0,,1.0,1.0,1,91
42115,,,,0.0,0,92
42116,,,,0.0,0,92
42117,1.0,,1.0,1.0,1,91
42118,1.0,0.0,1.0,1.0,3,89
42120,1.0,0.0,1.0,1.0,3,89
42121,,,,0.0,0,92
42122,,,,0.0,0,92
42124,,,,0.0,0,92
42126,,,,0.0,0,92
42127,2.125,1.1259916264596033,2.0,4.0,8,84
42129,2.0,0.0,2.0,2.0,2,90
42130,1.0,0.0,1.0,1.0,2,90
42131,1.0,,1.0,1.0,1,91
42132,4.0,0.816496580927726,4.0,5.0,4,88
42133,,,,0.0,0,92
42135,2.0,,2.0,2.0,1,91
42137,6.0,,6.0,6.0,1,91
42138,,,,0.0,0,92
42139,,,,0.0,0,92
42142,,,,0.0,0,92
42143,,,,0.0,0,92
42144,,,,0.0,0,92
42145,,,,0.0,0,92
42146,1.0,,1.0,1.0,1,91
42147,1.0,,1.0,1.0,1,91
42148,,,,0.0,0,92
42149,1.0,0.0,1.0,1.0,2,90
42150,5.6,4.505552130427524,5.0,12.0,5,87
42152,,,,0.0,0,92
42153,2.0,,2.0,2.0,1,91
42154,,,,0.0,0,92
42159,3.0,1.6035674514745464,3.0,6.0,8,84
42160,,,,0.0,0,92
42161,3.75,2.0943647333651407,4.0,6.0,12,80
42163,1.0,,1.0,1.0,1,91
42164,3.6666666666666665,0.5773502691896258,4.0,4.0,3,89
42167,,,,0.0,0,92
42168,3.0,,3.0,3.0,1,91
42169,,,,0.0,0,92
42170,,,,0.0,0,92
42171,,,,0.0,0,92
42172,,,,0.0,0,92
42173,,,,0.0,0,92
42176,2.0,0.816496580927726,2.0,3.0,4,88
42179,1.25,0.5,1.0,2.0,4,88
42181,1.3333333333333333,0.5773502691896257,1.0,2.0,3,89
42183,,,,0.0,0,92
42184,2.0,,2.0,2.0,1,91
42185,1.0,,1.0,1.0,1,91
42189,3.0,,3.0,3.0,1,91
42190,,,,0.0,0,92
42191,1.0,0.0,1.0,1.0,2,90
42192,1.0,0.0,1.0,1.0,3,89
42193,1.5714285714285714,0.9759000729485333,1.0,3.0,7,85
42194,,,,0.0,0,92
42195,1.0,0.0,1.0,1.0,2,90
42196,,,,0.0,0,92
42197,,,,0.0,0,92
42198,1.0,,1.0,1.0,1,91
42199,1.0,,1.0,1.0,1,91
42200,,,,0.0,0,92
42201,,,,0.0,0,92
42202,,,,0.0,0,92
42203,,,,0.0,0,92
42204,2.0,,2.0,2.0,1,91
42205,,,,0.0,0,92
42206,1.0,,1.0,1.0,1,91
42208,,,,0.0,0,92
42209,3.0,,3.0,3.0,1,91
42210,,,,0.0,0,92
42211,,,,0.0,0,92
42213,1.0,0.0,1.0,1.0,6,86
42214,15.75,17.423642940938997,13.5,35.0,4,88
42215,1.0,,1.0,1.0,1,91
42216,,,,0.0,0,92
42217,1.0,0.0,1.0,1.0,2,90
42221,2.0,0.0,2.0,2.0,2,90
42222,1.6,0.5477225575051661,2.0,2.0,5,87
42223,1.6666666666666667,0.5163977794943222,2.0,2.0,6,86
42224,1.75,0.5,2.0,2.0,4,88
42225,1.4,0.5477225575051661,1.0,2.0,5,87
42226,2.0,0.816496580927726,2.0,3.0,4,88
42227,1.6,0.8944271909999159,1.0,3.0,5,87
42228,1.75,0.5,2.0,2.0,4,88
42230,,,,0.0,0,92
42231,1.25,0.5,1.0,2.0,4,88
42233,1.5,0.7071067811865476,1.5,2.0,2,90
42234,1.8,0.4472135954999579,2.0,2.0,5,87
42235,2.0,1.0,2.0,3.0,3,89
42236,1.3333333333333333,0.5773502691896257,1.0,2.0,3,89
42237,1.0,,1.0,1.0,1,91
42239,2.0,,2.0,2.0,1,91
42240,1.0,0.0,1.0,1.0,2,90
42243,,,,0.0,0,92
42244,,,,0.0,0,92
42247,,,,0.0,0,92
42248,,,,0.0,0,92
42249,,,,0.0,0,92
42250,,,,0.0,0,92
42251,,,,0.0,0,92
42252,,,,0.0,0,92
42254,,,,0.0,0,92
42255,,,,0.0,0,92
42256,,,,0.0,0,92
42259,,,,0.0,0,92
42260,3.0,2.6457513110645907,2.0,6.0,3,89
42261,1.6666666666666667,1.1547005383792517,1.0,3.0,3,89
42266,1.0,0.0,1.0,1.0,2,90
42271,,,,0.0,0,92
42273,,,,0.0,0,92
42274,,,,0.0,0,92
42275,1.0,0.0,1.0,1.0,5,87
42276,,,,0.0,0,92
42277,2.0,0.0,2.0,2.0,3,89
42279,70.0,27.386127875258307,50.0,100.0,5,87
42280,20.0,,20.0,20.0,1,91
42283,,,,0.0,0,92
42284,,,,0.0,0,92
42285,1.0,,1.0,1.0,1,91
42286,,,,0.0,0,92
42287,1.0,,1.0,1.0,1,91
42289,,,,0.0,0,92
42290,,,,0.0,0,92
42291,,,,0.0,0,92
42292,7.0,7.0710678118654755,7.0,12.0,2,90
42293,3.3,2.1628170930011117,3.0,9.0,10,82
42294,3.25,1.2583057392117916,3.0,5.0,4,88
42295,,,,0.0,0,92
42296,,,,0.0,0,92
42297,,,,0.0,0,92
42298,,,,0.0,0,92
42299,,,,0.0,0,92
42300,,,,0.0,0,92
42301,36.0,,36.0,36.0,1,91
42302,1.0,,1.0,1.0,1,91
42303,1.5,0.7071067811865476,1.5,2.0,2,90
42304,,,,0.0,0,92
42305,1.8333333333333333,0.408248290463863,2.0,2.0,6,86
42306,1.75,0.9574271077563381,1.5,3.0,4,88
42307,1.0,,1.0,1.0,1,91
42308,10.0,,10.0,10.0,1,91
42309,,,,0.0,0,92
42312,1.0,,1.0,1.0,1,91
42317,,,,0.0,0,92
42318,,,,0.0,0,92
42319,,,,0.0,0,92
42320,,,,0.0,0,92
42321,1.3333333333333333,0.5773502691896257,1.0,2.0,3,89
42322,5.9,6.0635523141692005,3.0,20.0,10,82
42326,1.0,,1.0,1.0,1,91
42327,,,,0.0,0,92
42339,2.0,,2.0,2.0,1,91
42340,,,,0.0,0,92
42341,,,,0.0,0,92
42345,2.0,,2.0,2.0,1,91
42348,6.0,5.656854249492381,6.0,10.0,2,90
42350,,,,0.0,0,92
42351,1.0,,1.0,1.0,1,91
42396,,,,0.0,0,92
42399,,,,0.0,0,92
42400,,,,0.0,0,92
42452,,,,0.0,0,92
42453,,,,0.0,0,92
42454,12.777777777777779,3.6324157862838944,10.0,20.0,9,83
42456,,,,0.0,0,92
42459,1.0,,1.0,1.0,1,91
42460,2.3333333333333335,1.5275252316519465,2.0,4.0,3,89
42461,1.5,0.8366600265340756,1.0,3.0,6,86
42462,3.8333333333333335,1.3291601358251257,3.0,6.0,6,86
42467,1.5714285714285714,0.5345224838248488,2.0,2.0,7,85
42468,2.0,1.4142135623730951,2.0,3.0,2,90
42471,1.0,,1.0,1.0,1,91
42565,1.0,0.0,1.0,1.0,3,89
42568,,,,0.0,0,92
42572,,,,0.0,0,92
42573,,,,0.0,0,92
42574,,,,0.0,0,92
42575,1.0,0.0,1.0,1.0,2,90
42577,4.333333333333333,2.8867513459481287,6.0,6.0,3,89
42578,3.6666666666666665,1.1547005383792515,3.0,5.0,3,89
42579,,,,0.0,0,92
42580,1.0,,1.0,1.0,1,91
42588,3.6,1.6733200530681511,4.0,5.0,5,87
42589,,,,0.0,0,92
42590,,,,0.0,0,92
42591,,,,0.0,0,92
42592,4.75,3.774917217635375,3.5,10.0,4,88
42593,5.0,0.0,5.0,5.0,2,90
42594,3.0,,3.0,3.0,1,91
42596,,,,0.0,0,92
42597,,,,0.0,0,92
42598,,,,0.0,0,92
42599,,,,0.0,0,92
42600,,,,0.0,0,92
42601,,,,0.0,0,92
42603,,,,0.0,0,92
42605,2.0,,2.0,2.0,1,91
42611,2.0,0.0,2.0,2.0,2,90
42612,1.25,0.5,1.0,2.0,4,88
42614,1.5,0.7071067811865476,1.5,2.0,2,90
42617,,,,0.0,0,92
42618,,,,0.0,0,92
42619,,,,0.0,0,92
42620,1.4,0.8944271909999159,1.0,3.0,5,87
42621,1.3333333333333333,0.5163977794943223,1.0,2.0,6,86
42622,,,,0.0,0,92
42624,1.0,,1.0,1.0,1,91
42625,1.0,0.0,1.0,1.0,4,88
42626,1.625,1.407885953173359,1.0,5.0,8,84
42628,1.0,,1.0,1.0,1,91
42629,2.0,,2.0,2.0,1,91
42630,42.166666666666664,27.20238403099436,25.0,84.0,12,80
42631,1.0,,1.0,1.0,1,91
42632,1.0,,1.0,1.0,1,91
42636,7.0,7.0710678118654755,7.0,12.0,2,90
42637,2.4444444444444446,1.130388330520878,2.0,4.0,9,83
42638,,,,0.0,0,92
42639,5.0,5.656854249492381,5.0,9.0,2,90
42640,,,,0.0,0,92
42641,,,,0.0,0,92
42642,2.6666666666666665,1.1547005383792515,2.0,4.0,3,89
42643,,,,0.0,0,92
42644,,,,0.0,0,92
42646,1.0909090909090908,0.30151134457776363,1.0,2.0,11,81
42647,1.0,,1.0,1.0,1,91
42648,,,,0.0,0,92
42650,1.3333333333333333,0.5773502691896257,1.0,2.0,3,89
42651,1.4444444444444444,0.8819171036881969,1.0,3.0,9,83
42652,3.0,2.8284271247461903,3.0,5.0,2,90
42654,2.0,,2.0,2.0,1,91
42655,,,,0.0,0,92
42658,,,,0.0,0,92
42659,,,,0.0,0,92
42660,,,,0.0,0,92
42661,,,,0.0,0,92
42662,2.0,1.4142135623730951,2.0,3.0,2,90
42666,1.3333333333333333,0.5773502691896257,1.0,2.0,3,89
42667,4.0,,4.0,4.0,1,91
42669,1.0,0.0,1.0,1.0,2,90
42671,,,,0.0,0,92
42674,3.0,,3.0,3.0,1,91
42675,5.0,,5.0,5.0,1,91
42677,4.5,0.7071067811865476,4.5,5.0,2,90
42683,1.5,0.7071067811865476,1.5,2.0,2,90
42771,1.3333333333333333,0.5773502691896257,1.0,2.0,3,89
42773,1.0,,1.0,1.0,1,91
42774,1.0,0.0,1.0,1.0,3,89
42775,1.0,,1.0,1.0,1,91
42777,3.857142857142857,2.0354009783964297,3.0,7.0,7,85
42867,,,,0.0,0,92
42871,4.0,4.242640687119285,4.0,7.0,2,90
42967,1.0,,1.0,1.0,1,91
43366,,,,0.0,0,92
43367,,,,0.0,0,92
43368,,,,0.0,0,92
43369,,,,0.0,0,92
43370,,,,0.0,0,92
43469,,,,0.0,0,92
43470,,,,0.0,0,92
43472,4.0,,4.0,4.0,1,91
43480,1.0,0.0,1.0,1.0,2,90
43634,1.0,,1.0,1.0,1,91
43636,1.0,,1.0,1.0,1,91
43644,1.0,,1.0,1.0,1,91
43776,,,,0.0,0,92
43884,17.0,10.895222914329985,10.0,40.0,18,74
43885,1.0,,1.0,1.0,1,91
43887,7.909090909090909,5.448936510082412,10.0,20.0,11,81
43888,10.0,,10.0,10.0,1,91
43890,9.6,14.510095008057567,8.0,60.0,15,77
43893,,,,0.0,0,92
43896,,,,0.0,0,92
43898,20.0,,20.0,20.0,1,91
43901,2.0,,2.0,2.0,1,91
43909,,,,0.0,0,92
43983,,,,0.0,0,92
43993,1.0,,1.0,1.0,1,91
43996,,,,0.0,0,92
43997,,,,0.0,0,92
44004,,,,0.0,0,92
44011,2.0,,2.0,2.0,1,91
44013,1.5,0.7071067811865476,1.5,2.0,2,90
44015,1.0,0.0,1.0,1.0,2,90
44022,1.0,,1.0,1.0,1,91
44023,,,,0.0,0,92
44024,3.727272727272727,2.866737137963964,4.0,8.0,11,81
44025,,,,0.0,0,92
44026,,,,0.0,0,92
44028,,,,0.0,0,92
44033,2.0,0.0,2.0,2.0,2,90
44034,2.0,0.0,2.0,2.0,4,88
44039,1.6666666666666667,0.5773502691896257,2.0,2.0,3,89
44040,1.0,0.0,1.0,1.0,3,89
44043,1.5,0.5477225575051661,1.5,2.0,6,86
44044,1.0,0.0,1.0,1.0,2,90
44045,1.0,0.0,1.0,1.0,3,89
44046,,,,0.0,0,92
44047,,,,0.0,0,92
44048,1.0,,1.0,1.0,1,91
44067,1.0,,1.0,1.0,1,91
44077,,,,0.0,0,92
44093,,,,0.0,0,92
44102,,,,0.0,0,92
44107,3.0,1.4142135623730951,3.5,4.0,4,88
44108,1.0,,1.0,1.0,1,91
44110,1.0,0.0,1.0,1.0,2,90
44112,1.0,,1.0,1.0,1,91
44118,1.0,,1.0,1.0,1,91
44120,5.5,0.7071067811865476,5.5,6.0,2,90
44186,,,,0.0,0,92
44187,1.0,0.0,1.0,1.0,3,89
44188,,,,0.0,0,92
44190,1.0,0.0,1.0,1.0,2,90
44191,1.3333333333333333,0.5773502691896257,1.0,2.0,3,89
44192,1.0,,1.0,1.0,1,91
44194,1.8888888888888888,1.6158932858054427,1.0,6.0,9,83
44196,,,,0.0,0,92
44197,1.0,,1.0,1.0,1,91
44199,1.0,0.0,1.0,1.0,3,89
44204,,,,0.0,0,92
44205,2.0,,2.0,2.0,1,91
44207,1.0,0.0,1.0,1.0,2,90
44208,2.0,1.0,2.0,3.0,3,89
44209,,,,0.0,0,92
44210,2.142857142857143,1.2149857925879117,2.0,4.0,7,85
44211,,,,0.0,0,92
44212,1.75,0.5,2.0,2.0,4,88
44214,1.5,0.5773502691896257,1.5,2.0,4,88
44217,1.5,0.7071067811865476,1.5,2.0,2,90
44220,2.0,0.8944271909999159,2.0,3.0,6,86
44221,,,,0.0,0,92
44222,1.0,0.0,1.0,1.0,2,90
44224,1.3333333333333333,0.5773502691896257,1.0,2.0,3,89
44225,2.0,,2.0,2.0,1,91
44227,1.0,,1.0,1.0,1,91
44230,1.4,0.5477225575051661,1.0,2.0,5,87
44231,4.0,2.8284271247461903,4.0,6.0,2,90
44232,5.5,1.2909944487358056,5.5,7.0,4,88
44235,2.75,1.9086270308410553,2.0,5.0,8,84
44236,4.0,,4.0,4.0,1,91
44237,1.0,0.0,1.0,1.0,2,90
44238,1.8,1.3038404810405297,1.0,4.0,5,87
44243,1.0,0.0,1.0,1.0,2,90
44245,1.0,0.0,1.0,1.0,3,89
44246,,,,0.0,0,92
44247,,,,0.0,0,92
44249,1.0,0.0,1.0,1.0,4,88
44251,1.0,,1.0,1.0,1,91
44253,3.0,,3.0,3.0,1,91
44256,,,,0.0,0,92
44257,,,,0.0,0,92
44258,,,,0.0,0,92
44259,1.0,,1.0,1.0,1,91
44260,,,,0.0,0,92
44262,,,,0.0,0,92
44263,,,,0.0,0,92
44365,2.0,,2.0,2.0,1,91
44367,8.0,,8.0,8.0,1,91
44368,,,,0.0,0,92
44369,1.1818181818181819,0.40451991747794525,1.0,2.0,11,81
44371,,,,0.0,0,92
44372,,,,0.0,0,92
44373,,,,0.0,0,92
44374,1.0,,1.0,1.0,1,91
44375,1.0,,1.0,1.0,1,91
44378,,,,0.0,0,92
44379,2.142857142857143,1.4638501094227998,2.0,5.0,7,85
44380,,,,0.0,0,92
44381,,,,0.0,0,92
44382,,,,0.0,0,92
44383,3.0,,3.0,3.0,1,91
44385,1.0,,1.0,1.0,1,91
44386,,,,0.0,0,92
44389,1.0,0.0,1.0,1.0,2,90
44390,,,,0.0,0,92
44395,1.0,,1.0,1.0,1,91
44396,1.5,0.8498365855987975,1.0,3.0,10,82
44397,,,,0.0,0,92
44398,1.0,,1.0,1.0,1,91
44401,1.0,0.0,1.0,1.0,3,89
44402,3.0,1.4142135623730951,3.0,4.0,2,90
44404,2.25,1.2583057392117916,2.0,4.0,4,88
44405,1.3333333333333333,0.5773502691896257,1.0,2.0,3,89
44412,2.0,1.0,2.0,3.0,3,89
44415,,,,0.0,0,92
44417,4.5,0.7071067811865476,4.5,5.0,2,90
44419,,,,0.0,0,92
44420,1.0,,1.0,1.0,1,91
44421,1.2857142857142858,0.48795003647426666,1.0,2.0,7,85
44426,1.3,0.48304589153964794,1.0,2.0,10,82
44427,1.0,,1.0,1.0,1,91
44434,1.0,0.0,1.0,1.0,3,89
44439,1.5,0.7071067811865476,1.5,2.0,2,90
44440,1.0,,1.0,1.0,1,91
44447,1.0,,1.0,1.0,1,91
44449,1.0,,1.0,1.0,1,91
44451,1.0,,1.0,1.0,1,91
44452,1.0,0.0,1.0,1.0,2,90
44586,2.0,,2.0,2.0,1,91
44588,,,,0.0,0,92
44594,1.9,1.1972189997378648,1.0,4.0,10,82
44595,5.0,1.4142135623730951,5.0,6.0,2,90
44599,1.0,,1.0,1.0,1,91
44601,1.0,0.0,1.0,1.0,2,90
44607,2.0,,2.0,2.0,1,91
44611,1.0,,1.0,1.0,1,91
44626,1.0,,1.0,1.0,1,91
44627,1.0,0.0,1.0,1.0,2,90
44629,1.0,0.0,1.0,1.0,2,90
44630,1.0,0.0,1.0,1.0,2,90
44631,1.5,0.7071067811865476,1.5,2.0,2,90
44633,,,,0.0,0,92
44634,1.0,,1.0,1.0,1,91
44638,1.0,,1.0,1.0,1,91
44650,,,,0.0,0,92
44657,1.25,0.5,1.0,2.0,4,88
44661,1.0,0.0,1.0,1.0,2,90
44662,1.6666666666666667,0.5773502691896257,2.0,2.0,3,89
44675,,,,0.0,0,92
44678,,,,0.0,0,92
44679,1.0,,1.0,1.0,1,91
44697,1.0,,1.0,1.0,1,91
44698,2.0,0.0,2.0,2.0,2,90
44699,2.0,1.7320508075688772,1.0,4.0,3,89
44711,1.0,,1.0,1.0,1,91
44784,,,,0.0,0,92
44785,1.6666666666666667,1.0327955589886446,1.0,3.0,6,86
44786,1.0,,1.0,1.0,1,91
44787,,,,0.0,0,92
44788,,,,0.0,0,92
44789,,,,0.0,0,92
44790,1.0,,1.0,1.0,1,91
44791,1.0,,1.0,1.0,1,91
44792,1.0,,1.0,1.0,1,91
44793,,,,0.0,0,92
44794,,,,0.0,0,92
44795,,,,0.0,0,92
44890,1.25,0.5,1.0,2.0,4,88
44891,,,,0.0,0,92
44899,5.5,6.363961030678928,5.5,10.0,2,90
44900,10.0,,10.0,10.0,1,91
44904,1.0,,1.0,1.0,1,91
44907,15.0,7.0710678118654755,15.0,20.0,2,90
44908,37.0,23.345235059857504,50.0,60.0,5,87
44909,25.375,16.291430701007027,30.0,50.0,8,84
44910,25.333333333333332,15.832456116050556,25.0,50.0,6,86
44911,10.0,,10.0,10.0,1,91
44918,30.0,,30.0,30.0,1,91
44920,3.0,,3.0,3.0,1,91
44949,1.0,,1.0,1.0,1,91
44961,10.0,2.8284271247461903,10.0,12.0,2,90
44962,5.0,3.4641016151377544,3.0,9.0,3,89
44967,1.0,,1.0,1.0,1,91
44968,3.0,0.0,3.0,3.0,2,90
44970,2.5,0.7071067811865476,2.5,3.0,2,90
44972,2.0,1.224744871391589,2.0,4.0,5,87
44973,1.0,0.0,1.0,1.0,3,89
44974,1.0,,1.0,1.0,1,91
44975,2.0,1.0,2.0,3.0,3,89
44982,1.0,,1.0,1.0,1,91
44986,,,,0.0,0,92
44987,,,,0.0,0,92
44988,1.0,,1.0,1.0,1,91
44993,1.0,0.0,1.0,1.0,2,90
45001,2.0,1.4142135623730951,2.0,3.0,2,90
45002,1.0,,1.0,1.0,1,91
45003,,,,0.0,0,92
45022,,,,0.0,0,92
45024,,,,0.0,0,92
45025,5.666666666666667,1.6583123951777,5.0,10.0,9,83
45026,5.913043478260869,4.851551237193587,5.0,20.0,23,69
45035,2.0,,2.0,2.0,1,91
45037,7.0,3.6209268304000717,6.5,13.0,10,82
45038,4.5,3.5355339059327378,4.5,7.0,2,90
45039,,,,0.0,0,92
45054,2.5,0.7071067811865476,2.5,3.0,2,90
45055,1.5714285714285714,0.5345224838248488,2.0,2.0,7,85
45086,1.0,,1.0,1.0,1,91
45090,1.0,0.0,1.0,1.0,4,88
45091,2.0,,2.0,2.0,1,91
45092,1.0,0.0,1.0,1.0,3,89
45093,2.0,0.0,2.0,2.0,2,90
45107,8.34375,6.1361402967937,5.0,21.0,32,60
45108,2.0,0.0,2.0,2.0,2,90
45109,4.333333333333333,1.2110601416389966,5.0,5.0,6,86
45112,3.4545454545454546,2.9449494516421275,2.0,12.0,11,81
45193,,,,0.0,0,92
45205,1.0,,1.0,1.0,1,91
45222,5.375,5.974648824109127,4.0,20.0,8,84
45237,2.0,,2.0,2.0,1,91
45240,1.0,0.0,1.0,1.0,2,90
45241,5.5,6.363961030678928,5.5,10.0,2,90
45242,1.75,0.7071067811865476,2.0,3.0,8,84
45245,3.142857142857143,3.184785258515422,2.0,10.0,7,85
45255,1.0,0.0,1.0,1.0,2,90
45256,,,,0.0,0,92
45257,1.0,,1.0,1.0,1,91
45258,,,,0.0,0,92
45277,1.3333333333333333,0.5773502691896257,1.0,2.0,3,89
45302,2.5,1.0,2.0,4.0,4,88
45309,11.0,18.991226044325487,4.0,54.0,7,85
45318,3.375,2.1998376563477846,3.0,8.0,8,84
45360,1.0,0.0,1.0,1.0,2,90
45372,,,,0.0,0,92
45381,3.0,,3.0,3.0,1,91
45383,1.0,,1.0,1.0,1,91
45384,1.0,,1.0,1.0,1,91
45385,6.0,,6.0,6.0,1,91
45387,1.0,,1.0,1.0,1,91
45389,,,,0.0,0,92
45391,3.0,,3.0,3.0,1,91
45394,1.0,0.0,1.0,1.0,2,90
45397,3.3333333333333335,1.1547005383792515,4.0,4.0,3,89
45399,1.0,0.0,1.0,1.0,3,89
45400,1.0,,1.0,1.0,1,91
45401,1.0,,1.0,1.0,1,91
45403,1.0,,1.0,1.0,1,91
45406,1.5,0.7071067811865476,1.5,2.0,2,90
45495,,,,0.0,0,92
45496,2.0,,2.0,2.0,1,91
45497,,,,0.0,0,92
45499,2.5,1.9148542155126762,2.0,5.0,4,88
45500,,,,0.0,0,92
45501,,,,0.0,0,92
45502,,,,0.0,0,92
45506,,,,0.0,0,92
45516,1.0,0.0,1.0,1.0,2,90
45518,1.0,,1.0,1.0,1,91
45520,1.0,,1.0,1.0,1,91
45529,1.0,,1.0,1.0,1,91
45544,1.0,,1.0,1.0,1,91
45547,,,,0.0,0,92
45553,1.0,,1.0,1.0,1,91
45555,,,,0.0,0,92
45556,,,,0.0,0,92
45559,1.5,0.7071067811865476,1.5,2.0,2,90
45560,1.0,,1.0,1.0,1,91
45566,1.0,,1.0,1.0,1,91
45568,,,,0.0,0,92
45573,,,,0.0,0,92
45583,4.857142857142857,5.871642911161277,2.0,16.0,7,85
45589,1.0,,1.0,1.0,1,91
45592,,,,0.0,0,92
45593,,,,0.0,0,92
45594,2.2,1.7888543819998317,1.0,5.0,5,87
45595,6.0,,6.0,6.0,1,91
45607,2.5,2.1213203435596424,2.5,4.0,2,90
45699,1.0,0.0,1.0,1.0,2,90
45700,1.0,,1.0,1.0,1,91
45839,,,,0.0,0,92
45842,,,,0.0,0,92
45844,,,,0.0,0,92
45848,,,,0.0,0,92
45859,,,,0.0,0,92
46203,,,,0.0,0,92
46204,,,,0.0,0,92
46205,,,,0.0,0,92
46206,2.8421052631578947,2.3395906074624073,2.0,10.0,19,73
46208,,,,0.0,0,92
46209,,,,0.0,0,92
46210,3.75,2.8722813232690143,2.5,8.0,4,88
46212,1.0,,1.0,1.0,1,91
46213,,,,0.0,0,92
46214,,,,0.0,0,92
46216,5.5,6.363961030678928,5.5,10.0,2,90
46217,5.5,6.363961030678928,5.5,10.0,2,90
46218,,,,0.0,0,92
46219,,,,0.0,0,92
46220,,,,0.0,0,92
46221,1.0,,1.0,1.0,1,91
46222,,,,0.0,0,92
46318,,,,0.0,0,92
46319,,,,0.0,0,92
46321,3.1379310344827585,2.20404950960144,2.0,11.0,58,34
46322,,,,0.0,0,92
46333,,,,0.0,0,92
46340,,,,0.0,0,92
46342,3.0,3.366501646120693,1.5,8.0,4,88
46343,,,,0.0,0,92
46344,3.75,2.8722813232690143,2.5,8.0,4,88
46345,1.0,,1.0,1.0,1,91
46349,2.0,,2.0,2.0,1,91
46351,3.0,,3.0,3.0,1,91
46352,,,,0.0,0,92
46357,1.6666666666666667,0.5773502691896257,2.0,2.0,3,89
46359,1.5,0.7071067811865476,1.5,2.0,2,90
46370,3.25,4.5,1.0,10.0,4,88
46372,,,,0.0,0,92
46374,2.0,,2.0,2.0,1,91
46375,9.0,8.48528137423857,9.0,15.0,2,90
46376,5.75,0.9574271077563381,5.5,7.0,4,88
46386,2.0,1.4142135623730951,2.0,3.0,2,90
46388,,,,0.0,0,92
46389,,,,0.0,0,92
46390,,,,0.0,0,92
46394,4.0,1.4142135623730951,4.0,5.0,2,90
46395,,,,0.0,0,92
46396,,,,0.0,0,92
46397,,,,0.0,0,92
46398,5.0,,5.0,5.0,1,91
46399,,,,0.0,0,92
46400,,,,0.0,0,92
46401,,,,0.0,0,92
46402,1.0,,1.0,1.0,1,91
46403,,,,0.0,0,92
46404,,,,0.0,0,92
46405,1.0,,1.0,1.0,1,91
46406,1.0,,1.0,1.0,1,91
48010,1.0,,1.0,1.0,1,91
48213,2.3333333333333335,2.3094010767585034,1.0,5.0,3,89
48214,2.6666666666666665,2.886751345948129,1.0,6.0,3,89
48215,2.3333333333333335,2.3094010767585034,1.0,5.0,3,89
48216,,,,0.0,0,92
48221,1.8571428571428572,1.1526367287968178,2.0,5.0,21,71
48227,1.0,,1.0,1.0,1,91
48230,1.0,0.0,1.0,1.0,3,89
48231,1.6923076923076923,0.9501757774733923,1.0,5.0,39,53
48232,1.0,0.0,1.0,1.0,4,88
48233,1.0,,1.0,1.0,1,91
48234,1.0,,1.0,1.0,1,91
48238,1.8,1.788854381999832,1.0,5.0,5,87
48239,5.136363636363637,3.522653958181375,5.0,13.0,22,70
48240,3.611111111111111,2.5699368014405906,2.5,8.0,18,74
48241,1.0,0.0,1.0,1.0,4,88
48242,1.0,,1.0,1.0,1,91
48243,2.0,1.0,2.0,3.0,3,89
48247,1.2666666666666666,0.5799686511904211,1.0,4.0,45,47
48249,1.25,0.5,1.0,2.0,4,88
48250,1.5,0.7071067811865476,1.5,2.0,2,90
48252,1.8,1.3984117975602022,1.0,5.0,10,82
48253,1.0,,1.0,1.0,1,91
48258,1.5,0.7071067811865476,1.5,2.0,2,90
48260,2.3333333333333335,2.3094010767585034,1.0,5.0,3,89
48273,11.792682926829269,9.082254852560867,9.5,49.0,82,10
48274,4.0,2.8284271247461903,4.0,6.0,2,90
48277,4.0,,4.0,4.0,1,91
48280,,,,0.0,0,92
48281,2.25,1.0350983390135313,2.0,4.0,8,84
48282,1.3333333333333333,0.5163977794943223,1.0,2.0,6,86
48283,2.0689655172413794,1.193166090784114,2.0,5.0,29,63
48284,3.0,1.4142135623730951,3.0,4.0,2,90
48286,1.0,,1.0,1.0,1,91
48287,1.2222222222222223,0.4409585518440984,1.0,2.0,9,83
48289,1.3333333333333333,0.5163977794943223,1.0,2.0,6,86
48290,1.4545454545454546,1.5075567228888178,1.0,6.0,11,81
48291,2.0,,2.0,2.0,1,91
48292,1.8333333333333333,1.2477622245867563,1.0,6.0,42,50
48293,1.173913043478261,0.3875533878815898,1.0,2.0,23,69
48295,1.9375,1.2365947867699696,1.0,4.0,16,76
48296,1.0,,1.0,1.0,1,91
48298,1.0,,1.0,1.0,1,91
48299,1.0,,1.0,1.0,1,91
48301,1.0,,1.0,1.0,1,91
48302,2.4545454545454546,1.5724907862137931,2.0,6.0,11,81
48303,3.608695652173913,2.3988725209941184,3.0,10.0,46,46
48311,1.7142857142857142,1.0690449676496974,1.5,5.0,14,78
48312,1.3333333333333333,0.6172133998483676,1.0,3.0,15,77
48313,1.0,0.0,1.0,1.0,3,89
48314,1.0,0.0,1.0,1.0,3,89
48315,3.8461538461538463,2.3750843439814178,3.0,10.0,13,79
48316,2.0,1.0954451150103321,2.0,4.0,6,86
48317,2.0,,2.0,2.0,1,91
48321,1.0,,1.0,1.0,1,91
48322,1.0,,1.0,1.0,1,91
48323,1.4,0.5477225575051661,1.0,2.0,5,87
48324,2.0,,2.0,2.0,1,91
48325,2.119047619047619,1.5174172690492314,1.5,7.0,42,50
48326,1.6666666666666667,0.7071067811865476,2.0,3.0,9,83
48328,1.0,0.0,1.0,1.0,2,90
48330,11.963855421686747,9.421622488738636,9.0,47.0,83,9
48331,1.25,0.5,1.0,2.0,4,88
48332,2.0,1.4142135623730951,1.5,4.0,4,88
48517,1.0,,1.0,1.0,1,91
48522,2.395348837209302,1.4982455594353228,2.0,6.0,43,49
48523,1.0,0.0,1.0,1.0,2,90
48524,1.0,,1.0,1.0,1,91
48525,3.3676470588235294,2.3809217565654572,2.5,10.0,68,24
48526,1.0,0.0,1.0,1.0,4,88
48527,3.5285714285714285,2.3512033833542514,3.0,9.0,70,22
48528,1.434782608695652,0.5897678246195884,1.0,3.0,23,69
48529,1.2,0.44721359549995804,1.0,2.0,5,87
48530,2.2045454545454546,1.4399538987217524,2.0,6.0,44,48
48532,1.0,0.0,1.0,1.0,4,88
48533,1.0,0.0,1.0,1.0,9,83
48534,3.022727272727273,2.8406405792768377,2.0,12.0,44,48
48535,1.8333333333333333,1.3423437683592194,1.0,8.0,54,38
48536,1.7894736842105263,1.2727462594467416,1.0,5.0,19,73
48537,1.2857142857142858,0.46880723093849547,1.0,2.0,14,78
48539,1.7096774193548387,1.1311807514597825,1.0,6.0,31,61
48540,1.6666666666666667,0.5773502691896257,2.0,2.0,3,89
48541,1.0,,1.0,1.0,1,91
48542,2.6666666666666665,1.7961599250040283,2.0,8.0,57,35
48543,1.3333333333333333,0.5773502691896257,1.0,2.0,3,89
48544,1.0,0.0,1.0,1.0,2,90
48556,1.0,0.0,1.0,1.0,2,90
48558,1.0,,1.0,1.0,1,91
48559,1.0,,1.0,1.0,1,91
48560,1.0,,1.0,1.0,1,91
48566,1.0,,1.0,1.0,1,91
48567,1.0,,1.0,1.0,1,91
48568,1.0,,1.0,1.0,1,91
48569,1.0,,1.0,1.0,1,91
48571,1.0,,1.0,1.0,1,91
48573,1.0,,1.0,1.0,1,91
48574,1.0,,1.0,1.0,1,91
48575,1.0,,1.0,1.0,1,91
48576,1.0,,1.0,1.0,1,91
48577,1.0,,1.0,1.0,1,91
48580,1.0,,1.0,1.0,1,91
48582,1.0,,1.0,1.0,1,91
48583,1.0,,1.0,1.0,1,91
48588,1.0,,1.0,1.0,1,91
48590,1.0,,1.0,1.0,1,91
48591,1.0,,1.0,1.0,1,91
48592,1.0,,1.0,1.0,1,91
48593,1.0,,1.0,1.0,1,91
48602,1.0,,1.0,1.0,1,91
48609,1.0,,1.0,1.0,1,91
48610,1.0,,1.0,1.0,1,91
48611,1.0,,1.0,1.0,1,91
48612,1.0,,1.0,1.0,1,91
48613,1.0,,1.0,1.0,1,91
48614,1.0,,1.0,1.0,1,91
48618,,,,0.0,0,92
48619,1.0,,1.0,1.0,1,91
48625,,,,0.0,0,92
48632,1.2,0.42163702135578396,1.0,2.0,10,82
48633,1.3333333333333333,0.5,1.0,2.0,9,83
48634,1.0,0.0,1.0,1.0,2,90
48635,1.0,,1.0,1.0,1,91
48636,4.186046511627907,3.2312154130302435,3.0,14.0,43,49
48637,15.217948717948717,13.866382252648194,11.5,65.0,78,14
48638,9.41891891891892,9.209891580515086,6.0,37.0,74,18
48639,3.066666666666667,1.8997607504869947,2.0,9.0,45,47
48640,1.1428571428571428,0.3779644730092273,1.0,2.0,7,85
48641,3.611111111111111,0.9164438231805327,4.0,5.0,18,74
48642,2.5,2.3804761428476167,1.5,6.0,4,88
48643,,,,0.0,0,92
48644,1.0,,1.0,1.0,1,91
48647,,,,0.0,0,92
48648,1.9230769230769231,1.1875421719907089,1.0,4.0,13,79
48649,3.441860465116279,1.943270752664611,3.0,8.0,43,49
48650,3.710526315789474,2.2887255362690047,3.0,11.0,38,54
48651,2.4375,1.547847968417226,2.0,6.0,16,76
48652,1.0,0.0,1.0,1.0,4,88
48653,1.2727272727272727,0.46709936649691375,1.0,2.0,11,81
48654,4.6923076923076925,3.198557367121814,5.0,12.0,13,79
48656,,,,0.0,0,92
48659,2.0,1.4142135623730951,2.0,3.0,2,90
48660,4.045454545454546,4.292599087546718,3.0,20.0,22,70
48661,2.0606060606060606,1.730956995772027,1.0,8.0,33,59
48662,1.5714285714285714,1.133893419027682,1.0,4.0,7,85
48663,2.5,1.6733200530681511,2.0,6.0,16,76
48664,2.2,1.398411797560202,2.0,5.0,10,82
48665,3.0,2.0,3.0,5.0,3,89
48667,1.0,0.0,1.0,1.0,2,90
48672,1.0,,1.0,1.0,1,91
48673,1.0,,1.0,1.0,1,91
48674,4.115384615384615,2.819079575516095,3.0,14.0,52,40
48675,8.144578313253012,7.457411651472912,5.0,33.0,83,9
48676,6.23943661971831,4.373507218738084,5.0,21.0,71,21
48677,3.4583333333333335,1.7440374613713625,3.5,7.0,24,68
48678,3.4285714285714284,1.8126539343499315,4.0,5.0,7,85
48679,2.8,1.3038404810405297,2.0,5.0,5,87
48680,1.5,0.7071067811865476,1.5,2.0,2,90
48683,2.0,1.4142135623730951,2.0,3.0,2,90
48684,1.6666666666666667,0.5773502691896257,2.0,2.0,3,89
48685,1.0,0.0,1.0,1.0,2,90
48686,1.0,,1.0,1.0,1,91
48687,1.0,0.0,1.0,1.0,3,89
48688,1.3333333333333333,0.5163977794943223,1.0,2.0,6,86
48689,3.4545454545454546,2.1148823307047775,4.0,7.0,11,81
48690,1.25,0.5,1.0,2.0,4,88
48691,1.4,0.6992058987801011,1.0,3.0,10,82
48692,5.695652173913044,5.530368906063514,3.0,19.0,23,69
48693,2.0,1.7320508075688772,1.0,4.0,3,89
48694,,,,0.0,0,92
48696,1.3333333333333333,0.5163977794943223,1.0,2.0,6,86
48700,1.0,0.0,1.0,1.0,2,90
48701,2.0,0.0,2.0,2.0,2,90
48702,1.5555555555555556,0.7264831572567789,1.0,3.0,9,83
48703,1.5714285714285714,0.646206172658864,1.5,3.0,14,78
48704,1.0909090909090908,0.30151134457776363,1.0,2.0,11,81
48705,1.5,0.5270462766947299,1.5,2.0,10,82
48706,1.0,0.0,1.0,1.0,3,89
48707,3.0,2.8284271247461903,3.0,5.0,2,90
48712,1.0,0.0,1.0,1.0,3,89
48713,2.393939393939394,2.1497004724407818,2.0,10.0,33,59
48714,1.8333333333333333,1.1690451944500122,1.5,4.0,6,86
48715,1.894736842105263,0.9365858115816941,2.0,4.0,19,73
48716,1.8666666666666667,1.0600988273786194,2.0,4.0,15,77
48717,1.4,0.5477225575051661,1.0,2.0,5,87
48719,5.681159420289855,4.444073229737585,4.0,22.0,69,23
48720,21.477272727272727,17.59961942687233,15.5,104.0,88,4
48721,4.507042253521127,3.7753835734611876,4.0,21.0,71,21
48722,12.752808988764045,9.107041355302556,10.0,43.0,89,3
48723,1.7857142857142858,1.1974399500026858,1.0,5.0,28,64
48724,1.0,,1.0,1.0,1,91
48725,2.1818181818181817,1.3280197150781925,2.0,5.0,11,81
48727,1.3333333333333333,0.5773502691896257,1.0,2.0,3,89
48728,2.8260869565217392,2.3287174369566115,2.0,9.0,23,69
48730,1.6666666666666667,0.816496580927726,1.5,3.0,6,86
48731,1.6,1.0749676997731399,1.0,4.0,10,82
48732,2.6666666666666665,1.591644851508443,2.0,7.0,21,71
48733,1.5,0.7071067811865476,1.5,2.0,2,90
48734,1.25,0.5,1.0,2.0,4,88
48735,1.7142857142857142,1.1126972805283735,1.0,4.0,7,85
48739,1.4285714285714286,0.5345224838248488,1.0,2.0,7,85
48746,1.0,,1.0,1.0,1,91
48747,1.0,,1.0,1.0,1,91
48753,,,,0.0,0,92
48754,1.0,,1.0,1.0,1,91
48757,1.0,,1.0,1.0,1,91
48762,2.8,3.7834224868874626,2.0,16.0,15,77
48764,1.5,0.7071067811865476,1.5,2.0,2,90
48765,2.625,1.438976085247091,2.0,7.0,24,68
48766,2.0,1.118033988749895,2.0,4.0,9,83
48767,4.5423728813559325,3.6166379600983447,4.0,14.0,59,33
48768,2.75,1.4375905768565218,2.0,5.0,16,76
48769,1.0,,1.0,1.0,1,91
48770,1.3333333333333333,0.5773502691896257,1.0,2.0,3,89
48776,1.0,0.0,1.0,1.0,6,86
48779,1.1363636363636365,0.4675625290960757,1.0,3.0,22,70
48780,1.7380952380952381,1.013555052459912,1.0,5.0,42,50
48784,1.0,0.0,1.0,1.0,2,90
48786,,,,0.0,0,92
48789,1.0,0.0,1.0,1.0,2,90
48792,2.0,,2.0,2.0,1,91
48793,1.25,0.5,1.0,2.0,4,88
48801,1.0,,1.0,1.0,1,91
48802,1.0,,1.0,1.0,1,91
48821,1.4285714285714286,0.5345224838248488,1.0,2.0,7,85
48822,2.0,,2.0,2.0,1,91
48823,1.0,0.0,1.0,1.0,2,90
48828,,,,0.0,0,92
48833,3.5,2.5071326821120348,2.5,7.0,8,84
48834,1.5,0.7071067811865476,1.5,2.0,2,90
48835,1.0,,1.0,1.0,1,91
48837,2.15,1.631111987507134,2.0,8.0,20,72
48838,1.25,0.7071067811865476,1.0,3.0,8,84
48839,3.0,,3.0,3.0,1,91
48846,1.3333333333333333,0.5773502691896257,1.0,2.0,3,89
48847,1.1428571428571428,0.37796447300922725,1.0,2.0,7,85
48850,4.0,4.242640687119285,4.0,7.0,2,90
48851,1.0,,1.0,1.0,1,91
48854,1.0,,1.0,1.0,1,91
48855,1.5,0.5773502691896257,1.5,2.0,4,88
48856,1.2307692307692308,0.4385290096535146,1.0,2.0,13,79
48859,2.0,1.3228756555322954,1.0,4.0,9,83
48863,2.672727272727273,1.5641178492890637,2.0,7.0,55,37
48864,1.5714285714285714,0.8516306272526403,1.0,4.0,14,78
48865,1.8,1.3540064007726602,1.0,6.0,25,67
48866,1.4444444444444444,0.7838233761296739,1.0,4.0,18,74
48867,7.105882352941176,4.056222525511957,6.0,20.0,85,7
48868,2.842857142857143,2.184502160548484,2.0,13.0,70,22
48869,3.0128205128205128,1.9439789811246109,3.0,12.0,78,14
48870,2.4814814814814814,1.4372502669470175,2.0,7.0,54,38
48871,2.6923076923076925,1.9077935195823275,2.0,9.0,39,53
48872,1.5833333333333333,0.7929614610987591,1.0,3.0,12,80
48873,2.142857142857143,1.0994504121565505,2.0,4.0,14,78
48874,1.6,0.8432740427115678,1.0,3.0,10,82
48875,3.7246376811594204,3.484773846873476,3.0,20.0,69,23
48876,2.2325581395348837,2.169454718656561,2.0,13.0,43,49
48877,2.6136363636363638,2.580931047896432,2.0,12.0,44,48
48878,1.5517241379310345,0.909717652294684,1.0,5.0,29,63
48879,2.1818181818181817,1.1677484162422844,2.0,5.0,11,81
48880,1.3333333333333333,0.9660917830792959,1.0,5.0,21,71
48881,1.0,0.0,1.0,1.0,2,90
48882,1.5,0.7071067811865476,1.5,2.0,2,90
48883,1.1666666666666667,0.408248290463863,1.0,2.0,6,86
48885,1.0,0.0,1.0,1.0,7,85
48886,1.0,,1.0,1.0,1,91
48887,3.0,,3.0,3.0,1,91
48889,3.0,,3.0,3.0,1,91
48890,3.0,,3.0,3.0,1,91
48891,3.0,,3.0,3.0,1,91
48892,3.0,,3.0,3.0,1,91
48893,3.0,,3.0,3.0,1,91
48894,1.0,,1.0,1.0,1,91
48895,3.0,,3.0,3.0,1,91
48897,2.0,1.4142135623730951,2.0,3.0,2,90
48898,3.0,,3.0,3.0,1,91
48899,3.0,,3.0,3.0,1,91
48900,3.0,,3.0,3.0,1,91
48901,2.0,,2.0,2.0,1,91
48902,2.0,,2.0,2.0,1,91
48903,2.0,,2.0,2.0,1,91
48904,2.0,,2.0,2.0,1,91
48905,3.0,,3.0,3.0,1,91
48907,3.0,,3.0,3.0,1,91
48909,3.0,,3.0,3.0,1,91
48911,2.0,1.4142135623730951,2.0,3.0,2,90
48912,2.6666666666666665,2.081665999466133,2.0,5.0,3,89
48913,2.375,2.326094212561969,1.0,7.0,8,84
48914,2.5,1.9748417658131499,1.5,5.0,6,86
48915,3.0,2.345207879911715,2.0,6.0,5,87
48916,2.25,1.8929694486000912,1.5,5.0,4,88
48917,1.0,,1.0,1.0,1,91
48918,5.0,,5.0,5.0,1,91
48919,7.333333333333333,7.76745346515403,5.0,16.0,3,89
48920,2.8,2.4899799195977463,1.0,6.0,5,87
48921,3.0,2.345207879911715,2.0,6.0,5,87
48922,4.0,1.4142135623730951,4.0,5.0,2,90
48923,,,,0.0,0,92
48924,1.0,,1.0,1.0,1,91
48925,5.666666666666667,0.5773502691896258,6.0,6.0,3,89
48926,3.888888888888889,4.594682917363407,1.0,15.0,9,83
48927,5.0,0.0,5.0,5.0,2,90
48928,5.0,,5.0,5.0,1,91
48929,1.0,0.0,1.0,1.0,2,90
48930,1.6666666666666667,0.5773502691896257,2.0,2.0,3,89
48931,2.6,2.1908902300206647,1.0,5.0,5,87
48932,3.6666666666666665,2.3094010767585034,5.0,5.0,3,89
48933,3.5,2.3804761428476167,3.5,6.0,4,88
48934,2.25,1.8929694486000912,1.5,5.0,4,88
48935,5.0,0.0,5.0,5.0,2,90
48936,4.4,6.06630035524124,1.0,15.0,5,87
48937,5.75,7.088723439378913,3.0,16.0,4,88
48938,5.666666666666667,8.082903768654761,1.0,15.0,3,89
48939,3.0,2.8284271247461903,3.0,5.0,2,90
48940,2.3333333333333335,2.3094010767585034,1.0,5.0,3,89
48941,2.4,1.6733200530681511,2.0,5.0,5,87
48942,4.0,4.242640687119285,2.5,10.0,4,88
48943,3.0,2.309401076758503,3.0,5.0,4,88
48944,3.8,4.764451699828638,1.0,12.0,5,87
48945,3.5,3.3166247903554,2.5,8.0,4,88
48946,3.0,2.8284271247461903,3.0,5.0,2,90
48947,4.2,2.489979919597747,4.0,8.0,5,87
48948,4.333333333333333,3.511884584284246,4.0,8.0,3,89
48949,4.0,2.943920288775949,3.5,8.0,4,88
48950,3.0,2.309401076758503,3.0,5.0,4,88
48951,8.0,,8.0,8.0,1,91
48952,5.0,,5.0,5.0,1,91
48953,3.142857142857143,2.193062655175134,3.0,6.0,7,85
48954,6.666666666666667,7.371114795831994,4.0,15.0,3,89
48955,4.8,5.848076606885378,3.0,15.0,5,87
48956,4.5,4.949747468305833,4.5,8.0,2,90
48957,5.0,0.0,5.0,5.0,2,90
48958,5.0,,5.0,5.0,1,91
48992,,,,0.0,0,92
49018,1.6666666666666667,1.1547005383792517,1.0,3.0,3,89
49020,3.0,,3.0,3.0,1,91
49036,3.0,,3.0,3.0,1,91
49037,3.0,,3.0,3.0,1,91
49038,3.0,,3.0,3.0,1,91
49039,1.0,,1.0,1.0,1,91
49040,1.0,,1.0,1.0,1,91
49042,1.0,,1.0,1.0,1,91
49066,1.0,0.0,1.0,1.0,2,90
49067,1.0,0.0,1.0,1.0,2,90
49071,3.0,,3.0,3.0,1,91
49072,3.0,,3.0,3.0,1,91
49074,3.0,,3.0,3.0,1,91
49076,,,,0.0,0,92
49091,3.0,,3.0,3.0,1,91
49092,3.0,,3.0,3.0,1,91
49094,2.0,1.4142135623730951,2.0,3.0,2,90
49101,3.0,2.8284271247461903,3.0,5.0,2,90
49102,3.0,2.8284271247461903,3.0,5.0,2,90
49103,3.0,2.8284271247461903,3.0,5.0,2,90
49104,3.0,,3.0,3.0,1,91
49105,3.0,,3.0,3.0,1,91
49106,3.0,,3.0,3.0,1,91
49107,5.0,,5.0,5.0,1,91
49108,5.0,,5.0,5.0,1,91
49109,2.0,1.4142135623730951,2.0,3.0,2,90
49110,3.0,2.8284271247461903,3.0,5.0,2,90
49111,5.0,,5.0,5.0,1,91
49112,5.0,,5.0,5.0,1,91
49119,2.0,,2.0,2.0,1,91
49122,3.0,,3.0,3.0,1,91
49123,3.0,,3.0,3.0,1,91
49124,3.0,,3.0,3.0,1,91
49131,2.0,,2.0,2.0,1,91
49132,3.0,,3.0,3.0,1,91
49133,3.0,,3.0,3.0,1,91
49134,3.0,,3.0,3.0,1,91
49139,1.0,,1.0,1.0,1,91
49140,1.5,0.7071067811865476,1.5,2.0,2,90
49143,3.3157894736842106,3.19813542168536,3.0,15.0,19,73
49144,9.71875,9.038662546799754,8.0,57.0,64,28
49145,5.0,5.937171043518958,4.0,36.0,33,59
49146,4.0,2.943920288775949,3.5,8.0,4,88
49147,2.0,0.0,2.0,2.0,2,90
49148,2.0,0.0,2.0,2.0,3,89
49149,2.0,1.2649110640673518,2.0,5.0,11,81
49150,1.25,0.45226701686664544,1.0,2.0,12,80
49153,3.1363636363636362,2.099783538627472,2.5,10.0,22,70
49154,7.351351351351352,4.398334383075636,8.0,21.0,37,55
49155,4.090909090909091,1.9742662618621818,4.0,9.0,33,59
49156,2.9166666666666665,1.3113721705515065,2.5,5.0,12,80
49158,1.0,,1.0,1.0,1,91
49159,1.0,0.0,1.0,1.0,2,90
49161,1.0,,1.0,1.0,1,91
49164,1.0,,1.0,1.0,1,91
49165,,,,0.0,0,92
49166,,,,0.0,0,92
49167,,,,0.0,0,92
49171,1.0,0.0,1.0,1.0,3,89
49172,2.0,1.3713486117415123,1.5,7.0,68,24
49173,1.696969696969697,0.8472325715546059,2.0,4.0,33,59
49174,1.2,0.4472135954999579,1.0,2.0,5,87
49175,1.625,0.8242255917447338,1.0,4.0,24,68
49177,1.9215686274509804,1.0553319336569316,2.0,6.0,51,41
49179,1.0,,1.0,1.0,1,91
49260,2.0,,2.0,2.0,1,91
49261,3.0,,3.0,3.0,1,91
49262,3.0,0.0,3.0,3.0,2,90
49264,2.0,,2.0,2.0,1,91
49265,3.0,0.0,3.0,3.0,2,90
49266,3.0,,3.0,3.0,1,91
49269,2.0,0.0,2.0,2.0,2,90
49270,3.0,1.4142135623730951,3.0,4.0,2,90
49273,3.5,0.7071067811865476,3.5,4.0,2,90
49274,2.0,,2.0,2.0,1,91
49308,1.0,,1.0,1.0,1,91
49355,1.0,,1.0,1.0,1,91
49356,1.0,,1.0,1.0,1,91
49358,1.0,0.0,1.0,1.0,2,90
49361,,,,0.0,0,92
49362,1.4166666666666667,0.7929614610987591,1.0,3.0,12,80
49365,1.0,,1.0,1.0,1,91
49367,1.0,,1.0,1.0,1,91
49368,1.0,,1.0,1.0,1,91
49371,2.3333333333333335,2.3094010767585034,1.0,5.0,3,89
49372,1.0,,1.0,1.0,1,91
49373,1.2692307692307692,0.6667948594698256,1.0,4.0,26,66
49374,1.0769230769230769,0.2773500981126146,1.0,2.0,13,79
49375,2.5,2.3804761428476167,1.5,6.0,4,88
49377,1.25,0.5,1.0,2.0,4,88
49378,1.5,0.7071067811865476,1.5,2.0,2,90
49383,2.317073170731707,2.066869908705479,2.0,11.0,41,51
49384,1.5,0.7071067811865476,1.5,2.0,2,90
49385,2.5,1.7320508075688772,2.0,5.0,4,88
49392,2.0,,2.0,2.0,1,91
49394,1.4545454545454546,1.0357254813546264,1.0,4.0,11,81
49395,3.0,1.7320508075688772,2.0,5.0,3,89
49397,2.0,1.4142135623730951,2.0,3.0,2,90
49399,2.1470588235294117,1.2341689128826114,2.0,5.0,34,58
49400,3.3529411764705883,2.0291986247835694,3.0,8.0,17,75
49401,1.75,0.9574271077563381,1.5,3.0,4,88
49402,1.8,0.4472135954999579,2.0,2.0,5,87
49403,2.0,0.0,2.0,2.0,3,89
49405,4.0,,4.0,4.0,1,91
49406,1.0,,1.0,1.0,1,91
49407,,,,0.0,0,92
49409,,,,0.0,0,92
49410,1.2,0.4472135954999579,1.0,2.0,5,87
49417,,,,0.0,0,92
49418,2.0,1.7320508075688772,1.0,4.0,3,89
49517,1.0,,1.0,1.0,1,91
49518,1.0769230769230769,0.2773500981126146,1.0,2.0,13,79
49620,1.0,,1.0,1.0,1,91
49621,1.5,0.7071067811865476,1.5,2.0,2,90
49624,1.1428571428571428,0.37796447300922725,1.0,2.0,7,85
49819,1.0,,1.0,1.0,1,91
49821,1.0,,1.0,1.0,1,91
49919,1.0,,1.0,1.0,1,91
49921,1.0,,1.0,1.0,1,91
49922,1.0,0.0,1.0,1.0,5,87
49923,1.0,,1.0,1.0,1,91
49925,1.5,0.7071067811865476,1.0,3.0,10,82
49926,,,,0.0,0,92
49927,,,,0.0,0,92
49929,1.5,1.0,1.0,3.0,4,88
50028,1.0,,1.0,1.0,1,91
50029,2.3333333333333335,1.5275252316519468,2.0,4.0,3,89
50030,1.5384615384615385,1.3301243435223529,1.0,5.0,13,79
50031,1.0,,1.0,1.0,1,91
50122,,,,0.0,0,92
50124,1.0,,1.0,1.0,1,91
50125,1.0,,1.0,1.0,1,91
50131,6.882352941176471,4.5122382602924525,7.0,14.0,17,75
50132,2.5,2.1213203435596424,2.5,4.0,2,90
50134,2.0,1.4142135623730951,2.0,3.0,2,90
50282,4.0,,4.0,4.0,1,91
50288,1.0,,1.0,1.0,1,91
50388,,,,0.0,0,92
50389,10.0,,10.0,10.0,1,91
50413,11.88888888888889,6.05953370466315,12.0,25.0,27,65
50414,13.75,4.7871355387816905,12.5,20.0,4,88
50415,21.606060606060606,11.45354583180301,20.0,40.0,33,59
50417,10.0,,10.0,10.0,1,91
50427,,,,0.0,0,92
50460,20.0,,20.0,20.0,1,91
50461,20.0,,20.0,20.0,1,91
50471,80.0,,80.0,80.0,1,91
50472,30.0,,30.0,30.0,1,91
50497,10.0,,10.0,10.0,1,91
50498,10.0,,10.0,10.0,1,91
50499,11.666666666666666,4.08248290463863,10.0,20.0,6,86
50534,10.0,,10.0,10.0,1,91
50543,3.0,,3.0,3.0,1,91
50637,10.0,,10.0,10.0,1,91
51036,1.0,0.0,1.0,1.0,5,87
51037,1.5714285714285714,1.133893419027682,1.0,4.0,7,85
51039,10.0,0.0,10.0,10.0,3,89
51040,10.0,0.0,10.0,10.0,4,88
51041,5.0,,5.0,5.0,1,91
51047,15.0,5.0,15.0,20.0,5,87
51048,8.0,2.7386127875258306,10.0,10.0,5,87
51050,8.75,2.5,10.0,10.0,4,88
51069,34.73770491803279,53.107407405290225,20.0,355.0,61,31
51070,78.15294117647059,128.80721159587162,50.0,812.0,85,7
51071,89.8974358974359,150.4848087206069,46.0,1086.0,78,14
51072,11.25,7.928850273946827,10.0,30.0,16,76
51073,17.75,20.52392461205901,10.0,100.0,28,64
51075,45.46153846153846,72.1995099067108,40.0,270.0,13,79
51076,28.8,17.754465709549777,20.0,60.0,20,72
51077,6.0,5.656854249492381,6.0,10.0,2,90
51138,3.0,,3.0,3.0,1,91
51139,2.0,2.8284271247461903,1.0,10.0,10,82
51140,2.0,0.0,2.0,2.0,3,89
51142,1.0,,1.0,1.0,1,91
51143,,,,0.0,0,92
51156,2.6666666666666665,1.1547005383792515,2.0,4.0,3,89
51159,1.0,,1.0,1.0,1,91
51164,1.0,,1.0,1.0,1,91
51165,,,,0.0,0,92
51166,,,,0.0,0,92
51167,,,,0.0,0,92
51168,2.5,0.7071067811865476,2.5,3.0,2,90
51169,,,,0.0,0,92
51170,3.0,,3.0,3.0,1,91
51171,1.0,,1.0,1.0,1,91
51173,1.0,,1.0,1.0,1,91
51174,5.6,4.979959839195493,2.0,12.0,5,87
51178,2.0,,2.0,2.0,1,91
51180,,,,0.0,0,92
51181,,,,0.0,0,92
51183,7.214285714285714,2.9135907380774997,6.0,13.0,14,78
51184,,,,0.0,0,92
51185,1.6666666666666667,1.1547005383792517,1.0,3.0,3,89
51186,3.0,,3.0,3.0,1,91
51187,2.25,0.5,2.0,3.0,4,88
51188,,,,0.0,0,92
51190,1.0,0.0,1.0,1.0,2,90
51191,4.0,2.6457513110645907,5.0,6.0,3,89
51192,2.3333333333333335,1.5275252316519468,2.0,4.0,3,89
51193,4.5,4.949747468305833,4.5,8.0,2,90
51197,1.0,,1.0,1.0,1,91
51199,1.2,0.44721359549995804,1.0,2.0,5,87
51200,1.0,0.0,1.0,1.0,2,90
51201,1.0,0.0,1.0,1.0,4,88
51202,,,,0.0,0,92
51204,,,,0.0,0,92
51205,,,,0.0,0,92
51206,1.6666666666666667,1.1547005383792517,1.0,3.0,3,89
51207,,,,0.0,0,92
51208,,,,0.0,0,92
51209,,,,0.0,0,92
51210,,,,0.0,0,92
51211,,,,0.0,0,92
51212,,,,0.0,0,92
51213,,,,0.0,0,92
51214,2.0,,2.0,2.0,1,91
51215,,,,0.0,0,92
51216,,,,0.0,0,92
51217,,,,0.0,0,92
51219,1.0,,1.0,1.0,1,91
51220,4.0,,4.0,4.0,1,91
51221,2.0,,2.0,2.0,1,91
51222,,,,0.0,0,92
51225,,,,0.0,0,92
51226,,,,0.0,0,92
51227,,,,0.0,0,92
51228,,,,0.0,0,92
51229,13.842696629213483,9.742011735034847,12.0,53.0,89,3
51230,1.8181818181818181,0.9816498172140428,2.0,4.0,11,81
51232,10.0,,10.0,10.0,1,91
51234,2.5,0.7071067811865476,2.5,3.0,2,90
51243,,,,0.0,0,92
51244,,,,0.0,0,92
51245,2.0,0.0,2.0,2.0,2,90
51248,,,,0.0,0,92
51249,5.5,3.1091263510296048,4.5,10.0,4,88
51250,1.75,0.5,2.0,2.0,4,88
51251,,,,0.0,0,92
51253,1.7272727272727273,1.009049958219026,1.0,4.0,11,81
51255,2.111111111111111,0.6009252125773316,2.0,3.0,9,83
51256,2.0,0.0,2.0,2.0,2,90
51259,2.769230769230769,2.087815690853567,2.0,6.0,13,79
51260,3.142857142857143,2.214931905262041,2.0,10.0,42,50
51262,2.0,,2.0,2.0,1,91
51263,2.1538461538461537,1.7364862842489186,2.0,9.0,26,66
51265,1.0869565217391304,0.2881040655200304,1.0,2.0,23,69
51266,1.0,0.0,1.0,1.0,8,84
51267,1.2222222222222223,0.6666666666666667,1.0,3.0,9,83
51352,,,,0.0,0,92
51356,,,,0.0,0,92
51357,,,,0.0,0,92
51359,2.5,0.7071067811865476,2.5,3.0,2,90
51360,3.25,0.9574271077563381,3.5,4.0,4,88
51362,6.5,4.358898943540674,7.5,10.0,4,88
51364,1.0,,1.0,1.0,1,91
51365,3.0,,3.0,3.0,1,91
51366,3.0,,3.0,3.0,1,91
51367,,,,0.0,0,92
51368,2.0,0.0,2.0,2.0,2,90
51369,2.5,0.7071067811865476,2.5,3.0,2,90
51370,6.666666666666667,2.8867513459481287,5.0,10.0,3,89
51371,6.0,2.23606797749979,5.0,10.0,5,87
51372,5.0,,5.0,5.0,1,91
51373,11.666666666666666,2.8867513459481287,10.0,15.0,3,89
51374,10.0,4.08248290463863,10.0,15.0,4,88
51375,1.0,0.0,1.0,1.0,2,90
51376,,,,0.0,0,92
51377,2.0,,2.0,2.0,1,91
51378,,,,0.0,0,92
51379,1.0,0.0,1.0,1.0,2,90
51380,,,,0.0,0,92
51381,,,,0.0,0,92
51382,,,,0.0,0,92
51383,,,,0.0,0,92
51384,,,,0.0,0,92
51885,,,,0.0,0,92
51887,2.5,0.7071067811865476,2.5,3.0,2,90
51888,,,,0.0,0,92
51889,,,,0.0,0,92
51890,6.0,,6.0,6.0,1,91
51894,,,,0.0,0,92
51895,,,,0.0,0,92
51896,2.0,,2.0,2.0,1,91
51897,1.0,0.0,1.0,1.0,2,90
51898,,,,0.0,0,92
51900,2.5714285714285716,1.9023794624226837,2.0,6.0,7,85
53402,,,,0.0,0,92
53403,,,,0.0,0,92
53404,,,,0.0,0,92
53405,,,,0.0,0,92
53406,,,,0.0,0,92
53407,,,,0.0,0,92
53409,1.0,0.0,1.0,1.0,4,88
53410,2.0,,2.0,2.0,1,91
53413,1.0,,1.0,1.0,1,91
53416,4.0,,4.0,4.0,1,91
53422,1.6,0.8944271909999159,1.0,3.0,5,87
53423,2.0,,2.0,2.0,1,91
53437,1.25,0.5,1.0,2.0,4,88
53454,1.0,,1.0,1.0,1,91
53509,1.0,,1.0,1.0,1,91
53520,3.5,2.1213203435596424,3.5,5.0,2,90
53608,1.0,,1.0,1.0,1,91
53613,1.0,,1.0,1.0,1,91
53616,1.0,0.0,1.0,1.0,2,90
53708,,,,0.0,0,92
53709,,,,0.0,0,92
53710,1.6666666666666667,0.5773502691896257,2.0,2.0,3,89
53713,,,,0.0,0,92
53716,,,,0.0,0,92
53717,,,,0.0,0,92
53718,1.25,0.5,1.0,2.0,4,88
53719,,,,0.0,0,92
53721,,,,0.0,0,92
53723,,,,0.0,0,92
53724,1.6,0.5477225575051661,2.0,2.0,5,87
53728,,,,0.0,0,92
53729,1.0,0.0,1.0,1.0,2,90
53730,,,,0.0,0,92
53731,,,,0.0,0,92
53732,1.0,0.0,1.0,1.0,2,90
53733,1.1666666666666667,0.408248290463863,1.0,2.0,6,86
53735,2.3333333333333335,0.5773502691896258,2.0,3.0,3,89
53736,,,,0.0,0,92
53737,,,,0.0,0,92
53741,1.7777777777777777,0.6666666666666666,2.0,3.0,9,83
53742,3.0,,3.0,3.0,1,91
53743,1.3333333333333333,0.5773502691896257,1.0,2.0,3,89
53744,3.0,,3.0,3.0,1,91
53745,,,,0.0,0,92
53746,,,,0.0,0,92
53747,,,,0.0,0,92
53748,,,,0.0,0,92
53749,1.0,,1.0,1.0,1,91
53750,1.0,0.0,1.0,1.0,3,89
53751,1.0,,1.0,1.0,1,91
53752,1.0,,1.0,1.0,1,91
53753,,,,0.0,0,92
53754,1.28,0.458257569495584,1.0,2.0,25,67
53755,4.0,,4.0,4.0,1,91
53756,,,,0.0,0,92
53757,,,,0.0,0,92
53758,,,,0.0,0,92
53759,,,,0.0,0,92
53762,,,,0.0,0,92
53763,,,,0.0,0,92
53765,1.0,,1.0,1.0,1,91
53767,,,,0.0,0,92
53768,,,,0.0,0,92
53773,,,,0.0,0,92
53774,1.0,0.0,1.0,1.0,2,90
53776,3.0,,3.0,3.0,1,91
53779,2.0,,2.0,2.0,1,91
53781,1.2857142857142858,0.4879500364742666,1.0,2.0,7,85
53782,1.0,,1.0,1.0,1,91
53784,,,,0.0,0,92
53785,1.0,,1.0,1.0,1,91
53786,3.2,2.6832815729997477,2.0,7.0,5,87
53787,,,,0.0,0,92
53788,,,,0.0,0,92
53790,1.0,,1.0,1.0,1,91
53791,,,,0.0,0,92
53793,,,,0.0,0,92
53794,1.0,,1.0,1.0,1,91
53795,1.0,,1.0,1.0,1,91
53796,1.0,0.0,1.0,1.0,3,89
53800,,,,0.0,0,92
53802,7.090909090909091,5.843605673959124,6.0,28.0,33,59
53804,1.631578947368421,0.6839855680567694,2.0,3.0,19,73
53806,,,,0.0,0,92
53807,5.0,,5.0,5.0,1,91
53809,1.0,,1.0,1.0,1,91
53813,1.0,,1.0,1.0,1,91
53814,,,,0.0,0,92
53815,2.6,1.3416407864998738,2.0,4.0,5,87
53816,5.0,0.0,5.0,5.0,3,89
53817,1.0,,1.0,1.0,1,91
53818,1.0,,1.0,1.0,1,91
53819,1.0,,1.0,1.0,1,91
53821,,,,0.0,0,92
53824,1.0,,1.0,1.0,1,91
53826,,,,0.0,0,92
53827,4.666666666666667,1.1547005383792517,4.0,6.0,3,89
53828,,,,0.0,0,92
53829,1.0,,1.0,1.0,1,91
53830,,,,0.0,0,92
53831,,,,0.0,0,92
53833,2.05,1.4680814547887786,2.0,7.0,20,72
53834,,,,0.0,0,92
53835,,,,0.0,0,92
53836,,,,0.0,0,92
53837,,,,0.0,0,92
53840,,,,0.0,0,92
53841,,,,0.0,0,92
53843,,,,0.0,0,92
53844,2.125,1.246423454758225,2.0,4.0,8,84
53846,1.0,,1.0,1.0,1,91
53848,,,,0.0,0,92
53849,,,,0.0,0,92
53850,,,,0.0,0,92
53851,,,,0.0,0,92
53852,,,,0.0,0,92
53853,,,,0.0,0,92
53855,,,,0.0,0,92
53856,,,,0.0,0,92
53857,,,,0.0,0,92
53858,,,,0.0,0,92
53859,,,,0.0,0,92
53860,,,,0.0,0,92
53861,1.0,,1.0,1.0,1,91
53862,,,,0.0,0,92
53864,1.5,0.7071067811865476,1.5,2.0,2,90
53867,,,,0.0,0,92
53868,1.0,0.0,1.0,1.0,2,90
53869,1.0,,1.0,1.0,1,91
53870,,,,0.0,0,92
53871,2.0,0.0,2.0,2.0,2,90
53974,4.0,3.0983866769659336,3.5,9.0,6,86
53976,6.2,6.504943175331029,4.0,25.0,15,77
54074,5.28125,3.945061224431901,4.5,13.0,32,60
54075,,,,0.0,0,92
54078,,,,0.0,0,92
54079,,,,0.0,0,92
54080,,,,0.0,0,92
54081,1.0,,1.0,1.0,1,91
54082,,,,0.0,0,92
54083,,,,0.0,0,92
54084,,,,0.0,0,92
54085,1.0,,1.0,1.0,1,91
54086,2.0,,2.0,2.0,1,91
54087,,,,0.0,0,92
54088,,,,0.0,0,92
54089,,,,0.0,0,92
54090,,,,0.0,0,92
54091,,,,0.0,0,92
54092,,,,0.0,0,92
54093,,,,0.0,0,92
54094,,,,0.0,0,92
54096,,,,0.0,0,92
54097,,,,0.0,0,92
54098,,,,0.0,0,92
54100,1.0,,1.0,1.0,1,91
54101,1.0,,1.0,1.0,1,91
54102,,,,0.0,0,92
54103,1.0,0.0,1.0,1.0,2,90
54105,1.0,,1.0,1.0,1,91
54107,1.0,0.0,1.0,1.0,2,90
54108,,,,0.0,0,92
54109,,,,0.0,0,92
54110,,,,0.0,0,92
54111,,,,0.0,0,92
54112,14.0,,14.0,14.0,1,91
54113,2.0,0.8944271909999159,2.0,3.0,6,86
54115,,,,0.0,0,92
54116,,,,0.0,0,92
54117,8.0,,8.0,8.0,1,91
54118,,,,0.0,0,92
54119,2.0,,2.0,2.0,1,91
54123,1.0,0.0,1.0,1.0,3,89
54124,,,,0.0,0,92
54126,1.5,1.0,1.0,3.0,4,88
54127,,,,0.0,0,92
54128,,,,0.0,0,92
54129,,,,0.0,0,92
54130,2.0,,2.0,2.0,1,91
54131,,,,0.0,0,92
54134,,,,0.0,0,92
54135,,,,0.0,0,92
54136,2.0,0.0,2.0,2.0,2,90
54137,2.0,0.0,2.0,2.0,2,90
54140,1.3333333333333333,0.5773502691896257,1.0,2.0,3,89
54141,,,,0.0,0,92
54144,2.0,,2.0,2.0,1,91
54145,,,,0.0,0,92
54146,,,,0.0,0,92
54147,,,,0.0,0,92
54148,,,,0.0,0,92
54150,,,,0.0,0,92
54152,,,,0.0,0,92
54153,,,,0.0,0,92
54154,1.1818181818181819,0.40451991747794525,1.0,2.0,11,81
54155,2.0,,2.0,2.0,1,91
54156,16.923076923076923,12.182374826373403,12.0,42.0,13,79
54157,,,,0.0,0,92
54159,,,,0.0,0,92
54160,5.352941176470588,3.828777421304284,4.5,15.0,34,58
54161,,,,0.0,0,92
54162,,,,0.0,0,92
54163,,,,0.0,0,92
54164,4.0,,4.0,4.0,1,91
54165,,,,0.0,0,92
54166,1.0,0.0,1.0,1.0,4,88
54167,,,,0.0,0,92
54168,,,,0.0,0,92
54169,,,,0.0,0,92
54170,,,,0.0,0,92
54174,,,,0.0,0,92
54175,3.0,,3.0,3.0,1,91
54176,,,,0.0,0,92
54177,1.0,,1.0,1.0,1,91
54178,1.0,,1.0,1.0,1,91
54179,,,,0.0,0,92
54180,7.0,,7.0,7.0,1,91
54183,1.0,0.0,1.0,1.0,2,90
54185,1.0,,1.0,1.0,1,91
54186,,,,0.0,0,92
54187,,,,0.0,0,92
54188,,,,0.0,0,92
54190,1.0,0.0,1.0,1.0,3,89
54193,,,,0.0,0,92
54194,,,,0.0,0,92
54195,1.0,,1.0,1.0,1,91
54196,,,,0.0,0,92
54197,,,,0.0,0,92
54198,,,,0.0,0,92
54199,,,,0.0,0,92
54200,,,,0.0,0,92
54201,,,,0.0,0,92
54203,,,,0.0,0,92
54207,,,,0.0,0,92
54208,,,,0.0,0,92
54209,1.0,,1.0,1.0,1,91
54210,1.0,,1.0,1.0,1,91
54213,,,,0.0,0,92
54214,2.5,2.1213203435596424,2.5,4.0,2,90
54215,,,,0.0,0,92
54216,,,,0.0,0,92
54217,2.5,2.0286410760370144,2.0,7.0,14,78
54218,1.0,,1.0,1.0,1,91
54219,,,,0.0,0,92
54220,,,,0.0,0,92
54221,,,,0.0,0,92
54222,,,,0.0,0,92
54223,,,,0.0,0,92
54224,1.0,,1.0,1.0,1,91
54225,,,,0.0,0,92
54226,,,,0.0,0,92
54227,10.0,,10.0,10.0,1,91
54228,10.0,,10.0,10.0,1,91
54229,10.0,,10.0,10.0,1,91
54230,3.5,3.5355339059327378,3.5,6.0,2,90
54231,5.5,6.363961030678928,5.5,10.0,2,90
54232,4.666666666666667,4.725815626252609,3.0,10.0,3,89
54233,10.0,,10.0,10.0,1,91
54234,5.5,6.363961030678928,5.5,10.0,2,90
54235,1.0,0.0,1.0,1.0,2,90
54236,1.5,0.5773502691896257,1.5,2.0,4,88
54237,5.0,,5.0,5.0,1,91
54238,,,,0.0,0,92
54239,,,,0.0,0,92
54242,2.0,0.0,2.0,2.0,2,90
54243,5.0,6.0,2.0,20.0,10,82
54244,2.111111111111111,1.1666666666666667,2.0,4.0,9,83
54245,1.0,,1.0,1.0,1,91
54246,3.5,2.1213203435596424,3.5,5.0,2,90
54247,3.0,,3.0,3.0,1,91
54248,,,,0.0,0,92
54249,5.0,,5.0,5.0,1,91
54250,,,,0.0,0,92
54251,3.0,0.0,3.0,3.0,2,90
54252,,,,0.0,0,92
54253,,,,0.0,0,92
54254,,,,0.0,0,92
54255,2.0,0.0,2.0,2.0,2,90
54256,1.0,,1.0,1.0,1,91
54261,4.181818181818182,2.821991559809555,3.0,10.0,11,81
54263,2.0,,2.0,2.0,1,91
54264,1.0,,1.0,1.0,1,91
54265,,,,0.0,0,92
54267,,,,0.0,0,92
54268,,,,0.0,0,92
54269,,,,0.0,0,92
54270,1.0,,1.0,1.0,1,91
54272,3.0,2.8284271247461903,3.0,5.0,2,90
54273,,,,0.0,0,92
54274,2.0,,2.0,2.0,1,91
54275,1.0,0.0,1.0,1.0,4,88
54276,1.3333333333333333,0.5773502691896257,1.0,2.0,3,89
54279,10.0,0.0,10.0,10.0,2,90
54280,4.611111111111111,2.1730674684008826,4.5,12.0,18,74
54281,,,,0.0,0,92
54283,,,,0.0,0,92
54286,1.1111111111111112,0.33333333333333337,1.0,2.0,9,83
54287,1.5,0.7071067811865476,1.5,2.0,2,90
54288,,,,0.0,0,92
54291,4.0,1.8257418583505538,4.0,6.0,4,88
54292,,,,0.0,0,92
54293,,,,0.0,0,92
54295,,,,0.0,0,92
54296,1.6923076923076923,1.3774744634423888,1.0,6.0,13,79
54297,2.0,,2.0,2.0,1,91
54298,1.0,,1.0,1.0,1,91
54299,,,,0.0,0,92
54302,1.0,,1.0,1.0,1,91
54303,1.0,,1.0,1.0,1,91
54304,,,,0.0,0,92
54305,,,,0.0,0,92
54306,,,,0.0,0,92
54307,3.5,3.5355339059327378,3.5,6.0,2,90
54308,,,,0.0,0,92
54309,1.2,0.4472135954999579,1.0,2.0,5,87
54312,1.0,,1.0,1.0,1,91
54313,,,,0.0,0,92
54315,,,,0.0,0,92
54316,1.0,,1.0,1.0,1,91
54317,10.0,,10.0,10.0,1,91
54319,2.3333333333333335,1.505545305418162,2.0,4.0,6,86
54320,2.2,2.16794833886788,1.0,6.0,5,87
54321,,,,0.0,0,92
54322,,,,0.0,0,92
54323,4.5,4.949747468305833,4.5,8.0,2,90
54324,1.0,,1.0,1.0,1,91
54325,1.8333333333333333,0.9831920802501751,1.5,3.0,6,86
54328,,,,0.0,0,92
54329,1.0,0.0,1.0,1.0,5,87
54333,,,,0.0,0,92
54335,,,,0.0,0,92
54336,,,,0.0,0,92
54337,3.111111111111111,2.4209731743889917,2.0,8.0,9,83
54340,,,,0.0,0,92
54341,1.0,,1.0,1.0,1,91
54346,,,,0.0,0,92
54347,,,,0.0,0,92
54348,1.5,0.5773502691896257,1.5,2.0,4,88
54350,,,,0.0,0,92
54351,2.0,1.4142135623730951,2.0,3.0,2,90
54352,2.0,1.0,2.0,3.0,3,89
54353,1.0,,1.0,1.0,1,91
54354,,,,0.0,0,92
54355,1.0,,1.0,1.0,1,91
54356,,,,0.0,0,92
54357,2.5,1.3445044840729643,2.5,5.0,14,78
54358,,,,0.0,0,92
54359,13.5,7.895146188218008,15.0,20.0,4,88
54360,,,,0.0,0,92
54362,6.166666666666667,1.9407902170679516,6.5,8.0,6,86
54365,,,,0.0,0,92
54366,,,,0.0,0,92
54368,3.0,2.0,2.0,6.0,5,87
54369,1.0,,1.0,1.0,1,91
54370,,,,0.0,0,92
54371,2.533333333333333,2.5597618936887376,1.0,10.0,15,77
54372,,,,0.0,0,92
54373,,,,0.0,0,92
54374,,,,0.0,0,92
54375,2.7142857142857144,1.3801311186847085,2.0,5.0,7,85
54376,2.6666666666666665,1.1547005383792515,2.0,4.0,3,89
54377,14.340909090909092,12.77341567442097,12.5,70.0,44,48
54378,18.285714285714285,14.886715074665924,15.0,70.0,21,71
54379,18.416666666666668,12.60405961746372,20.0,50.0,24,68
54380,,,,0.0,0,92
54381,,,,0.0,0,92
54382,,,,0.0,0,92
54383,1.0,0.0,1.0,1.0,6,86
54384,,,,0.0,0,92
54387,,,,0.0,0,92
54388,,,,0.0,0,92
54389,,,,0.0,0,92
54390,6.142857142857143,3.7999421626599057,6.0,10.0,14,78
54391,3.142857142857143,1.3451854182690985,3.0,5.0,7,85
54393,,,,0.0,0,92
54394,,,,0.0,0,92
54395,,,,0.0,0,92
54396,,,,0.0,0,92
54397,3.0,,3.0,3.0,1,91
54398,3.3333333333333335,0.5773502691896258,3.0,4.0,3,89
54399,4.0,1.4142135623730951,4.0,5.0,2,90
54400,2.8,0.8366600265340756,3.0,4.0,5,87
54401,,,,0.0,0,92
54402,,,,0.0,0,92
54403,,,,0.0,0,92
54404,,,,0.0,0,92
54405,,,,0.0,0,92
54406,1.3333333333333333,0.5773502691896257,1.0,2.0,3,89
54407,1.4,0.5477225575051661,1.0,2.0,5,87
54408,1.0,0.0,1.0,1.0,3,89
54409,1.0,,1.0,1.0,1,91
54412,6.0,,6.0,6.0,1,91
54420,1.0,,1.0,1.0,1,91
54421,,,,0.0,0,92
54424,1.0,,1.0,1.0,1,91
54426,1.0,,1.0,1.0,1,91
54427,,,,0.0,0,92
54428,,,,0.0,0,92
54429,,,,0.0,0,92
54430,,,,0.0,0,92
54431,15.0,,15.0,15.0,1,91
54433,,,,0.0,0,92
54434,1.0,,1.0,1.0,1,91
54436,,,,0.0,0,92
54437,,,,0.0,0,92
54438,,,,0.0,0,92
54439,1.0625,0.25,1.0,2.0,16,76
54441,1.0714285714285714,0.26726124191242434,1.0,2.0,14,78
54442,,,,0.0,0,92
54443,12.047619047619047,9.265399022579603,10.0,40.0,21,71
54444,1.5,0.7071067811865476,1.5,2.0,2,90
54445,,,,0.0,0,92
54446,2.0,,2.0,2.0,1,91
54447,2.0,0.0,2.0,2.0,3,89
54450,,,,0.0,0,92
54451,1.0,,1.0,1.0,1,91
54454,5.833333333333333,6.555247086709707,4.0,30.0,30,62
54455,5.2,1.2292725943057183,5.5,7.0,10,82
54457,,,,0.0,0,92
54458,1.0,,1.0,1.0,1,91
54459,1.0,,1.0,1.0,1,91
54460,2.4615384615384617,1.7614096918559583,2.0,6.0,13,79
54461,1.0,0.0,1.0,1.0,3,89
54464,1.0,0.0,1.0,1.0,3,89
54466,2.0,,2.0,2.0,1,91
54467,,,,0.0,0,92
54473,2.0,0.0,2.0,2.0,2,90
54474,2.1052631578947367,1.2864566686188534,2.0,5.0,19,73
54479,,,,0.0,0,92
54480,,,,0.0,0,92
54485,2.4705882352941178,0.9432422182837987,2.0,4.0,17,75
54486,2.235294117647059,1.7863864281247313,1.0,7.0,17,75
54490,2.0,,2.0,2.0,1,91
54492,2.0,,2.0,2.0,1,91
54493,,,,0.0,0,92
54494,1.0,,1.0,1.0,1,91
54496,2.0,,2.0,2.0,1,91
54497,1.0,,1.0,1.0,1,91
54500,1.8333333333333333,0.7527726527090811,2.0,3.0,6,86
54501,1.5,0.5773502691896257,1.5,2.0,4,88
54502,,,,0.0,0,92
54504,1.0,,1.0,1.0,1,91
54506,1.0,,1.0,1.0,1,91
54507,1.0,,1.0,1.0,1,91
54509,1.0,,1.0,1.0,1,91
54511,5.333333333333333,1.1547005383792517,6.0,6.0,3,89
54513,4.0,4.242640687119285,4.0,7.0,2,90
54514,1.0,,1.0,1.0,1,91
54515,1.0,,1.0,1.0,1,91
54516,2.0,1.4142135623730951,1.0,4.0,7,85
54517,,,,0.0,0,92
54521,,,,0.0,0,92
54524,1.0,,1.0,1.0,1,91
54527,,,,0.0,0,92
54528,,,,0.0,0,92
54529,,,,0.0,0,92
54533,,,,0.0,0,92
54534,,,,0.0,0,92
54536,,,,0.0,0,92
54538,,,,0.0,0,92
54540,,,,0.0,0,92
54541,1.0,0.0,1.0,1.0,3,89
54542,2.0,0.816496580927726,2.0,3.0,4,88
54543,1.0,0.0,1.0,1.0,8,84
54547,1.0,0.0,1.0,1.0,3,89
54548,,,,0.0,0,92
54552,1.0,,1.0,1.0,1,91
54553,1.5,0.7071067811865476,1.5,2.0,2,90
54554,,,,0.0,0,92
54555,,,,0.0,0,92
54556,1.0,,1.0,1.0,1,91
54557,1.0,,1.0,1.0,1,91
54558,,,,0.0,0,92
54559,,,,0.0,0,92
54562,6.5,7.7781745930520225,6.5,12.0,2,90
54563,3.0,,3.0,3.0,1,91
54564,4.0,,4.0,4.0,1,91
54572,,,,0.0,0,92
54579,,,,0.0,0,92
54580,,,,0.0,0,92
54581,1.0,,1.0,1.0,1,91
54584,6.0,,6.0,6.0,1,91
54585,,,,0.0,0,92
54586,1.0,0.0,1.0,1.0,2,90
54588,1.0,,1.0,1.0,1,91
54589,,,,0.0,0,92
54590,,,,0.0,0,92
54591,,,,0.0,0,92
54592,,,,0.0,0,92
54593,,,,0.0,0,92
54594,6.25,2.5,5.0,10.0,4,88
54599,,,,0.0,0,92
54600,,,,0.0,0,92
54603,,,,0.0,0,92
54604,,,,0.0,0,92
54695,,,,0.0,0,92
54696,,,,0.0,0,92
54697,,,,0.0,0,92
54698,1.0,,1.0,1.0,1,91
54700,,,,0.0,0,92
54702,2.0,,2.0,2.0,1,91
54703,,,,0.0,0,92
54704,,,,0.0,0,92
54705,2.5555555555555554,1.3333333333333333,2.0,5.0,9,83
54706,,,,0.0,0,92
54714,7.0,,7.0,7.0,1,91
54716,2.3333333333333335,0.5773502691896258,2.0,3.0,3,89
54717,,,,0.0,0,92
54718,1.0,,1.0,1.0,1,91
54723,3.25,1.707825127659933,3.5,5.0,4,88
54725,1.0,,1.0,1.0,1,91
54726,,,,0.0,0,92
54727,,,,0.0,0,92
54729,1.0,,1.0,1.0,1,91
54730,1.0,,1.0,1.0,1,91
54733,2.125,1.1259916264596033,2.0,4.0,8,84
54735,,,,0.0,0,92
54736,,,,0.0,0,92
54737,,,,0.0,0,92
54738,4.0,1.4142135623730951,4.0,5.0,2,90
54739,,,,0.0,0,92
54741,1.0,,1.0,1.0,1,91
54745,2.0,,2.0,2.0,1,91
54756,,,,0.0,0,92
54757,1.0,,1.0,1.0,1,91
54765,1.0,,1.0,1.0,1,91
54766,2.0,,2.0,2.0,1,91
54774,10.076923076923077,8.46031459680567,6.0,30.0,13,79
54778,3.75,2.8722813232690143,2.5,8.0,4,88
54779,5.583333333333333,1.928651593652148,6.0,8.0,12,80
54780,3.4444444444444446,2.5055493963954847,3.0,8.0,9,83
54783,,,,0.0,0,92
54785,4.2,0.8366600265340756,4.0,5.0,5,87
54790,1.0,,1.0,1.0,1,91
54791,,,,0.0,0,92
54792,,,,0.0,0,92
54793,2.0,,2.0,2.0,1,91
54797,,,,0.0,0,92
54799,2.0,,2.0,2.0,1,91
54801,,,,0.0,0,92
54802,2.0,,2.0,2.0,1,91
54803,1.0,,1.0,1.0,1,91
54804,2.0,,2.0,2.0,1,91
54805,,,,0.0,0,92
54806,9.0,5.477225575051661,5.0,15.0,5,87
54807,,,,0.0,0,92
54808,,,,0.0,0,92
54809,4.0,,4.0,4.0,1,91
54810,35.0,,35.0,35.0,1,91
54817,1.0,,1.0,1.0,1,91
54818,1.0,,1.0,1.0,1,91
54819,1.0,,1.0,1.0,1,91
54820,,,,0.0,0,92
54821,1.3333333333333333,0.5773502691896257,1.0,2.0,3,89
54822,,,,0.0,0,92
54823,,,,0.0,0,92
54824,,,,0.0,0,92
54825,1.0,,1.0,1.0,1,91
54826,,,,0.0,0,92
54827,,,,0.0,0,92
54828,,,,0.0,0,92
54829,3.0,,3.0,3.0,1,91
54830,6.392156862745098,5.6677276976670266,4.0,26.0,51,41
54831,12.049180327868852,10.961183375147344,9.0,48.0,61,31
54832,,,,0.0,0,92
54839,1.0,,1.0,1.0,1,91
54842,1.875,1.1259916264596033,1.5,4.0,8,84
54843,4.0,2.891995221924885,4.0,12.0,12,80
54845,2.0,,2.0,2.0,1,91
54846,,,,0.0,0,92
54847,2.0,1.4142135623730951,2.0,3.0,2,90
54849,1.3333333333333333,0.7071067811865476,1.0,3.0,9,83
54850,2.0,,2.0,2.0,1,91
54851,1.0,0.0,1.0,1.0,3,89
54852,9.25,9.742518497116988,8.0,20.0,4,88
54858,1.9166666666666667,1.729862492345632,1.0,7.0,12,80
54860,2.0,,2.0,2.0,1,91
54861,1.0,0.0,1.0,1.0,18,74
54862,1.0,,1.0,1.0,1,91
54863,1.0,,1.0,1.0,1,91
54864,2.75,2.434865792722759,1.0,6.0,8,84
54865,6.629032258064516,4.613713951381453,5.0,18.0,62,30
54866,2.0,1.6903085094570331,1.5,6.0,8,84
54869,1.0,0.0,1.0,1.0,2,90
54870,3.3333333333333335,2.3094010767585034,2.0,6.0,3,89
54871,1.0,0.0,1.0,1.0,2,90
54873,1.5,0.7071067811865476,1.5,2.0,2,90
54874,,,,0.0,0,92
54875,,,,0.0,0,92
54878,1.0,0.0,1.0,1.0,2,90
54879,3.142857142857143,1.4638501094227998,2.0,5.0,7,85
54882,24.0,0.0,24.0,24.0,2,90
54883,2.0,,2.0,2.0,1,91
54884,1.0,0.0,1.0,1.0,2,90
54885,,,,0.0,0,92
54888,4.85,1.8715318802914815,4.0,10.0,20,72
54891,1.0,0.0,1.0,1.0,2,90
54893,7.086956521739131,12.44593049035511,3.0,53.0,23,69
54894,2.0,,2.0,2.0,1,91
54895,11.069767441860465,23.066565526378742,4.0,134.0,43,49
54896,5.785714285714286,10.038286495572626,3.0,54.0,28,64
54898,,,,0.0,0,92
54899,,,,0.0,0,92
54901,1.8571428571428572,1.0690449676496976,2.0,4.0,7,85
54902,,,,0.0,0,92
54903,2.3846153846153846,2.2560460078960243,1.0,8.0,13,79
54904,2.4285714285714284,1.511857892036909,2.0,5.0,7,85
54905,2.8,1.7888543819998317,3.0,5.0,5,87
54906,3.730769230769231,2.8643699803997706,2.5,10.0,26,66
54908,18.272727272727273,14.290492707327548,15.0,45.0,11,81
54910,2.142857142857143,1.3451854182690985,2.0,4.0,7,85
54912,4.916666666666667,11.106577357856949,1.0,40.0,12,80
54913,2.25,1.5,2.0,4.0,4,88
54914,,,,0.0,0,92
54915,1.6842105263157894,1.0568628408301077,1.0,5.0,19,73
54919,1.0,0.0,1.0,1.0,2,90
54921,6.142857142857143,2.734262327610589,5.0,10.0,7,85
54922,5.5,3.6556307750696546,5.0,10.0,12,80
54923,6.666666666666667,2.8867513459481287,5.0,10.0,3,89
54935,8.333333333333334,7.8815637800532725,7.0,38.0,57,35
54937,6.695652173913044,4.342546201237406,6.0,15.0,23,69
54939,1.8333333333333333,1.2485285456935957,1.0,5.0,18,74
54942,1.0,0.0,1.0,1.0,2,90
54944,1.3888888888888888,0.7775443160352293,1.0,4.0,18,74
54946,1.7619047619047619,0.9952267030562386,2.0,5.0,21,71
54947,1.5609756097560976,1.162944119203603,1.0,8.0,41,51
54948,2.6666666666666665,2.081665999466133,2.0,5.0,3,89
54949,,,,0.0,0,92
54950,4.571428571428571,4.035556254807296,4.0,10.0,7,85
54952,2.5,0.5477225575051661,2.5,3.0,6,86
54953,10.0,,10.0,10.0,1,91
54954,,,,0.0,0,92
54956,,,,0.0,0,92
54957,1.0,,1.0,1.0,1,91
54958,1.0,,1.0,1.0,1,91
54960,4.217391304347826,3.8841931622589434,2.0,16.0,23,69
54961,1.5,0.7071067811865476,1.5,2.0,2,90
54962,,,,0.0,0,92
54964,4.0,3.4641016151377544,2.0,8.0,3,89
54965,1.0,,1.0,1.0,1,91
54966,12.142857142857142,25.591035518343116,2.5,73.0,14,78
54968,1.2857142857142858,0.7559289460184545,1.0,3.0,7,85
54969,,,,0.0,0,92
54970,1.5,0.7071067811865476,1.5,2.0,2,90
54972,1.0,,1.0,1.0,1,91
54974,1.0,0.0,1.0,1.0,3,89
54975,,,,0.0,0,92
54976,3.5,3.3166247903554,2.5,8.0,4,88
54983,3.473684210526316,1.3067525929498998,3.0,6.0,19,73
54985,1.0,,1.0,1.0,1,91
54986,,,,0.0,0,92
54987,,,,0.0,0,92
54988,4.0,1.4142135623730951,4.0,5.0,2,90
54989,,,,0.0,0,92
54996,5.5,2.1213203435596424,5.5,7.0,2,90
54997,4.6,5.272570530585627,2.0,14.0,5,87
54998,,,,0.0,0,92
54999,,,,0.0,0,92
55000,2.0,1.4142135623730951,2.0,3.0,2,90
55002,1.5,0.7071067811865476,1.5,2.0,2,90
55008,,,,0.0,0,92
55009,1.0,,1.0,1.0,1,91
55012,4.956521739130435,3.971881847516114,4.0,20.0,46,46
55013,3.15625,4.9455706804006665,2.0,29.0,32,60
55014,4.585365853658536,5.886321473365593,3.0,37.0,41,51
55015,,,,0.0,0,92
55016,4.0,2.6457513110645907,5.0,6.0,3,89
55017,,,,0.0,0,92
55019,3.392857142857143,3.0832797078133796,2.0,15.0,28,64
55020,2.7916666666666665,2.501810938303391,2.0,10.0,24,68
55021,2.2413793103448274,1.8832944617230336,1.0,9.0,29,63
55022,,,,0.0,0,92
55023,1.0,0.0,1.0,1.0,6,86
55024,2.0,,2.0,2.0,1,91
55025,1.0,,1.0,1.0,1,91
55026,,,,0.0,0,92
55027,,,,0.0,0,92
55030,,,,0.0,0,92
55032,,,,0.0,0,92
55033,1.0,,1.0,1.0,1,91
55035,1.0,,1.0,1.0,1,91
55036,2.0,0.0,2.0,2.0,3,89
55037,5.666666666666667,2.6583202716502514,6.0,10.0,6,86
55038,3.6,1.51657508881031,3.0,6.0,5,87
55039,1.0,0.0,1.0,1.0,3,89
55040,1.0,0.0,1.0,1.0,2,90
55041,1.0,0.0,1.0,1.0,3,89
55042,1.0,,1.0,1.0,1,91
55047,,,,0.0,0,92
55048,7.333333333333333,10.96965511460289,1.0,20.0,3,89
55049,1.0,0.0,1.0,1.0,2,90
55050,1.0,,1.0,1.0,1,91
55052,3.0,2.6246692913372702,2.0,9.0,10,82
55053,6.333333333333333,4.744022251890982,5.5,19.0,30,62
55054,5.535714285714286,7.743490182833592,2.5,30.0,28,64
55061,4.5,0.7071067811865476,4.5,5.0,2,90
55062,5.0,1.4142135623730951,5.0,6.0,2,90
55066,,,,0.0,0,92
55067,5.0,1.4142135623730951,5.0,6.0,2,90
55068,,,,0.0,0,92
55069,,,,0.0,0,92
55070,,,,0.0,0,92
55072,,,,0.0,0,92
55074,2.076923076923077,1.1875421719907089,2.0,4.0,13,79
55076,2.0,,2.0,2.0,1,91
55078,3.0,,3.0,3.0,1,91
55079,,,,0.0,0,92
55080,1.0,0.0,1.0,1.0,2,90
55081,,,,0.0,0,92
55082,,,,0.0,0,92
55083,2.4,1.51657508881031,2.0,4.0,5,87
55084,3.2083333333333335,1.6675722177612804,2.0,8.0,24,68
55085,1.0,,1.0,1.0,1,91
55087,2.3333333333333335,2.8047578623950176,1.0,8.0,6,86
55088,1.0,,1.0,1.0,1,91
55089,1.6666666666666667,0.5773502691896257,2.0,2.0,3,89
55090,2.0,,2.0,2.0,1,91
55091,1.0,,1.0,1.0,1,91
55092,,,,0.0,0,92
55095,2.0,1.1547005383792515,2.0,3.0,4,88
55096,1.0,,1.0,1.0,1,91
55097,3.0,2.8284271247461903,3.0,5.0,2,90
55098,6.0,2.8284271247461903,6.0,8.0,2,90
55100,2.0,0.0,2.0,2.0,2,90
55106,1.0,,1.0,1.0,1,91
55107,1.0,,1.0,1.0,1,91
55108,,,,0.0,0,92
55109,,,,0.0,0,92
55110,,,,0.0,0,92
55111,,,,0.0,0,92
55112,,,,0.0,0,92
55113,1.0,,1.0,1.0,1,91
55114,1.0,,1.0,1.0,1,91
55115,,,,0.0,0,92
55116,,,,0.0,0,92
55117,,,,0.0,0,92
55118,,,,0.0,0,92
55119,,,,0.0,0,92
55120,,,,0.0,0,92
55121,1.0,0.0,1.0,1.0,2,90
55122,2.0,1.4142135623730951,1.5,4.0,4,88
55123,1.0,0.0,1.0,1.0,3,89
55124,1.0,,1.0,1.0,1,91
55125,,,,0.0,0,92
55126,1.0,,1.0,1.0,1,91
55127,1.3333333333333333,0.5773502691896257,1.0,2.0,3,89
55128,,,,0.0,0,92
55130,11.615384615384615,8.150035393976944,10.0,24.0,13,79
55131,1.0,0.0,1.0,1.0,2,90
55132,1.0,,1.0,1.0,1,91
55133,2.066666666666667,2.282438128301359,1.0,10.0,15,77
55136,1.0,,1.0,1.0,1,91
55137,1.0,,1.0,1.0,1,91
55138,1.0,0.0,1.0,1.0,2,90
55139,1.0,,1.0,1.0,1,91
55141,1.0,0.0,1.0,1.0,2,90
55142,,,,0.0,0,92
55143,1.0,0.0,1.0,1.0,4,88
55144,1.125,0.3535533905932738,1.0,2.0,8,84
55145,1.0,0.0,1.0,1.0,5,87
55146,,,,0.0,0,92
55147,3.0,,3.0,3.0,1,91
55148,,,,0.0,0,92
55149,,,,0.0,0,92
55150,,,,0.0,0,92
55151,,,,0.0,0,92
55152,,,,0.0,0,92
55153,,,,0.0,0,92
55154,2.0,,2.0,2.0,1,91
55155,1.5,0.7071067811865476,1.5,2.0,2,90
55156,1.0,,1.0,1.0,1,91
55157,,,,0.0,0,92
55158,2.0,0.0,2.0,2.0,2,90
55159,,,,0.0,0,92
55162,,,,0.0,0,92
55163,,,,0.0,0,92
55164,,,,0.0,0,92
55165,,,,0.0,0,92
55166,,,,0.0,0,92
55167,3.0,,3.0,3.0,1,91
55168,1.0,,1.0,1.0,1,91
55172,2.0,0.816496580927726,2.0,3.0,4,88
55173,2.9318181818181817,3.1208058535377825,2.0,17.0,44,48
55174,3.0,0.816496580927726,3.0,4.0,4,88
55176,1.0,0.0,1.0,1.0,2,90
55177,1.0,0.0,1.0,1.0,3,89
55178,1.0,0.0,1.0,1.0,2,90
55179,1.0,,1.0,1.0,1,91
55182,1.0,,1.0,1.0,1,91
55183,2.1714285714285713,1.1753776435861016,2.0,6.0,35,57
55184,1.875,0.6408699444616557,2.0,3.0,8,84
55185,1.5,0.5773502691896257,1.5,2.0,4,88
55186,2.0,0.0,2.0,2.0,4,88
55188,1.0,,1.0,1.0,1,91
55189,3.0,,3.0,3.0,1,91
55192,1.0,,1.0,1.0,1,91
55193,5.451612903225806,3.9903108456812344,4.0,20.0,31,61
55194,1.0,0.0,1.0,1.0,4,88
55195,1.0,,1.0,1.0,1,91
55196,3.0,2.8284271247461903,3.0,5.0,2,90
55197,2.25,0.9574271077563381,2.5,3.0,4,88
55199,1.0,0.0,1.0,1.0,5,87
55201,1.0,,1.0,1.0,1,91
55208,4.0,1.7056057308448835,5.0,6.0,12,80
55209,6.0,4.08248290463863,4.5,12.0,4,88
55210,3.3333333333333335,2.250925735484551,2.5,7.0,6,86
55211,3.4444444444444446,2.853732792269312,2.0,10.0,18,74
55213,1.0,0.0,1.0,1.0,2,90
55214,12.0,,12.0,12.0,1,91
55215,1.0,0.0,1.0,1.0,2,90
55217,5.6455696202531644,3.6516170449771703,5.0,19.0,79,13
55218,1.4137931034482758,0.9826073688810347,1.0,6.0,29,63
55221,3.0,,3.0,3.0,1,91
55222,1.0,,1.0,1.0,1,91
55228,1.0,,1.0,1.0,1,91
55234,2.142857142857143,1.4638501094227998,2.0,5.0,7,85
55238,,,,0.0,0,92
55240,1.0,0.0,1.0,1.0,3,89
55241,1.8636363636363635,0.35125008665710444,2.0,2.0,22,70
55243,1.0,,1.0,1.0,1,91
55247,1.0,,1.0,1.0,1,91
55256,2.0,1.1126972805283737,2.0,5.0,22,70
55257,5.666666666666667,6.350852961085883,2.0,13.0,3,89
55258,3.909090909090909,2.8769873612958876,3.5,14.0,22,70
55260,1.0,,1.0,1.0,1,91
55261,1.0,,1.0,1.0,1,91
55262,1.0,0.0,1.0,1.0,2,90
55263,1.0,0.0,1.0,1.0,4,88
55264,1.5,0.7071067811865476,1.5,2.0,2,90
55266,2.0,,2.0,2.0,1,91
55273,1.5555555555555556,0.7264831572567789,1.0,3.0,9,83
55274,16.333333333333332,27.267196408871964,2.0,70.0,9,83
55275,1.0,,1.0,1.0,1,91
55279,6.0,5.291502622129181,4.0,12.0,3,89
55280,11.0,5.873670062235365,10.0,20.0,9,83
55281,9.0,5.5677643628300215,10.0,20.0,9,83
55284,1.0,,1.0,1.0,1,91
55288,1.0,0.0,1.0,1.0,3,89
55289,1.0,,1.0,1.0,1,91
55291,1.0,,1.0,1.0,1,91
55294,,,,0.0,0,92
55301,1.25,0.5,1.0,2.0,4,88
55302,1.2,0.4472135954999579,1.0,2.0,5,87
55303,4.5,1.2909944487358056,4.5,6.0,4,88
55304,13.333333333333334,5.773502691896257,10.0,20.0,3,89
55305,10.0,0.0,10.0,10.0,2,90
55306,10.0,0.0,10.0,10.0,2,90
55307,1.0,0.0,1.0,1.0,5,87
55308,4.0,,4.0,4.0,1,91
55310,1.0,,1.0,1.0,1,91
55311,,,,0.0,0,92
55313,2.25,1.5,2.0,4.0,4,88
55314,1.0,,1.0,1.0,1,91
55317,1.5714285714285714,1.133893419027682,1.0,4.0,7,85
55319,5.5,0.7071067811865476,5.5,6.0,2,90
55323,1.5,0.7071067811865476,1.5,2.0,2,90
55325,1.0,0.0,1.0,1.0,3,89
55327,3.3333333333333335,2.081665999466133,4.0,5.0,3,89
55328,1.25,0.5,1.0,2.0,4,88
55330,1.0,,1.0,1.0,1,91
55332,1.5,0.7071067811865476,1.5,2.0,2,90
55342,,,,0.0,0,92
55343,,,,0.0,0,92
55344,,,,0.0,0,92
55345,,,,0.0,0,92
55346,3.0,,3.0,3.0,1,91
55347,2.4615384615384617,1.39136531360295,2.0,6.0,13,79
55348,1.5,0.7071067811865476,1.5,2.0,2,90
55351,,,,0.0,0,92
55352,,,,0.0,0,92
55353,,,,0.0,0,92
55354,,,,0.0,0,92
55355,1.0,,1.0,1.0,1,91
55357,2.4285714285714284,1.1338934190276817,2.0,5.0,7,85
55358,,,,0.0,0,92
55360,1.0,0.0,1.0,1.0,2,90
55361,,,,0.0,0,92
55363,,,,0.0,0,92
55365,,,,0.0,0,92
55366,1.0,0.0,1.0,1.0,2,90
55367,3.0,,3.0,3.0,1,91
55368,1.0,,1.0,1.0,1,91
55369,1.75,0.9574271077563381,1.5,3.0,4,88
55372,,,,0.0,0,92
55373,,,,0.0,0,92
55375,,,,0.0,0,92
55376,,,,0.0,0,92
55379,120.0,,120.0,120.0,1,91
55386,,,,0.0,0,92
55388,1.0,,1.0,1.0,1,91
55390,8.0,,8.0,8.0,1,91
55391,1.6,0.8944271909999159,1.0,3.0,5,87
55392,1.0,,1.0,1.0,1,91
55394,1.0,,1.0,1.0,1,91
55395,3.0,,3.0,3.0,1,91
55396,2.0,1.4142135623730951,1.5,4.0,4,88
55397,1.0,,1.0,1.0,1,91
55398,1.0,,1.0,1.0,1,91
55399,1.6666666666666667,1.1547005383792517,1.0,3.0,3,89
55400,2.0,1.4142135623730951,2.0,3.0,2,90
55401,,,,0.0,0,92
55402,,,,0.0,0,92
55403,,,,0.0,0,92
55404,,,,0.0,0,92
55405,,,,0.0,0,92
55406,2.3846153846153846,2.264101112175392,2.0,12.0,26,66
55407,1.8461538461538463,1.344504484072964,1.0,5.0,13,79
55408,,,,0.0,0,92
55411,1.5,0.7071067811865476,1.5,2.0,2,90
55415,,,,0.0,0,92
55416,3.0,,3.0,3.0,1,91
55419,,,,0.0,0,92
55420,4.0,,4.0,4.0,1,91
55421,,,,0.0,0,92
55422,,,,0.0,0,92
55423,,,,0.0,0,92
55424,1.0,,1.0,1.0,1,91
55425,,,,0.0,0,92
55426,,,,0.0,0,92
55430,1.0,,1.0,1.0,1,91
55431,3.0,2.0,3.0,5.0,3,89
55432,3.0,,3.0,3.0,1,91
55433,2.75,1.3887301496588271,3.0,5.0,8,84
55441,1.0,,1.0,1.0,1,91
55442,1.3333333333333333,0.5773502691896257,1.0,2.0,3,89
55443,1.3333333333333333,0.5773502691896257,1.0,2.0,3,89
55444,2.0,,2.0,2.0,1,91
55445,2.0,,2.0,2.0,1,91
55446,1.0,0.0,1.0,1.0,3,89
55447,1.0,,1.0,1.0,1,91
55449,2.0,,2.0,2.0,1,91
55450,1.5,0.5773502691896257,1.5,2.0,4,88
55451,10.0,,10.0,10.0,1,91
55452,4.0,,4.0,4.0,1,91
55453,4.0,,4.0,4.0,1,91
55454,4.0,,4.0,4.0,1,91
55456,4.0,,4.0,4.0,1,91
55457,5.166666666666667,2.8577380332470415,5.0,10.0,6,86
55459,1.0,0.0,1.0,1.0,2,90
55460,2.0,,2.0,2.0,1,91
55461,2.0,,2.0,2.0,1,91
55462,2.0,,2.0,2.0,1,91
55463,2.0,,2.0,2.0,1,91
55464,1.0,,1.0,1.0,1,91
55465,1.0,,1.0,1.0,1,91
55466,1.0,,1.0,1.0,1,91
55467,1.0,,1.0,1.0,1,91
55469,4.0,,4.0,4.0,1,91
55471,1.0,,1.0,1.0,1,91
55472,1.0,,1.0,1.0,1,91
55473,4.0,3.605551275463989,3.0,8.0,3,89
55474,3.0,,3.0,3.0,1,91
55475,3.0,0.0,3.0,3.0,2,90
55476,1.0,,1.0,1.0,1,91
55477,2.0,,2.0,2.0,1,91
55478,4.0,2.8284271247461903,4.0,6.0,2,90
55479,1.0,0.0,1.0,1.0,2,90
55480,10.0,,10.0,10.0,1,91
55481,4.0,,4.0,4.0,1,91
55482,3.3333333333333335,1.1547005383792515,4.0,4.0,3,89
55483,1.0,,1.0,1.0,1,91
55484,5.0,,5.0,5.0,1,91
55485,12.0,,12.0,12.0,1,91
55486,1.0,,1.0,1.0,1,91
55487,1.0,0.0,1.0,1.0,2,90
55488,1.0,0.0,1.0,1.0,2,90
55489,2.0,,2.0,2.0,1,91
55490,6.0,,6.0,6.0,1,91
55491,1.0,,1.0,1.0,1,91
55493,1.0,,1.0,1.0,1,91
55494,1.0,,1.0,1.0,1,91
55495,1.0,,1.0,1.0,1,91
55496,1.0,,1.0,1.0,1,91
55498,1.0,,1.0,1.0,1,91
55501,1.0,,1.0,1.0,1,91
55502,2.0,,2.0,2.0,1,91
55503,1.0,,1.0,1.0,1,91
55504,1.0,,1.0,1.0,1,91
55505,3.0,,3.0,3.0,1,91
55506,6.0,,6.0,6.0,1,91
55507,3.0,,3.0,3.0,1,91
55508,1.0,0.0,1.0,1.0,4,88
55510,4.0,,4.0,4.0,1,91
55511,1.3333333333333333,0.5773502691896257,1.0,2.0,3,89
55512,2.25,0.9574271077563381,2.5,3.0,4,88
55513,4.0,,4.0,4.0,1,91
55514,1.0,,1.0,1.0,1,91
55515,1.6666666666666667,0.5163977794943223,2.0,2.0,6,86
55516,1.0,,1.0,1.0,1,91
55518,1.0,,1.0,1.0,1,91
55519,1.0,,1.0,1.0,1,91
55520,1.0,,1.0,1.0,1,91
55525,2.0,1.4142135623730951,2.0,3.0,2,90
55526,1.0,0.0,1.0,1.0,3,89
55527,1.0,,1.0,1.0,1,91
55529,2.0,0.0,2.0,2.0,2,90
55530,3.0,0.0,3.0,3.0,2,90
55532,2.0,,2.0,2.0,1,91
55533,2.0,,2.0,2.0,1,91
55534,3.0,0.0,3.0,3.0,4,88
55535,1.0,,1.0,1.0,1,91
55537,2.0,,2.0,2.0,1,91
55538,2.0,,2.0,2.0,1,91
55539,1.0,,1.0,1.0,1,91
55540,23.0,,23.0,23.0,1,91
55543,11.0,,11.0,11.0,1,91
55545,2.0,,2.0,2.0,1,91
55546,3.0,,3.0,3.0,1,91
55550,2.4166666666666665,0.9962049198956219,2.0,4.0,12,80
55551,2.0,,2.0,2.0,1,91
55552,1.0,0.0,1.0,1.0,5,87
55554,2.3,1.1595018087284057,2.0,4.0,10,82
55555,4.823529411764706,3.025625846780444,5.0,11.0,17,75
55556,1.6666666666666667,0.5773502691896257,2.0,2.0,3,89
55557,1.3333333333333333,0.5773502691896257,1.0,2.0,3,89
55558,2.0,0.8944271909999159,2.0,3.0,6,86
55561,6.0,,6.0,6.0,1,91
55562,4.0,,4.0,4.0,1,91
55563,4.0,,4.0,4.0,1,91
55565,2.0,1.0,2.0,3.0,3,89
55568,2.0,0.0,2.0,2.0,4,88
55569,3.0,,3.0,3.0,1,91
55575,1.0,,1.0,1.0,1,91
55576,4.0,,4.0,4.0,1,91
55582,1.0,,1.0,1.0,1,91
55585,1.0,0.0,1.0,1.0,3,89
55586,1.5,0.7071067811865476,1.5,2.0,2,90
55587,2.0,,2.0,2.0,1,91
55588,,,,0.0,0,92
55589,1.3333333333333333,0.5773502691896257,1.0,2.0,3,89
55599,2.0,,2.0,2.0,1,91
55601,4.0,,4.0,4.0,1,91
55602,2.0,0.0,2.0,2.0,2,90
55603,7.666666666666667,5.8878405775518985,5.0,15.0,6,86
55606,1.0,,1.0,1.0,1,91
55608,11.333333333333334,7.234178138070235,15.0,16.0,3,89
55609,4.0,,4.0,4.0,1,91
55610,2.125,0.8345229603962802,2.0,3.0,8,84
55611,2.0,0.0,2.0,2.0,2,90
55612,5.0,,5.0,5.0,1,91
55622,1.0,,1.0,1.0,1,91
55624,1.0,,1.0,1.0,1,91
55625,1.0,,1.0,1.0,1,91
55626,2.0,,2.0,2.0,1,91
55627,,,,0.0,0,92
55628,6.0,,6.0,6.0,1,91
55629,20.0,,20.0,20.0,1,91
55633,1.0,,1.0,1.0,1,91
55634,1.0,,1.0,1.0,1,91
55635,5.0,0.0,5.0,5.0,3,89
55636,5.0,,5.0,5.0,1,91
55637,5.0,,5.0,5.0,1,91
55638,3.5,2.1213203435596424,3.5,5.0,2,90
55640,3.5,2.1213203435596424,3.5,5.0,2,90
55641,5.0,,5.0,5.0,1,91
55642,1.0,,1.0,1.0,1,91
55643,3.3333333333333335,3.4448028487370164,2.0,10.0,6,86
55644,4.5,4.949747468305833,4.5,8.0,2,90
55645,4.5,4.949747468305833,4.5,8.0,2,90
55647,1.6666666666666667,0.5773502691896257,2.0,2.0,3,89
55648,,,,0.0,0,92
55649,1.5,0.7071067811865476,1.5,2.0,2,90
55650,2.0,,2.0,2.0,1,91
55651,5.0,4.242640687119285,5.0,8.0,2,90
55654,9.08108108108108,9.175384879539806,6.0,37.0,37,55
55655,1.0,0.0,1.0,1.0,2,90
55656,1.0,,1.0,1.0,1,91
55657,1.0,,1.0,1.0,1,91
55658,15.0,,15.0,15.0,1,91
55659,8.0,,8.0,8.0,1,91
55660,9.473684210526315,7.25988738977959,7.5,41.0,76,16
55661,1.0,,1.0,1.0,1,91
55662,4.0,,4.0,4.0,1,91
55663,4.0,1.7320508075688772,5.0,5.0,3,89
55664,1.0,,1.0,1.0,1,91
55665,1.0,,1.0,1.0,1,91
55666,1.0,,1.0,1.0,1,91
55668,7.2631578947368425,5.694462273542193,5.0,20.0,19,73
55669,8.041666666666666,6.436844802734703,7.0,25.0,24,68
55670,5.0,,5.0,5.0,1,91
55671,5.0,,5.0,5.0,1,91
55672,4.0,,4.0,4.0,1,91
55673,1.0,0.0,1.0,1.0,3,89
55674,1.0,0.0,1.0,1.0,2,90
55675,1.0,,1.0,1.0,1,91
55676,2.4,3.1304951684997055,1.0,8.0,5,87
55677,,,,0.0,0,92
55678,,,,0.0,0,92
55679,1.0,,1.0,1.0,1,91
55680,,,,0.0,0,92
55681,1.0,,1.0,1.0,1,91
55682,1.0,,1.0,1.0,1,91
55683,1.0,,1.0,1.0,1,91
55684,2.0,,2.0,2.0,1,91
55685,2.0,,2.0,2.0,1,91
55686,4.75,2.9860788111948193,5.0,8.0,4,88
55696,7.0,,7.0,7.0,1,91
55697,3.0,,3.0,3.0,1,91
55698,10.0,,10.0,10.0,1,91
55699,10.0,,10.0,10.0,1,91
55702,1.0,,1.0,1.0,1,91
55703,1.0,0.0,1.0,1.0,2,90
55705,1.0,,1.0,1.0,1,91
55706,2.0,,2.0,2.0,1,91
55707,2.0,0.7071067811865476,2.0,3.0,5,87
55708,1.5,1.0,1.0,3.0,4,88
55710,1.6666666666666667,1.1547005383792517,1.0,3.0,3,89
55711,1.0,0.0,1.0,1.0,2,90
55712,1.0,,1.0,1.0,1,91
55713,1.3333333333333333,0.5773502691896257,1.0,2.0,3,89
55714,1.5,0.7071067811865476,1.5,2.0,2,90
55715,1.0,0.0,1.0,1.0,3,89
55716,20.0,,20.0,20.0,1,91
55717,4.0,,4.0,4.0,1,91
55718,5.0,,5.0,5.0,1,91
55719,1.0,0.0,1.0,1.0,3,89
55720,2.0,,2.0,2.0,1,91
55729,1.0,0.0,1.0,1.0,2,90
55730,3.0,,3.0,3.0,1,91
55733,1.0,,1.0,1.0,1,91
55734,3.125,1.246423454758225,3.0,5.0,8,84
55735,2.0,,2.0,2.0,1,91
55737,1.0,,1.0,1.0,1,91
55738,1.0,,1.0,1.0,1,91
55739,2.0,,2.0,2.0,1,91
55740,1.0,,1.0,1.0,1,91
55741,1.0,,1.0,1.0,1,91
55742,1.3333333333333333,0.5773502691896257,1.0,2.0,3,89
55743,1.0,,1.0,1.0,1,91
55744,1.0,,1.0,1.0,1,91
55745,1.0,,1.0,1.0,1,91
55747,2.3333333333333335,0.5773502691896258,2.0,3.0,3,89
55748,3.0,,3.0,3.0,1,91
55750,1.5,0.7071067811865476,1.5,2.0,2,90
55754,6.0,,6.0,6.0,1,91
55755,2.7142857142857144,1.1126972805283737,3.0,4.0,7,85
55756,1.0,,1.0,1.0,1,91
55759,1.0,,1.0,1.0,1,91
55760,1.0,0.0,1.0,1.0,2,90
55761,2.6666666666666665,0.5773502691896258,3.0,3.0,3,89
55762,2.5,0.7071067811865476,2.5,3.0,2,90
55763,1.5,0.7071067811865476,1.5,2.0,2,90
55764,1.0,0.0,1.0,1.0,3,89
55765,4.0,,4.0,4.0,1,91
55766,1.0,,1.0,1.0,1,91
55777,1.0,0.0,1.0,1.0,2,90
55779,6.0,,6.0,6.0,1,91
55782,1.0,,1.0,1.0,1,91
55783,2.0,1.0,2.0,3.0,3,89
55788,2.0,,2.0,2.0,1,91
55794,2.0,0.0,2.0,2.0,2,90
55795,3.0,2.8284271247461903,3.0,5.0,2,90
55803,1.0,,1.0,1.0,1,91
55806,4.75,4.9916597106239795,3.0,12.0,4,88
55807,1.0,0.0,1.0,1.0,3,89
55808,1.0,0.0,1.0,1.0,2,90
55809,1.0,0.0,1.0,1.0,3,89
55810,1.0,0.0,1.0,1.0,2,90
55811,1.0,,1.0,1.0,1,91
55812,1.0,,1.0,1.0,1,91
55813,1.0,,1.0,1.0,1,91
55814,1.0,,1.0,1.0,1,91
55815,1.0,,1.0,1.0,1,91
55816,1.0,,1.0,1.0,1,91
55817,1.0,,1.0,1.0,1,91
55818,1.3333333333333333,0.5,1.0,2.0,9,83
55819,2.0,,2.0,2.0,1,91
55820,21.238095238095237,15.673201493756123,15.5,60.0,42,50
55822,8.75,2.052872551885702,10.0,10.0,8,84
55823,17.916666666666668,7.216878364870324,20.0,30.0,12,80
55824,15.636363636363637,9.02521719708426,10.0,30.0,11,81
55825,15.333333333333334,6.304760106459246,20.0,20.0,9,83
55826,9.5,0.7071067811865476,9.5,10.0,2,90
55834,5.2,3.1144823004794877,5.0,10.0,5,87
55835,2.8,1.9235384061671348,2.0,6.0,5,87
55836,1.0,,1.0,1.0,1,91
55840,1.0,,1.0,1.0,1,91
55842,1.0,,1.0,1.0,1,91
55843,1.0,,1.0,1.0,1,91
55844,1.0,,1.0,1.0,1,91
55845,2.125,0.8345229603962802,2.0,3.0,8,84
55848,2.0,1.4142135623730951,2.0,3.0,2,90
55849,1.0,,1.0,1.0,1,91
55850,1.0,,1.0,1.0,1,91
55851,1.0,,1.0,1.0,1,91
55852,4.666666666666667,1.1547005383792517,4.0,6.0,3,89
55854,1.0,,1.0,1.0,1,91
55855,1.0,,1.0,1.0,1,91
55856,1.0,,1.0,1.0,1,91
55857,1.0,,1.0,1.0,1,91
55858,1.0,,1.0,1.0,1,91
55859,2.3333333333333335,0.5773502691896258,2.0,3.0,3,89
55860,2.3333333333333335,0.5773502691896258,2.0,3.0,3,89
55861,2.3333333333333335,0.5773502691896258,2.0,3.0,3,89
55862,2.888888888888889,1.1666666666666667,2.0,5.0,9,83
55863,2.6666666666666665,1.9663841605003503,2.0,5.0,6,86
55864,2.0,1.4142135623730951,1.5,5.0,8,84
55865,3.25,0.5,3.0,4.0,4,88
55866,5.0,4.358898943540674,3.0,10.0,3,89
55867,3.0,,3.0,3.0,1,91
55868,5.0,2.8284271247461903,5.0,7.0,2,90
55869,3.0,,3.0,3.0,1,91
55870,3.0,,3.0,3.0,1,91
55871,3.0,,3.0,3.0,1,91
55872,3.0,,3.0,3.0,1,91
55873,2.3333333333333335,0.5773502691896258,2.0,3.0,3,89
55874,1.75,0.9574271077563381,1.5,3.0,4,88
55875,3.0,,3.0,3.0,1,91
55876,4.0,1.4142135623730951,4.0,5.0,2,90
55877,3.0,0.0,3.0,3.0,2,90
55878,4.0,1.4142135623730951,4.0,5.0,2,90
55879,3.0,,3.0,3.0,1,91
55880,3.0,,3.0,3.0,1,91
55881,2.0,1.4142135623730951,2.0,3.0,2,90
55882,2.0,1.4142135623730951,2.0,3.0,2,90
55883,2.0,1.4142135623730951,2.0,3.0,2,90
55884,3.0,,3.0,3.0,1,91
55885,2.0,1.0,2.0,3.0,3,89
55886,2.0,1.0,2.0,3.0,3,89
55888,5.0,,5.0,5.0,1,91
55889,1.0,,1.0,1.0,1,91
55890,2.5555555555555554,1.509230856356236,2.0,5.0,9,83
55891,1.0,,1.0,1.0,1,91
55892,1.0,,1.0,1.0,1,91
55893,3.0,0.0,3.0,3.0,2,90
55894,1.0,,1.0,1.0,1,91
55895,1.0,,1.0,1.0,1,91
55896,,,,0.0,0,92
55897,1.0,,1.0,1.0,1,91
55898,2.0,0.7071067811865476,2.0,3.0,5,87
55899,1.0,,1.0,1.0,1,91
55900,1.0,,1.0,1.0,1,91
55901,1.0,,1.0,1.0,1,91
55905,2.0,,2.0,2.0,1,91
55908,1.5,0.7071067811865476,1.5,2.0,2,90
55909,1.0,,1.0,1.0,1,91
55913,4.0,3.3166247903554,3.0,8.0,5,87
55914,4.0,0.0,4.0,4.0,6,86
55916,1.0,,1.0,1.0,1,91
55922,1.0,,1.0,1.0,1,91
55925,2.0,,2.0,2.0,1,91
55928,1.0,,1.0,1.0,1,91
55930,1.0,0.0,1.0,1.0,2,90
55932,3.0,2.943920288775949,2.0,10.0,16,76
55933,1.0,,1.0,1.0,1,91
55935,2.0,,2.0,2.0,1,91
55939,2.5,0.7071067811865476,2.5,3.0,2,90
55940,1.0,,1.0,1.0,1,91
55941,1.0,,1.0,1.0,1,91
55942,1.5555555555555556,0.7264831572567789,1.0,3.0,9,83
55944,1.0,,1.0,1.0,1,91
55947,10.0,,10.0,10.0,1,91
55948,1.0,0.0,1.0,1.0,3,89
55952,2.2,1.0954451150103321,2.0,4.0,5,87
55953,10.0,,10.0,10.0,1,91
55955,3.8181818181818183,3.400534717310847,3.0,12.0,11,81
55956,1.6,0.8944271909999159,1.0,3.0,5,87
55957,4.0,,4.0,4.0,1,91
55958,2.0,0.0,2.0,2.0,4,88
55959,8.0,,8.0,8.0,1,91
55961,1.0,,1.0,1.0,1,91
55962,1.0,,1.0,1.0,1,91
55963,2.0,1.558387444947959,1.0,6.0,15,77
55964,2.0,1.2649110640673518,1.5,4.0,6,86
55965,1.0,,1.0,1.0,1,91
55966,2.5,0.7071067811865476,2.5,3.0,2,90
55968,1.0,,1.0,1.0,1,91
55969,2.3333333333333335,0.5773502691896258,2.0,3.0,3,89
55970,1.0,,1.0,1.0,1,91
55971,1.0,,1.0,1.0,1,91
55973,3.0,0.7071067811865476,3.0,4.0,5,87
55974,3.0,,3.0,3.0,1,91
55975,2.0,,2.0,2.0,1,91
55976,1.0,,1.0,1.0,1,91
55977,4.0,,4.0,4.0,1,91
55978,4.0,,4.0,4.0,1,91
55980,1.0,,1.0,1.0,1,91
55981,1.0,,1.0,1.0,1,91
55982,1.0,,1.0,1.0,1,91
55983,1.0,,1.0,1.0,1,91
55988,2.3333333333333335,1.5275252316519465,2.0,4.0,3,89
55989,2.0,,2.0,2.0,1,91
55990,2.0,,2.0,2.0,1,91
55991,3.0,,3.0,3.0,1,91
56002,2.0,,2.0,2.0,1,91
56003,2.0,,2.0,2.0,1,91
56004,1.0,,1.0,1.0,1,91
56006,2.0,,2.0,2.0,1,91
56008,1.0,0.0,1.0,1.0,2,90
56009,5.290322580645161,3.716571434239688,5.0,18.0,31,61
56013,1.0,0.0,1.0,1.0,2,90
56014,1.0,,1.0,1.0,1,91
56015,1.0,,1.0,1.0,1,91
56016,1.0,,1.0,1.0,1,91
56018,2.0,,2.0,2.0,1,91
56020,3.5714285714285716,3.0472470011002204,2.0,10.0,7,85
56021,1.375,0.5175491695067657,1.0,2.0,8,84
56022,2.25,1.8929694486000912,1.5,5.0,4,88
56023,1.25,0.5,1.0,2.0,4,88
56024,1.2857142857142858,0.48795003647426666,1.0,2.0,7,85
56025,1.3333333333333333,0.5773502691896257,1.0,2.0,3,89
56026,2.6,1.3416407864998738,2.0,5.0,5,87
56027,1.2857142857142858,0.48795003647426666,1.0,2.0,7,85
56028,2.0,,2.0,2.0,1,91
56029,3.4,3.714835124201342,2.0,10.0,5,87
56030,1.1428571428571428,0.3779644730092273,1.0,2.0,7,85
56031,1.3333333333333333,0.5773502691896257,1.0,2.0,3,89
56032,2.0,0.0,2.0,2.0,2,90
56033,1.3333333333333333,0.5773502691896257,1.0,2.0,3,89
56034,2.0,,2.0,2.0,1,91
56035,2.0,,2.0,2.0,1,91
56036,1.3333333333333333,0.5773502691896257,1.0,2.0,3,89
56037,2.0,,2.0,2.0,1,91
56038,2.0,,2.0,2.0,1,91
56039,2.0,,2.0,2.0,1,91
56040,2.0,,2.0,2.0,1,91
56041,2.0,,2.0,2.0,1,91
56042,2.0,,2.0,2.0,1,91
56043,2.0,,2.0,2.0,1,91
56044,2.0,,2.0,2.0,1,91
56045,2.0,,2.0,2.0,1,91
56046,2.0,,2.0,2.0,1,91
56047,2.0,,2.0,2.0,1,91
56048,2.0,,2.0,2.0,1,91
56049,1.0,,1.0,1.0,1,91
56050,1.0,,1.0,1.0,1,91
56051,1.0,,1.0,1.0,1,91
56052,1.0,,1.0,1.0,1,91
56053,1.5,0.7071067811865476,1.5,2.0,2,90
56054,2.0,,2.0,2.0,1,91
56055,2.0,,2.0,2.0,1,91
56056,1.0,,1.0,1.0,1,91
56057,1.5,0.7071067811865476,1.5,2.0,2,90
56058,1.0,,1.0,1.0,1,91
56059,9.8,8.78635305459552,7.0,24.0,5,87
56060,3.423076923076923,2.0034585480728455,3.0,9.0,26,66
56061,1.0,,1.0,1.0,1,91
56063,2.0,,2.0,2.0,1,91
56064,1.5,0.5773502691896257,1.5,2.0,4,88
56065,1.0,,1.0,1.0,1,91
56066,1.0,0.0,1.0,1.0,2,90
56067,1.0,,1.0,1.0,1,91
56068,1.0,,1.0,1.0,1,91
56069,1.8333333333333333,2.041241452319315,1.0,6.0,6,86
56070,2.0,,2.0,2.0,1,91
56071,2.0,,2.0,2.0,1,91
56072,1.0,,1.0,1.0,1,91
56073,1.0,,1.0,1.0,1,91
56074,2.0,,2.0,2.0,1,91
56075,1.0,,1.0,1.0,1,91
56076,1.0,0.0,1.0,1.0,2,90
56077,1.0,,1.0,1.0,1,91
56078,1.25,0.5,1.0,2.0,4,88
56079,2.0,1.0,2.0,3.0,3,89
56081,1.0,0.0,1.0,1.0,3,89
56082,1.0,0.0,1.0,1.0,5,87
56084,1.3333333333333333,0.5773502691896257,1.0,2.0,3,89
56085,1.3333333333333333,0.5773502691896257,1.0,2.0,3,89
56086,1.2857142857142858,0.48795003647426666,1.0,2.0,7,85
56089,1.0,,1.0,1.0,1,91
56094,1.0,,1.0,1.0,1,91
56095,2.0,,2.0,2.0,1,91
56096,4.0,,4.0,4.0,1,91
56098,1.0,,1.0,1.0,1,91
56099,1.0,,1.0,1.0,1,91
56100,1.0,,1.0,1.0,1,91
56101,1.0,,1.0,1.0,1,91
56103,4.0,,4.0,4.0,1,91
56108,1.0,,1.0,1.0,1,91
56109,2.3333333333333335,1.1547005383792515,3.0,3.0,3,89
56111,1.0,,1.0,1.0,1,91
56112,1.0,,1.0,1.0,1,91
56113,1.0,,1.0,1.0,1,91
56114,1.0,,1.0,1.0,1,91
56115,1.3333333333333333,0.5773502691896257,1.0,2.0,3,89
56116,4.0,,4.0,4.0,1,91
56119,1.1428571428571428,0.3631365196012815,1.0,2.0,14,78
56121,1.0,,1.0,1.0,1,91
56122,2.5,2.1213203435596424,2.5,4.0,2,90
56123,,,,0.0,0,92
56124,2.5,2.1213203435596424,2.5,4.0,2,90
56224,1.0,0.0,1.0,1.0,3,89
56225,2.0,,2.0,2.0,1,91
56226,5.0,,5.0,5.0,1,91
56227,6.0,1.4142135623730951,6.0,7.0,2,90
56228,1.0,,1.0,1.0,1,91
56229,2.6,0.8944271909999159,2.0,4.0,5,87
56230,2.0,,2.0,2.0,1,91
56232,1.0,,1.0,1.0,1,91
56233,2.0,,2.0,2.0,1,91
56235,1.0,,1.0,1.0,1,91
56236,1.0,,1.0,1.0,1,91
56239,1.0,,1.0,1.0,1,91
56240,1.0,,1.0,1.0,1,91
56241,2.0,,2.0,2.0,1,91
56243,,,,0.0,0,92
56244,2.0,0.7071067811865476,2.0,3.0,5,87
56245,1.0,0.0,1.0,1.0,5,87
56246,1.0,0.0,1.0,1.0,4,88
56247,1.3333333333333333,0.5773502691896257,1.0,2.0,3,89
56248,2.0,,2.0,2.0,1,91
56249,1.2,0.44721359549995804,1.0,2.0,5,87
56250,1.0,0.0,1.0,1.0,3,89
56251,1.0,,1.0,1.0,1,91
56252,1.0,0.0,1.0,1.0,6,86
56253,1.0,0.0,1.0,1.0,4,88
56254,1.5,0.7071067811865476,1.5,2.0,2,90
56255,1.5,0.7071067811865476,1.5,2.0,2,90
56256,1.0,,1.0,1.0,1,91
56260,1.0,,1.0,1.0,1,91
56261,5.0,0.0,5.0,5.0,2,90
56262,5.0,,5.0,5.0,1,91
56263,5.0,0.0,5.0,5.0,2,90
56264,5.0,,5.0,5.0,1,91
56267,1.0,,1.0,1.0,1,91
56268,2.0,1.4142135623730951,2.0,3.0,2,90
56269,25.0,7.0710678118654755,25.0,30.0,2,90
56270,1.0,,1.0,1.0,1,91
56271,1.0,,1.0,1.0,1,91
56272,1.0,,1.0,1.0,1,91
56273,1.0,0.0,1.0,1.0,3,89
56274,1.3333333333333333,0.5773502691896257,1.0,2.0,3,89
56275,1.0,0.0,1.0,1.0,2,90
56277,1.0,,1.0,1.0,1,91
56278,1.0,,1.0,1.0,1,91
56279,1.0,,1.0,1.0,1,91
56280,1.6666666666666667,0.5773502691896257,2.0,2.0,3,89
56281,1.0,0.0,1.0,1.0,2,90
56282,1.0,0.0,1.0,1.0,3,89
56283,1.0,0.0,1.0,1.0,2,90
56284,1.0,0.0,1.0,1.0,2,90
56285,1.0,0.0,1.0,1.0,2,90
56286,1.0,0.0,1.0,1.0,2,90
56287,1.0,0.0,1.0,1.0,2,90
56288,3.0,1.7320508075688772,2.0,5.0,3,89
56289,3.0,,3.0,3.0,1,91
56291,3.0,,3.0,3.0,1,91
56294,1.0,0.0,1.0,1.0,3,89
56295,1.5,0.7071067811865476,1.5,2.0,2,90
56297,2.0,,2.0,2.0,1,91
56298,1.75,0.5,2.0,2.0,4,88
56299,6.25,3.304037933599835,6.0,10.0,4,88
56300,5.0,,5.0,5.0,1,91
56302,5.0,,5.0,5.0,1,91
56303,5.0,,5.0,5.0,1,91
56304,1.0,,1.0,1.0,1,91
56306,1.0,,1.0,1.0,1,91
56307,1.0,0.0,1.0,1.0,2,90
56309,1.0,0.0,1.0,1.0,3,89
56310,2.0,,2.0,2.0,1,91
56311,4.0,0.0,4.0,4.0,2,90
56312,4.0,,4.0,4.0,1,91
56313,1.0,,1.0,1.0,1,91
56314,4.0,,4.0,4.0,1,91
56320,4.0,1.4142135623730951,4.0,5.0,2,90
56321,3.0,2.0,3.0,5.0,3,89
56327,3.0,,3.0,3.0,1,91
56328,3.5,2.1213203435596424,3.5,5.0,2,90
56329,1.0,,1.0,1.0,1,91
56330,4.5,0.7071067811865476,4.5,5.0,2,90
56331,2.15,1.6311119875071343,2.0,8.0,20,72
56332,15.333333333333334,8.082903768654761,20.0,20.0,3,89
56333,3.2291666666666665,2.4602333683921844,2.5,12.0,48,44
56335,4.0,,4.0,4.0,1,91
56336,5.333333333333333,2.309401076758503,4.0,8.0,3,89
56340,1.0,,1.0,1.0,1,91
56341,1.0,,1.0,1.0,1,91
56342,1.0,,1.0,1.0,1,91
56343,6.0,,6.0,6.0,1,91
56344,3.625,1.9226098333849673,3.0,7.0,8,84
56345,1.4285714285714286,0.7867957924694431,1.0,3.0,7,85
56346,1.5,1.0,1.0,3.0,4,88
56347,20.22222222222222,9.510228411791404,24.0,32.0,9,83
56348,5.25,3.3273756282434617,5.0,10.0,8,84
56349,5.666666666666667,4.041451884327381,5.0,10.0,3,89
56350,1.8333333333333333,1.329160135825126,1.0,4.0,6,86
56351,1.0,,1.0,1.0,1,91
56352,3.0,2.8284271247461903,3.0,5.0,2,90
56353,1.0,,1.0,1.0,1,91
56354,1.0,,1.0,1.0,1,91
56355,1.0,,1.0,1.0,1,91
56360,1.0,0.0,1.0,1.0,5,87
56361,1.25,0.5,1.0,2.0,4,88
56362,1.0,0.0,1.0,1.0,4,88
56363,1.0,,1.0,1.0,1,91
56364,1.0,,1.0,1.0,1,91
56365,2.0,,2.0,2.0,1,91
56366,5.0,3.24037034920393,5.0,10.0,5,87
56367,2.0,1.4142135623730951,2.0,3.0,2,90
56368,3.5,2.1213203435596424,3.5,5.0,2,90
56369,2.3333333333333335,1.5275252316519468,2.0,4.0,3,89
56370,4.0,,4.0,4.0,1,91
56371,1.0,0.0,1.0,1.0,4,88
56372,2.0,,2.0,2.0,1,91
56373,2.0,,2.0,2.0,1,91
56374,3.0,,3.0,3.0,1,91
56376,2.0,,2.0,2.0,1,91
56377,1.5,0.7071067811865476,1.5,2.0,2,90
56378,1.0,,1.0,1.0,1,91
56379,2.5,0.7071067811865476,2.5,3.0,2,90
56381,2.0,,2.0,2.0,1,91
56382,1.0,,1.0,1.0,1,91
56383,1.5,0.7071067811865476,1.5,2.0,2,90
56384,2.0,,2.0,2.0,1,91
56385,15.818181818181818,8.986859093344925,11.0,30.0,11,81
56386,14.933333333333334,8.53954387094589,11.0,30.0,15,77
56387,7.5,2.7386127875258306,7.5,10.0,6,86
56388,10.0,,10.0,10.0,1,91
56389,7.0,2.943920288775949,6.0,10.0,7,85
56390,10.0,,10.0,10.0,1,91
56392,10.0,,10.0,10.0,1,91
56393,8.0,2.8284271247461903,8.0,10.0,2,90
56394,10.0,,10.0,10.0,1,91
56395,4.0,2.385855756810896,4.0,10.0,14,78
56396,10.0,,10.0,10.0,1,91
56397,9.5,8.240145629781066,8.0,25.0,6,86
56398,9.5,8.240145629781066,8.0,25.0,6,86
56399,10.0,,10.0,10.0,1,91
56400,6.0,5.656854249492381,6.0,10.0,2,90
56401,1.25,0.5,1.0,2.0,4,88
56402,2.0,1.4142135623730951,1.5,4.0,4,88
56403,2.0,,2.0,2.0,1,91
56404,1.5,0.7071067811865476,1.5,2.0,2,90
56405,1.0,0.0,1.0,1.0,2,90
56406,1.3333333333333333,0.5773502691896257,1.0,2.0,3,89
56407,1.3333333333333333,0.5773502691896257,1.0,2.0,3,89
56408,2.3333333333333335,2.3094010767585034,1.0,5.0,3,89
56409,3.0,,3.0,3.0,1,91
56410,1.0,,1.0,1.0,1,91
56411,1.0,,1.0,1.0,1,91
56413,3.0,,3.0,3.0,1,91
56414,3.0,,3.0,3.0,1,91
56415,10.0,8.631338250816034,10.0,30.0,13,79
56416,1.0,,1.0,1.0,1,91
56417,5.0,,5.0,5.0,1,91
56419,2.0,,2.0,2.0,1,91
56420,2.0,0.0,2.0,2.0,3,89
56422,1.5,0.7071067811865476,1.5,2.0,2,90
56424,1.0,,1.0,1.0,1,91
56425,2.0,,2.0,2.0,1,91
56426,2.25,0.9574271077563381,2.5,3.0,4,88
56427,4.5,3.5355339059327378,4.5,7.0,2,90
56428,1.0,,1.0,1.0,1,91
56429,1.0,,1.0,1.0,1,91
56430,3.4166666666666665,3.6793856535947396,2.0,14.0,12,80
56431,6.071428571428571,5.837073630804101,4.0,18.0,14,78
56435,5.0,3.082207001484488,5.0,10.0,5,87
56436,8.0,7.035623639735144,5.0,20.0,5,87
56444,12.0,,12.0,12.0,1,91
56445,2.0,,2.0,2.0,1,91
56446,1.0,,1.0,1.0,1,91
56453,2.0,0.0,2.0,2.0,3,89
56454,3.0,1.4142135623730951,3.0,4.0,2,90
56457,,,,0.0,0,92
56458,1.0,,1.0,1.0,1,91
56459,1.25,0.5,1.0,2.0,4,88
56460,1.6666666666666667,1.1547005383792517,1.0,3.0,3,89
56461,,,,0.0,0,92
56462,2.0,,2.0,2.0,1,91
56463,1.0,0.0,1.0,1.0,4,88
56464,1.25,0.4472135954999579,1.0,2.0,16,76
56465,1.0,,1.0,1.0,1,91
56466,1.0,,1.0,1.0,1,91
56468,1.0,,1.0,1.0,1,91
56469,2.5,0.7071067811865476,2.5,3.0,2,90
56471,5.0,0.0,5.0,5.0,2,90
56472,1.0,,1.0,1.0,1,91
56473,1.0,,1.0,1.0,1,91
56475,1.0,,1.0,1.0,1,91
56495,2.5,0.7071067811865476,2.5,3.0,2,90
56496,1.0,0.0,1.0,1.0,2,90
56497,1.0,0.0,1.0,1.0,3,89
56514,2.75,1.6218615177038684,2.0,6.0,24,68
56515,1.0,,1.0,1.0,1,91
56516,5.0,,5.0,5.0,1,91
56517,2.0,,2.0,2.0,1,91
56518,3.0,,3.0,3.0,1,91
56519,2.5,1.224744871391589,2.0,4.0,6,86
56521,1.5,0.7071067811865476,1.5,2.0,2,90
56522,2.0,,2.0,2.0,1,91
56523,1.0,,1.0,1.0,1,91
56524,2.0,,2.0,2.0,1,91
56525,2.0,0.0,2.0,2.0,2,90
56526,,,,0.0,0,92
56527,1.0,,1.0,1.0,1,91
56528,2.0,0.0,2.0,2.0,3,89
56531,2.0,1.0,2.0,3.0,3,89
56532,1.0,0.0,1.0,1.0,11,81
56533,1.0,0.0,1.0,1.0,3,89
56535,4.7,3.1640339933558095,4.5,12.0,10,82
56541,1.0,,1.0,1.0,1,91
56542,1.0,,1.0,1.0,1,91
56543,2.0,,2.0,2.0,1,91
56544,2.0,,2.0,2.0,1,91
56545,4.0,,4.0,4.0,1,91
56546,3.0,1.4142135623730951,3.0,4.0,2,90
56548,12.0,,12.0,12.0,1,91
56549,12.0,,12.0,12.0,1,91
56550,12.0,,12.0,12.0,1,91
56551,1.0,,1.0,1.0,1,91
56552,12.0,,12.0,12.0,1,91
56553,1.0,0.0,1.0,1.0,3,89
56555,6.25,5.560275772537426,6.0,12.0,4,88
56560,1.0,,1.0,1.0,1,91
56561,1.0,,1.0,1.0,1,91
56562,1.0,,1.0,1.0,1,91
56563,3.0,0.0,3.0,3.0,2,90
56564,1.0,0.0,1.0,1.0,2,90
56565,1.0,,1.0,1.0,1,91
56570,1.8571428571428572,1.4638501094227998,1.0,5.0,7,85
56571,5.0,1.4142135623730951,5.0,6.0,2,90
56574,2.0,0.816496580927726,2.0,3.0,4,88
56577,1.0,,1.0,1.0,1,91
56578,3.75,2.0615528128088303,4.0,6.0,4,88
56579,1.0,0.0,1.0,1.0,2,90
56580,1.5,0.7071067811865476,1.5,2.0,2,90
56581,2.0,,2.0,2.0,1,91
56582,1.0,,1.0,1.0,1,91
56584,5.333333333333333,1.1547005383792517,6.0,6.0,3,89
56585,1.0,0.0,1.0,1.0,2,90
56587,1.0,0.0,1.0,1.0,2,90
56590,2.0,,2.0,2.0,1,91
56591,3.0,1.4142135623730951,3.0,4.0,2,90
56592,2.0,0.0,2.0,2.0,5,87
56593,1.0,0.0,1.0,1.0,2,90
56594,1.3333333333333333,0.5773502691896257,1.0,2.0,3,89
56595,1.75,0.9574271077563381,1.5,3.0,4,88
56596,1.0,0.0,1.0,1.0,5,87
56598,1.0,,1.0,1.0,1,91
56599,5.0,5.656854249492381,5.0,9.0,2,90
56600,15.0,,15.0,15.0,1,91
56601,2.5,0.7071067811865476,2.5,3.0,2,90
56602,,,,0.0,0,92
56604,3.3333333333333335,2.081665999466133,4.0,5.0,3,89
56605,1.0,,1.0,1.0,1,91
56606,1.0,,1.0,1.0,1,91
56607,2.0,0.0,2.0,2.0,3,89
56608,2.0,,2.0,2.0,1,91
56609,1.0,,1.0,1.0,1,91
56614,2.0,,2.0,2.0,1,91
56615,1.0,,1.0,1.0,1,91
56616,1.0,,1.0,1.0,1,91
56628,1.0,,1.0,1.0,1,91
56630,4.5,0.7071067811865476,4.5,5.0,2,90
56633,1.0,,1.0,1.0,1,91
56635,1.0,,1.0,1.0,1,91
56636,4.0,,4.0,4.0,1,91
56637,20.0,,20.0,20.0,1,91
56638,12.5,7.593857166596345,13.5,20.0,4,88
56639,2.0,,2.0,2.0,1,91
56641,2.6666666666666665,2.081665999466133,2.0,5.0,3,89
56642,2.0,,2.0,2.0,1,91
56643,2.0,,2.0,2.0,1,91
56645,1.0,,1.0,1.0,1,91
56646,1.5,0.7071067811865476,1.5,2.0,2,90
56649,1.0,,1.0,1.0,1,91
56650,1.0,0.0,1.0,1.0,2,90
56651,11.0,9.451631252505216,8.0,24.0,4,88
56652,1.0,,1.0,1.0,1,91
56653,1.0,,1.0,1.0,1,91
56654,,,,0.0,0,92
56655,1.0,0.0,1.0,1.0,2,90
56657,1.0,,1.0,1.0,1,91
56658,1.0,,1.0,1.0,1,91
56660,2.0,1.4142135623730951,2.0,3.0,2,90
56661,3.0,,3.0,3.0,1,91
56662,2.4,1.51657508881031,2.0,5.0,5,87
56663,1.5,0.7071067811865476,1.5,2.0,2,90
56664,1.25,0.5,1.0,2.0,4,88
56665,1.5,0.5773502691896257,1.5,2.0,4,88
56666,2.0,,2.0,2.0,1,91
56667,1.0,,1.0,1.0,1,91
56668,4.0,5.196152422706632,1.0,10.0,3,89
56669,1.3333333333333333,0.5773502691896257,1.0,2.0,3,89
56670,2.0,,2.0,2.0,1,91
56671,2.3333333333333335,0.5773502691896258,2.0,3.0,3,89
56672,2.5,0.7071067811865476,2.5,3.0,2,90
56673,2.0,,2.0,2.0,1,91
56674,1.0,,1.0,1.0,1,91
56676,1.0,,1.0,1.0,1,91
56677,1.0,0.0,1.0,1.0,6,86
56678,1.5,0.7071067811865476,1.5,2.0,2,90
56679,2.0,,2.0,2.0,1,91
56680,4.8,6.870225614927067,2.0,17.0,5,87
56681,1.0,,1.0,1.0,1,91
56682,2.0,1.7320508075688772,1.0,4.0,3,89
56684,10.0,0.0,10.0,10.0,3,89
56685,3.0,,3.0,3.0,1,91
56686,1.0,0.0,1.0,1.0,2,90
56687,1.0,,1.0,1.0,1,91
56688,8.333333333333334,2.8867513459481287,10.0,10.0,3,89
56694,1.0,,1.0,1.0,1,91
56695,10.0,,10.0,10.0,1,91
56696,6.0,1.4142135623730951,6.0,7.0,2,90
56697,5.0,,5.0,5.0,1,91
56699,5.0,,5.0,5.0,1,91
56700,1.0,,1.0,1.0,1,91
56701,1.0,0.0,1.0,1.0,4,88
56703,1.0,0.0,1.0,1.0,3,89
56704,1.0,,1.0,1.0,1,91
56705,2.2,0.8366600265340756,2.0,3.0,5,87
56706,1.0,,1.0,1.0,1,91
56709,3.375,1.5551457362156016,3.0,7.0,24,68
56710,1.0,,1.0,1.0,1,91
56711,1.0,,1.0,1.0,1,91
56712,1.0,,1.0,1.0,1,91
56713,1.0,,1.0,1.0,1,91
56714,1.0,0.0,1.0,1.0,3,89
56716,1.0,,1.0,1.0,1,91
56717,1.0,,1.0,1.0,1,91
56718,2.0,,2.0,2.0,1,91
56719,1.0,0.0,1.0,1.0,3,89
56720,1.0,,1.0,1.0,1,91
56721,4.0,,4.0,4.0,1,91
56722,2.0,,2.0,2.0,1,91
56723,1.0,,1.0,1.0,1,91
56724,1.0,,1.0,1.0,1,91
56726,2.0,,2.0,2.0,1,91
56727,1.0,0.0,1.0,1.0,2,90
56728,3.0,1.1547005383792515,3.0,4.0,4,88
56730,2.0,,2.0,2.0,1,91
56731,4.0,,4.0,4.0,1,91
56732,1.0,,1.0,1.0,1,91
56733,1.0,,1.0,1.0,1,91
56734,3.0,,3.0,3.0,1,91
56735,3.0,,3.0,3.0,1,91
56736,5.0,,5.0,5.0,1,91
56737,,,,0.0,0,92
56738,1.6666666666666667,0.5773502691896257,2.0,2.0,3,89
56740,1.0,,1.0,1.0,1,91
56741,2.0,,2.0,2.0,1,91
56742,2.0,,2.0,2.0,1,91
56743,1.0,,1.0,1.0,1,91
56744,1.0,,1.0,1.0,1,91
56745,1.0,,1.0,1.0,1,91
56751,5.0,,5.0,5.0,1,91
56753,1.3333333333333333,0.5773502691896257,1.0,2.0,3,89
56754,1.0,0.0,1.0,1.0,3,89
56755,4.0,,4.0,4.0,1,91
56756,,,,0.0,0,92
56757,2.0,,2.0,2.0,1,91
56759,4.5,3.5355339059327378,4.5,7.0,2,90
56760,1.0,,1.0,1.0,1,91
56761,1.0,,1.0,1.0,1,91
56763,1.3333333333333333,0.5773502691896257,1.0,2.0,3,89
56764,1.0,,1.0,1.0,1,91
56765,1.5,0.7071067811865476,1.5,2.0,2,90
56766,9.8,9.418067742376884,5.0,20.0,5,87
56768,15.851851851851851,14.07863548814221,12.0,63.0,27,65
56769,1.2,0.4472135954999579,1.0,2.0,5,87
56770,1.0,,1.0,1.0,1,91
56771,1.0,0.0,1.0,1.0,2,90
56772,1.0,0.0,1.0,1.0,3,89
56773,1.0,0.0,1.0,1.0,3,89
56774,1.0,,1.0,1.0,1,91
56775,3.0,,3.0,3.0,1,91
56778,1.0,,1.0,1.0,1,91
56779,1.0,0.0,1.0,1.0,2,90
56780,1.25,0.5,1.0,2.0,4,88
56781,3.0,,3.0,3.0,1,91
56782,1.0,,1.0,1.0,1,91
56783,6.25,4.5,7.0,10.0,4,88
56784,4.666666666666667,0.5773502691896258,5.0,5.0,3,89
56785,4.666666666666667,0.5773502691896258,5.0,5.0,3,89
56786,4.5,0.5773502691896257,4.5,5.0,4,88
56787,1.0,0.0,1.0,1.0,2,90
56788,4.666666666666667,0.5773502691896258,5.0,5.0,3,89
56789,4.666666666666667,0.5773502691896258,5.0,5.0,3,89
56790,4.0,1.1547005383792515,4.0,5.0,4,88
56791,4.333333333333333,1.1547005383792517,5.0,5.0,3,89
56792,4.333333333333333,1.1547005383792517,5.0,5.0,3,89
56793,4.333333333333333,1.1547005383792517,5.0,5.0,3,89
56794,4.333333333333333,1.1547005383792517,5.0,5.0,3,89
56795,1.0,,1.0,1.0,1,91
56796,1.0,0.0,1.0,1.0,2,90
56797,2.0,1.0,2.0,3.0,3,89
56800,1.0,,1.0,1.0,1,91
56802,1.5714285714285714,1.1338934190276817,1.0,4.0,7,85
56803,1.0,,1.0,1.0,1,91
56805,6.0,,6.0,6.0,1,91
56806,20.0,14.142135623730951,20.0,30.0,2,90
56807,6.0,,6.0,6.0,1,91
56810,1.0,,1.0,1.0,1,91
56829,8.0,,8.0,8.0,1,91
56848,1.0,,1.0,1.0,1,91
56905,1.0,,1.0,1.0,1,91
56907,2.0,0.0,2.0,2.0,2,90
56908,2.6666666666666665,0.5773502691896258,3.0,3.0,3,89
56909,3.0,,3.0,3.0,1,91
56910,1.5,0.7071067811865476,1.5,2.0,2,90
56911,2.6666666666666665,1.5275252316519465,3.0,4.0,3,89
56913,1.0,,1.0,1.0,1,91
56914,1.0,,1.0,1.0,1,91
56915,1.0,,1.0,1.0,1,91
56916,1.0,0.0,1.0,1.0,2,90
56917,1.5,0.7071067811865476,1.5,2.0,2,90
56918,1.0,,1.0,1.0,1,91
56919,2.2,1.3038404810405297,2.0,4.0,5,87
56920,1.0,,1.0,1.0,1,91
56921,1.0,0.0,1.0,1.0,2,90
56922,1.0,,1.0,1.0,1,91
56924,2.0,,2.0,2.0,1,91
56925,1.0,,1.0,1.0,1,91
56927,2.0,,2.0,2.0,1,91
56928,1.0,,1.0,1.0,1,91
56930,1.0,,1.0,1.0,1,91
56933,20.0,,20.0,20.0,1,91
56934,1.75,0.5,2.0,2.0,4,88
56936,6.0,,6.0,6.0,1,91
56938,1.0,,1.0,1.0,1,91
56941,1.0,,1.0,1.0,1,91
56943,1.0,0.0,1.0,1.0,2,90
56944,4.0,2.8284271247461903,4.0,6.0,2,90
56945,4.0,,4.0,4.0,1,91
56946,1.0,,1.0,1.0,1,91
56947,2.75,0.9653072991634227,3.0,4.0,12,80
56948,1.0,,1.0,1.0,1,91
56949,1.625,0.5175491695067657,2.0,2.0,8,84
56951,2.0,,2.0,2.0,1,91
56955,2.0,,2.0,2.0,1,91
56956,2.0,,2.0,2.0,1,91
56965,2.0,,2.0,2.0,1,91
56966,4.0,,4.0,4.0,1,91
56967,1.5,0.7071067811865476,1.5,2.0,2,90
56968,2.5,0.7071067811865476,2.5,3.0,2,90
56969,,,,0.0,0,92
56970,4.0,,4.0,4.0,1,91
56973,1.0,,1.0,1.0,1,91
56983,,,,0.0,0,92
56986,1.25,0.5,1.0,2.0,4,88
56988,1.0,0.0,1.0,1.0,2,90
56989,1.0,0.0,1.0,1.0,2,90
56990,1.0,,1.0,1.0,1,91
56991,2.0,,2.0,2.0,1,91
56992,1.0,0.0,1.0,1.0,4,88
56994,2.75,1.707825127659933,2.5,5.0,4,88
56997,2.0,,2.0,2.0,1,91
56998,1.5,0.7071067811865476,1.5,2.0,2,90
56999,1.0,0.0,1.0,1.0,2,90
57000,1.0,,1.0,1.0,1,91
57001,1.0,0.0,1.0,1.0,2,90
57002,1.0,0.0,1.0,1.0,2,90
57003,2.0,,2.0,2.0,1,91
57004,1.0,,1.0,1.0,1,91
57005,1.0,0.0,1.0,1.0,3,89
57007,5.666666666666667,2.516611478423583,6.0,8.0,3,89
57013,1.0,,1.0,1.0,1,91
57014,1.0,,1.0,1.0,1,91
57015,1.0,,1.0,1.0,1,91
57016,1.0,,1.0,1.0,1,91
57017,2.3,2.79085809185793,1.0,10.0,10,82
57018,1.0,,1.0,1.0,1,91
57021,1.0,,1.0,1.0,1,91
57022,1.5,0.7071067811865476,1.5,2.0,2,90
57023,4.0,,4.0,4.0,1,91
57024,4.8,4.658325879540847,2.0,12.0,5,87
57027,2.5,2.7625312572654126,1.0,10.0,20,72
57028,1.0,,1.0,1.0,1,91
57029,1.0,,1.0,1.0,1,91
57030,1.0,,1.0,1.0,1,91
57031,4.0,,4.0,4.0,1,91
57032,1.0,,1.0,1.0,1,91
57033,2.0,0.0,2.0,2.0,2,90
57034,1.8333333333333333,1.6020819787597222,1.0,5.0,6,86
57035,1.0,,1.0,1.0,1,91
57042,,,,0.0,0,92
57045,1.0,,1.0,1.0,1,91
57046,1.0,,1.0,1.0,1,91
57047,1.0,,1.0,1.0,1,91
57048,1.0,,1.0,1.0,1,91
57050,1.0,0.0,1.0,1.0,2,90
57052,1.5,0.7071067811865476,1.5,2.0,2,90
57055,,,,0.0,0,92
57056,1.0,0.0,1.0,1.0,2,90
57057,4.0,,4.0,4.0,1,91
57058,4.0,,4.0,4.0,1,91
57060,2.0,,2.0,2.0,1,91
57062,2.0,,2.0,2.0,1,91
57064,2.0,,2.0,2.0,1,91
57065,1.0,,1.0,1.0,1,91
57066,2.0,,2.0,2.0,1,91
57067,,,,0.0,0,92
57068,1.0,,1.0,1.0,1,91
57069,1.0,,1.0,1.0,1,91
57071,3.0,,3.0,3.0,1,91
57072,3.0,2.8284271247461903,3.0,5.0,2,90
57073,1.0,,1.0,1.0,1,91
57074,1.5,0.7071067811865476,1.5,2.0,2,90
57075,1.5,0.7071067811865476,1.5,2.0,2,90
57076,1.8,0.8366600265340756,2.0,3.0,5,87
57077,2.1666666666666665,0.40824829046386296,2.0,3.0,6,86
57078,2.0,,2.0,2.0,1,91
57079,8.25,2.362907813126304,9.0,10.0,4,88
57080,1.0,0.0,1.0,1.0,2,90
57081,1.0,,1.0,1.0,1,91
57082,1.0,0.0,1.0,1.0,3,89
57083,,,,0.0,0,92
57084,,,,0.0,0,92
57085,1.0,0.0,1.0,1.0,2,90
57086,1.0,,1.0,1.0,1,91
57088,1.0,,1.0,1.0,1,91
57089,4.0,,4.0,4.0,1,91
57090,2.0,0.0,2.0,2.0,2,90
57091,2.902439024390244,2.7000451667405536,2.0,14.0,41,51
57092,8.0,9.899494936611665,8.0,15.0,2,90
57093,1.0,,1.0,1.0,1,91
57096,2.0,,2.0,2.0,1,91
57097,1.3333333333333333,0.5773502691896257,1.0,2.0,3,89
57098,2.0,,2.0,2.0,1,91
57102,1.0,,1.0,1.0,1,91
57103,2.0,,2.0,2.0,1,91
57104,1.0,,1.0,1.0,1,91
57105,1.6666666666666667,0.5163977794943223,2.0,2.0,6,86
57108,18.2,17.455658108475888,14.0,46.0,5,87
57109,1.0,,1.0,1.0,1,91
57110,1.0,,1.0,1.0,1,91
57111,1.0,0.0,1.0,1.0,2,90
57112,5.0,,5.0,5.0,1,91
57113,2.0,1.4142135623730951,2.0,3.0,2,90
57116,4.0,,4.0,4.0,1,91
57117,1.0,0.0,1.0,1.0,2,90
57118,2.0,,2.0,2.0,1,91
57119,1.3333333333333333,0.5773502691896257,1.0,2.0,3,89
57120,1.0,,1.0,1.0,1,91
57122,1.0,,1.0,1.0,1,91
57123,10.0,,10.0,10.0,1,91
57125,1.0,0.0,1.0,1.0,2,90
57126,1.0,,1.0,1.0,1,91
57128,3.0,1.7320508075688772,2.0,5.0,3,89
57129,,,,0.0,0,92
57131,1.0,,1.0,1.0,1,91
57132,1.0,,1.0,1.0,1,91
57134,1.25,0.5,1.0,2.0,4,88
57135,1.0,,1.0,1.0,1,91
57136,1.0,,1.0,1.0,1,91
57137,7.6,3.286335345030997,10.0,10.0,5,87
57138,1.0,,1.0,1.0,1,91
57139,1.0,,1.0,1.0,1,91
57141,1.0,0.0,1.0,1.0,3,89
57142,2.0,,2.0,2.0,1,91
57143,1.0,,1.0,1.0,1,91
57144,1.0,,1.0,1.0,1,91
57148,1.0,,1.0,1.0,1,91
57149,1.6666666666666667,0.5773502691896257,2.0,2.0,3,89
57150,1.5,0.7071067811865476,1.5,2.0,2,90
57151,1.0,,1.0,1.0,1,91
57152,1.0,,1.0,1.0,1,91
57153,5.0,0.0,5.0,5.0,2,90
57155,,,,0.0,0,92
57156,,,,0.0,0,92
57158,2.0,,2.0,2.0,1,91
57159,1.0,,1.0,1.0,1,91
57160,3.0,,3.0,3.0,1,91
57161,,,,0.0,0,92
57162,1.5,0.7071067811865476,1.5,2.0,2,90
57170,1.0,,1.0,1.0,1,91
57171,1.0,,1.0,1.0,1,91
57172,1.5,0.7071067811865476,1.5,2.0,2,90
57175,1.0,,1.0,1.0,1,91
57176,6.0,,6.0,6.0,1,91
57178,5.0,,5.0,5.0,1,91
57182,2.0,,2.0,2.0,1,91
57183,1.0,,1.0,1.0,1,91
57188,2.0,,2.0,2.0,1,91
57191,1.0,,1.0,1.0,1,91
57192,18.666666666666668,15.307950004273378,27.0,28.0,3,89
57193,1.0,,1.0,1.0,1,91
57194,3.3333333333333335,2.081665999466133,4.0,5.0,3,89
57195,1.25,0.5,1.0,2.0,4,88
57196,1.0,,1.0,1.0,1,91
57198,1.0,,1.0,1.0,1,91
57199,1.0,,1.0,1.0,1,91
57200,1.0,,1.0,1.0,1,91
57201,7.0,,7.0,7.0,1,91
57202,4.333333333333333,4.932882862316247,2.0,10.0,3,89
57203,1.75,0.9574271077563381,1.5,3.0,4,88
57204,2.5,2.1213203435596424,2.5,4.0,2,90
57205,3.0,,3.0,3.0,1,91
57206,1.0,,1.0,1.0,1,91
57208,2.0,,2.0,2.0,1,91
57209,7.0,5.656854249492381,7.0,11.0,2,90
57210,4.0,,4.0,4.0,1,91
57211,5.0,4.242640687119285,5.0,8.0,2,90
57213,3.5,3.5355339059327378,3.5,6.0,2,90
57214,10.666666666666666,2.0816659994661326,10.0,13.0,3,89
57215,3.5,3.5355339059327378,3.5,6.0,2,90
57216,4.0,,4.0,4.0,1,91
57217,5.0,3.605551275463989,6.0,8.0,3,89
57218,1.0,,1.0,1.0,1,91
57220,6.0,,6.0,6.0,1,91
57221,1.0,0.0,1.0,1.0,3,89
57222,2.0,1.7320508075688772,1.0,5.0,5,87
57223,1.5,0.7071067811865476,1.5,2.0,2,90
57224,1.6666666666666667,0.5773502691896257,2.0,2.0,3,89
57225,1.0,0.0,1.0,1.0,2,90
57226,3.5,1.0,4.0,4.0,4,88
57227,1.0,,1.0,1.0,1,91
57232,1.0,,1.0,1.0,1,91
57233,,,,0.0,0,92
57234,1.0,,1.0,1.0,1,91
57235,2.0,,2.0,2.0,1,91
57236,2.0,,2.0,2.0,1,91
57237,9.0,1.4142135623730951,9.0,10.0,2,90
57239,5.0,,5.0,5.0,1,91
57246,3.0,,3.0,3.0,1,91
57247,5.0,4.743416490252569,4.0,13.0,5,87
57248,1.0,,1.0,1.0,1,91
57249,1.0,0.0,1.0,1.0,2,90
57252,1.0,,1.0,1.0,1,91
57253,1.0,,1.0,1.0,1,91
57260,1.6666666666666667,1.1547005383792517,1.0,3.0,3,89
57261,6.0,,6.0,6.0,1,91
57262,2.0,,2.0,2.0,1,91
57263,27.0,27.832834326864138,23.0,60.0,4,88
57264,1.6363636363636365,1.2060453783110545,1.0,4.0,11,81
57265,1.0,,1.0,1.0,1,91
57266,1.0,,1.0,1.0,1,91
57267,2.25,0.9574271077563381,2.5,3.0,4,88
57268,1.0,,1.0,1.0,1,91
57269,2.0,,2.0,2.0,1,91
57270,1.0,,1.0,1.0,1,91
57271,2.0,,2.0,2.0,1,91
57272,3.2,1.6431676725154984,3.0,6.0,5,87
57273,2.0,,2.0,2.0,1,91
57274,1.0,,1.0,1.0,1,91
57275,1.0,0.0,1.0,1.0,4,88
57276,2.0,0.0,2.0,2.0,2,90
57277,2.0,,2.0,2.0,1,91
57278,1.0,,1.0,1.0,1,91
57280,1.0,,1.0,1.0,1,91
57282,2.5,2.1213203435596424,2.5,4.0,2,90
57283,1.0,,1.0,1.0,1,91
57284,1.0,,1.0,1.0,1,91
57285,18.0,2.8284271247461903,18.0,20.0,2,90
57288,1.0,,1.0,1.0,1,91
57290,2.0,,2.0,2.0,1,91
57291,3.0,0.0,3.0,3.0,2,90
57295,1.0,,1.0,1.0,1,91
57297,14.25,13.59840676942217,14.0,27.0,4,88
57300,13.0,,13.0,13.0,1,91
57301,10.2,8.64291617453276,9.0,23.0,5,87
57302,7.714285714285714,8.479667558622916,6.0,26.0,7,85
57303,11.666666666666666,9.073771725877467,13.0,20.0,3,89
57305,3.5,3.5355339059327378,3.5,6.0,2,90
57309,2.0,,2.0,2.0,1,91
57310,2.0,,2.0,2.0,1,91
57312,1.5,0.7071067811865476,1.5,2.0,2,90
57313,1.5,0.7071067811865476,1.5,2.0,2,90
57315,1.5,0.7071067811865476,1.5,2.0,2,90
57316,1.5,0.7071067811865476,1.5,2.0,2,90
57317,2.0,1.4142135623730951,2.0,3.0,2,90
57318,1.25,0.5,1.0,2.0,4,88
57320,1.5,0.7071067811865476,1.5,2.0,2,90
57321,6.0,,6.0,6.0,1,91
57322,1.0,0.0,1.0,1.0,4,88
57323,19.5,12.020815280171307,19.5,28.0,2,90
57325,1.5,0.7071067811865476,1.5,2.0,2,90
57326,11.166666666666666,11.03479345826947,7.0,26.0,6,86
57328,1.0,,1.0,1.0,1,91
57334,1.0,,1.0,1.0,1,91
57336,12.0,5.887840577551898,11.0,20.0,4,88
57337,1.0,,1.0,1.0,1,91
57338,1.5,0.7071067811865476,1.5,2.0,2,90
57340,,,,0.0,0,92
57346,2.0,,2.0,2.0,1,91
57353,1.0,0.0,1.0,1.0,2,90
57354,2.0,,2.0,2.0,1,91
57361,2.0,,2.0,2.0,1,91
57366,1.0,0.0,1.0,1.0,2,90
57368,1.0,,1.0,1.0,1,91
57369,2.0,,2.0,2.0,1,91
57370,1.0,0.0,1.0,1.0,2,90
57371,1.0,,1.0,1.0,1,91
57372,3.0,,3.0,3.0,1,91
57373,1.0,0.0,1.0,1.0,2,90
57374,3.0,,3.0,3.0,1,91
57375,2.0,,2.0,2.0,1,91
57379,1.3333333333333333,0.5773502691896257,1.0,2.0,3,89
57381,2.0,,2.0,2.0,1,91
57382,12.5,14.849242404917497,12.5,23.0,2,90
57383,6.0,,6.0,6.0,1,91
57384,1.0,,1.0,1.0,1,91
57389,,,,0.0,0,92
57390,1.0,,1.0,1.0,1,91
57391,1.0,,1.0,1.0,1,91
57395,2.0,,2.0,2.0,1,91
57397,5.0,,5.0,5.0,1,91
57398,4.0,,4.0,4.0,1,91
57400,3.5,3.5355339059327378,3.5,6.0,2,90
57401,3.25,2.8722813232690143,2.5,7.0,4,88
57402,3.0,0.0,3.0,3.0,2,90
57404,4.25,5.188127472091127,2.0,12.0,4,88
57407,12.0,,12.0,12.0,1,91
57408,7.0,7.0710678118654755,7.0,12.0,2,90
57409,1.0,,1.0,1.0,1,91
57411,9.88888888888889,8.130873945100312,6.0,30.0,9,83
57412,1.0,,1.0,1.0,1,91
57416,1.0,,1.0,1.0,1,91
57418,1.0,,1.0,1.0,1,91
57419,1.0,,1.0,1.0,1,91
57424,2.2,2.16794833886788,1.0,6.0,5,87
57426,1.0,,1.0,1.0,1,91
57427,1.5,0.7071067811865476,1.5,2.0,2,90
57428,3.0,2.8284271247461903,3.0,5.0,2,90
57429,1.0,0.0,1.0,1.0,2,90
57430,3.0,1.4142135623730951,3.0,4.0,2,90
57431,1.5,0.7071067811865476,1.5,2.0,2,90
57432,1.0,,1.0,1.0,1,91
57433,3.0,,3.0,3.0,1,91
57434,20.0,,20.0,20.0,1,91
57435,2.0,1.0,2.0,3.0,3,89
57436,1.0,,1.0,1.0,1,91
57437,1.0,,1.0,1.0,1,91
57438,1.0,,1.0,1.0,1,91
57440,10.0,,10.0,10.0,1,91
57443,2.0,,2.0,2.0,1,91
57444,1.0,0.0,1.0,1.0,2,90
57446,2.0,0.0,2.0,2.0,2,90
57447,2.0,,2.0,2.0,1,91
57448,1.0,0.0,1.0,1.0,3,89
57449,1.0,0.0,1.0,1.0,3,89
57450,1.0,,1.0,1.0,1,91
57451,1.5,0.7071067811865476,1.5,2.0,2,90
57452,1.0,0.0,1.0,1.0,2,90
57454,1.0,,1.0,1.0,1,91
57455,3.0,,3.0,3.0,1,91
57456,2.0,,2.0,2.0,1,91
57457,1.5,0.7071067811865476,1.5,2.0,2,90
57461,2.0,0.0,2.0,2.0,2,90
57462,1.0,,1.0,1.0,1,91
57463,1.0,,1.0,1.0,1,91
57464,1.0,,1.0,1.0,1,91
57466,1.0,,1.0,1.0,1,91
57467,2.0,0.0,2.0,2.0,2,90
57468,1.0,,1.0,1.0,1,91
57469,2.0,,2.0,2.0,1,91
57470,1.0,,1.0,1.0,1,91
57471,1.0,,1.0,1.0,1,91
57472,5.0,,5.0,5.0,1,91
57474,10.0,0.0,10.0,10.0,2,90
57475,1.0,,1.0,1.0,1,91
57477,1.0,,1.0,1.0,1,91
57478,2.3333333333333335,1.1547005383792515,3.0,3.0,3,89
57479,1.0,,1.0,1.0,1,91
57480,2.0,,2.0,2.0,1,91
57481,2.0,,2.0,2.0,1,91
57484,1.5,0.7071067811865476,1.5,2.0,2,90
57485,2.0,,2.0,2.0,1,91
57486,2.0,,2.0,2.0,1,91
57487,2.0,,2.0,2.0,1,91
57488,1.0,,1.0,1.0,1,91
57489,1.0,,1.0,1.0,1,91
57492,110.71428571428571,184.20886178983017,20.0,510.0,7,85
57493,167.28571428571428,250.96926391208032,30.0,616.0,7,85
57494,15.0,7.0710678118654755,15.0,20.0,2,90
57495,8.0,2.8284271247461903,8.0,10.0,2,90
57496,2.0,,2.0,2.0,1,91
57499,,,,0.0,0,92
57504,1.0,,1.0,1.0,1,91
57506,2.0,,2.0,2.0,1,91
57507,1.3333333333333333,0.5773502691896257,1.0,2.0,3,89
57508,1.0,,1.0,1.0,1,91
57509,5.0,,5.0,5.0,1,91
57510,2.0,,2.0,2.0,1,91
57512,2.0,,2.0,2.0,1,91
57514,1.0,,1.0,1.0,1,91
57515,1.8888888888888888,1.0540925533894598,2.0,4.0,9,83
57516,1.0,,1.0,1.0,1,91
57517,1.0,0.0,1.0,1.0,2,90
57518,3.0,,3.0,3.0,1,91
57519,6.571428571428571,10.469911538262759,4.0,30.0,7,85
57521,1.0,,1.0,1.0,1,91
57522,1.0,,1.0,1.0,1,91
57523,7.5,3.5355339059327378,7.5,10.0,2,90
57524,7.5,3.5355339059327378,7.5,10.0,2,90
57525,7.5,3.5355339059327378,7.5,10.0,2,90
57527,,,,0.0,0,92
57553,,,,0.0,0,92
57619,,,,0.0,0,92
57660,,,,0.0,0,92
57839,,,,0.0,0,92
57896,,,,0.0,0,92
57899,11.5,12.020815280171307,11.5,20.0,2,90
57921,,,,0.0,0,92
57927,,,,0.0,0,92
57929,,,,0.0,0,92
57961,2.0,0.0,2.0,2.0,2,90
57966,,,,0.0,0,92
58028,2.0,,2.0,2.0,1,91
58029,2.0,0.0,2.0,2.0,2,90
58030,,,,0.0,0,92
58034,9.11111111111111,5.254627590144816,10.0,18.0,9,83
58035,1.0,,1.0,1.0,1,91
58036,1.0,,1.0,1.0,1,91
58037,1.0,,1.0,1.0,1,91
58038,1.5,0.7071067811865476,1.5,2.0,2,90
58039,1.0,,1.0,1.0,1,91
58040,1.0,,1.0,1.0,1,91
58041,4.0,2.0,4.0,6.0,3,89
58042,1.5,0.7071067811865476,1.5,2.0,2,90
58045,,,,0.0,0,92
58046,2.0,0.7071067811865476,2.0,3.0,5,87
58047,10.0,0.0,10.0,10.0,3,89
58048,2.0,0.0,2.0,2.0,2,90
58049,3.0,2.6457513110645907,2.0,6.0,3,89
58051,1.5,0.7071067811865476,1.5,2.0,2,90
58052,,,,0.0,0,92
58053,,,,0.0,0,92
58055,,,,0.0,0,92
58056,1.0,,1.0,1.0,1,91
58057,,,,0.0,0,92
58058,,,,0.0,0,92
58059,2.0,,2.0,2.0,1,91
58060,,,,0.0,0,92
58063,,,,0.0,0,92
58064,2.5,0.7071067811865476,2.5,3.0,2,90
58065,4.0,,4.0,4.0,1,91
58066,1.0,,1.0,1.0,1,91
58067,1.0,,1.0,1.0,1,91
58068,2.0,,2.0,2.0,1,91
58069,1.0,,1.0,1.0,1,91
58070,1.0,,1.0,1.0,1,91
58073,3.0,,3.0,3.0,1,91
58074,1.0,0.0,1.0,1.0,2,90
58075,4.333333333333333,1.1547005383792517,5.0,5.0,3,89
58079,1.0,0.0,1.0,1.0,2,90
58082,3.0,,3.0,3.0,1,91
58083,2.0,0.0,2.0,2.0,2,90
58084,2.0,,2.0,2.0,1,91
58085,3.0,,3.0,3.0,1,91
58086,1.0,,1.0,1.0,1,91
58087,1.0,0.0,1.0,1.0,2,90
58088,4.0,,4.0,4.0,1,91
58089,1.0,0.0,1.0,1.0,2,90
58091,3.0,1.4142135623730951,3.5,4.0,4,88
58092,3.75,0.5,4.0,4.0,4,88
58093,2.0,,2.0,2.0,1,91
58094,1.0,,1.0,1.0,1,91
58095,2.0,,2.0,2.0,1,91
58096,1.0,,1.0,1.0,1,91
58097,1.5,0.7071067811865476,1.5,2.0,2,90
58098,1.5,0.7071067811865476,1.5,2.0,2,90
58099,1.3333333333333333,0.5773502691896257,1.0,2.0,3,89
58100,6.0,2.8284271247461903,6.0,8.0,2,90
58101,1.0,0.0,1.0,1.0,2,90
58102,1.0,,1.0,1.0,1,91
58103,1.0,,1.0,1.0,1,91
58104,1.0,,1.0,1.0,1,91
58105,1.5,0.7071067811865476,1.5,2.0,2,90
58106,2.0,,2.0,2.0,1,91
58107,2.0,,2.0,2.0,1,91
58108,2.0,1.4142135623730951,2.0,3.0,2,90
58110,1.0,,1.0,1.0,1,91
58111,1.0,,1.0,1.0,1,91
58114,3.0,,3.0,3.0,1,91
58117,1.0,,1.0,1.0,1,91
58118,2.0,0.0,2.0,2.0,4,88
58119,1.0,,1.0,1.0,1,91
58120,1.0,,1.0,1.0,1,91
58121,1.0,0.0,1.0,1.0,2,90
58122,1.0,,1.0,1.0,1,91
58123,2.0,,2.0,2.0,1,91
58124,5.0,,5.0,5.0,1,91
58125,2.0,,2.0,2.0,1,91
58126,1.5,0.7071067811865476,1.5,2.0,2,90
58127,2.6666666666666665,2.081665999466133,2.0,5.0,3,89
58128,2.0,1.4142135623730951,2.0,3.0,2,90
58129,2.0,,2.0,2.0,1,91
58130,1.0,0.0,1.0,1.0,3,89
58131,4.0,,4.0,4.0,1,91
58132,3.0,,3.0,3.0,1,91
58133,6.0,,6.0,6.0,1,91
58134,2.0,,2.0,2.0,1,91
58136,1.0,,1.0,1.0,1,91
58137,1.0,,1.0,1.0,1,91
58138,2.0,,2.0,2.0,1,91
58144,1.0,,1.0,1.0,1,91
58145,1.0,,1.0,1.0,1,91
58146,6.5,2.1213203435596424,6.5,8.0,2,90
58148,1.0,,1.0,1.0,1,91
58150,1.0,,1.0,1.0,1,91
58151,1.6666666666666667,0.5773502691896257,2.0,2.0,3,89
58153,2.0,,2.0,2.0,1,91
58170,1.3333333333333333,0.8876253645985945,1.0,4.0,12,80
58174,1.0,0.0,1.0,1.0,3,89
58176,2.0,,2.0,2.0,1,91
58185,1.0,0.0,1.0,1.0,2,90
58229,1.5,0.7071067811865476,1.5,2.0,2,90
58235,3.0,,3.0,3.0,1,91
58238,,,,0.0,0,92
58254,1.0,,1.0,1.0,1,91
58267,1.3333333333333333,0.5773502691896257,1.0,2.0,3,89
58275,1.0,,1.0,1.0,1,91
58324,1.0,,1.0,1.0,1,91
58325,1.0,,1.0,1.0,1,91
58329,2.0,,2.0,2.0,1,91
58439,1.5,0.5773502691896257,1.5,2.0,4,88
58447,1.0,,1.0,1.0,1,91
58468,2.5,2.1213203435596424,2.5,4.0,2,90
58471,1.0,,1.0,1.0,1,91
58475,1.0,,1.0,1.0,1,91
58483,1.0,,1.0,1.0,1,91
58510,1.75,0.5,2.0,2.0,4,88
58514,2.0,1.0,2.0,3.0,3,89
58517,2.0,,2.0,2.0,1,91
58523,2.3333333333333335,1.5275252316519465,2.0,4.0,3,89
58526,1.0,,1.0,1.0,1,91
58538,3.0,,3.0,3.0,1,91
58541,2.0,,2.0,2.0,1,91
58545,2.0,0.0,2.0,2.0,2,90
58549,7.333333333333333,7.571877794400366,4.0,16.0,3,89
58551,4.625,3.2043497223082786,3.5,12.0,8,84
58552,3.0,0.816496580927726,3.0,4.0,4,88
58553,2.6666666666666665,0.5773502691896258,3.0,3.0,3,89
58556,1.0,,1.0,1.0,1,91
58557,1.0,,1.0,1.0,1,91
58558,2.0,,2.0,2.0,1,91
58559,1.0,,1.0,1.0,1,91
58561,1.0,0.0,1.0,1.0,3,89
58564,1.0,0.0,1.0,1.0,2,90
58567,4.055555555555555,2.208865085812228,4.0,11.0,18,74
58570,1.0,,1.0,1.0,1,91
58579,1.0,0.0,1.0,1.0,3,89
58584,1.5,0.5773502691896257,1.5,2.0,4,88
58585,1.0,,1.0,1.0,1,91
58590,1.0,,1.0,1.0,1,91
58593,1.5,0.7071067811865476,1.5,2.0,2,90
58597,1.0,,1.0,1.0,1,91
58599,1.0,,1.0,1.0,1,91
58600,1.5,0.7071067811865476,1.5,2.0,2,90
58608,13.5,16.263455967290593,13.5,25.0,2,90
58656,1.0,,1.0,1.0,1,91
58657,1.0,,1.0,1.0,1,91
58658,1.0,,1.0,1.0,1,91
58659,1.0,,1.0,1.0,1,91
58661,3.0,,3.0,3.0,1,91
58662,3.0,,3.0,3.0,1,91
58664,1.0,0.0,1.0,1.0,2,90
58665,1.0,,1.0,1.0,1,91
58666,1.5,0.7071067811865476,1.5,2.0,2,90
58667,1.0,0.0,1.0,1.0,2,90
58769,1.3333333333333333,0.5773502691896257,1.0,2.0,3,89
58772,2.0,,2.0,2.0,1,91
58773,1.0,,1.0,1.0,1,91
58775,1.5,0.5477225575051661,1.5,2.0,6,86
58776,1.0,,1.0,1.0,1,91
58779,4.25,2.9517728508411625,3.0,11.0,28,64
58780,1.4210526315789473,0.8377078165833911,1.0,4.0,19,73
58781,2.3461538461538463,1.8317708959868904,2.0,8.0,26,66
58782,4.948717948717949,4.135524646591301,4.0,23.0,39,53
58783,1.9285714285714286,1.8171950369175573,1.0,7.0,14,78
58784,9.0,,9.0,9.0,1,91
58785,2.0,,2.0,2.0,1,91
58786,5.0,,5.0,5.0,1,91
58788,1.2222222222222223,0.4409585518440984,1.0,2.0,9,83
58789,2.7857142857142856,1.6723346844167577,3.0,6.0,14,78
58790,2.625,1.5059406173077154,3.0,5.0,8,84
58791,4.222222222222222,2.4387932299193906,4.0,11.0,18,74
58792,2.0,0.0,2.0,2.0,2,90
58793,1.9090909090909092,1.044465935734187,2.0,4.0,11,81
58794,3.4285714285714284,1.8693596482500352,2.5,6.0,14,78
58795,1.3333333333333333,0.5163977794943223,1.0,2.0,6,86
58796,4.0,4.358898943540674,2.0,9.0,3,89
58797,3.6666666666666665,3.0550504633038935,3.0,7.0,3,89
58799,1.7727272727272727,1.0203555954301133,1.0,4.0,22,70
58800,2.210526315789474,1.3975751766073288,2.0,5.0,19,73
58801,2.4,2.8751811537130427,1.0,10.0,10,82
58802,34.666666666666664,24.846193538112296,48.0,50.0,3,89
58803,2.0,1.0,2.0,3.0,3,89
58804,4.0,2.8284271247461903,4.0,6.0,2,90
58805,5.4,5.549774770204643,3.0,15.0,5,87
58806,16.666666666666668,24.583192089989726,4.0,45.0,3,89
58807,38.6,59.180233186428055,3.0,139.0,5,87
58808,10.857142857142858,13.545338330074687,3.0,39.0,7,85
58809,16.25,3.2015621187164243,15.0,21.0,4,88
58810,31.0,49.25951684700125,5.0,117.0,5,87
58870,4.0,,4.0,4.0,1,91
58874,1.0,,1.0,1.0,1,91
58875,1.0,,1.0,1.0,1,91
58876,1.0,,1.0,1.0,1,91
58877,1.0,,1.0,1.0,1,91
58878,2.0,,2.0,2.0,1,91
58879,10.0,,10.0,10.0,1,91
58880,1.0,,1.0,1.0,1,91
58881,5.0,,5.0,5.0,1,91
58882,1.0,,1.0,1.0,1,91
58883,1.0,,1.0,1.0,1,91
58884,3.0,,3.0,3.0,1,91
58885,1.0,0.0,1.0,1.0,3,89
58886,3.0,2.8284271247461903,3.0,5.0,2,90
58887,2.0,0.0,2.0,2.0,4,88
58889,2.0,,2.0,2.0,1,91
58890,3.0,,3.0,3.0,1,91
58891,4.0,,4.0,4.0,1,91
58892,4.0,,4.0,4.0,1,91
58894,3.0,,3.0,3.0,1,91
58899,1.0,0.0,1.0,1.0,2,90
58900,1.0,0.0,1.0,1.0,2,90
58901,1.0,,1.0,1.0,1,91
58903,1.0,0.0,1.0,1.0,3,89
58994,2.0,,2.0,2.0,1,91
58995,1.0,,1.0,1.0,1,91
59000,1.0,,1.0,1.0,1,91
59002,2.0,,2.0,2.0,1,91
59003,2.0,,2.0,2.0,1,91
59004,2.0,,2.0,2.0,1,91
59005,1.0,,1.0,1.0,1,91
59106,1.3333333333333333,0.5773502691896257,1.0,2.0,3,89
59109,2.5,0.7071067811865476,2.5,3.0,2,90
59110,1.0,,1.0,1.0,1,91
59111,1.0,,1.0,1.0,1,91
59112,1.0,,1.0,1.0,1,91
59113,2.0,,2.0,2.0,1,91
59117,3.0,,3.0,3.0,1,91
59118,1.5,0.7071067811865476,1.5,2.0,2,90
59119,2.0,1.4142135623730951,2.0,3.0,2,90
59122,2.0,,2.0,2.0,1,91
59123,2.0,,2.0,2.0,1,91
59124,2.0,,2.0,2.0,1,91
59125,2.0,,2.0,2.0,1,91
59126,3.0,,3.0,3.0,1,91
59127,4.0,,4.0,4.0,1,91
59128,1.5,0.7071067811865476,1.5,2.0,2,90
59129,,,,0.0,0,92
59130,1.8333333333333333,0.9374368665610922,1.5,3.0,12,80
59131,1.9166666666666667,0.90033663737852,2.0,4.0,12,80
59132,10.6,12.116104984688766,4.0,30.0,5,87
59133,1.0,,1.0,1.0,1,91
59134,1.0,,1.0,1.0,1,91
59136,1.0,0.0,1.0,1.0,3,89
59137,1.5,0.5773502691896257,1.5,2.0,4,88
59138,3.0,,3.0,3.0,1,91
59139,1.0,0.0,1.0,1.0,2,90
59140,1.75,0.9574271077563381,1.5,3.0,4,88
59141,1.0,,1.0,1.0,1,91
59143,2.0,,2.0,2.0,1,91
59144,50.0,14.142135623730951,50.0,60.0,2,90
59146,1.0,,1.0,1.0,1,91
59148,1.0,,1.0,1.0,1,91
59149,5.0,,5.0,5.0,1,91
59150,2.0,,2.0,2.0,1,91
59151,2.0,0.0,2.0,2.0,2,90
59152,1.0,0.0,1.0,1.0,2,90
59153,1.0,,1.0,1.0,1,91
59154,1.0,,1.0,1.0,1,91
59155,6.0,,6.0,6.0,1,91
59157,15.0,,15.0,15.0,1,91
59158,15.0,,15.0,15.0,1,91
59161,1.0,,1.0,1.0,1,91
59162,2.2,2.16794833886788,1.0,6.0,5,87
59166,1.0,,1.0,1.0,1,91
59167,1.0,,1.0,1.0,1,91
59168,1.0,,1.0,1.0,1,91
59169,1.0,,1.0,1.0,1,91
59170,1.0,,1.0,1.0,1,91
59171,1.0,,1.0,1.0,1,91
59172,1.0,,1.0,1.0,1,91
59173,1.0,,1.0,1.0,1,91
59174,1.0,,1.0,1.0,1,91
59175,1.0,,1.0,1.0,1,91
59176,2.0,,2.0,2.0,1,91
59177,3.5,2.1213203435596424,3.5,5.0,2,90
59180,4.0,1.7320508075688772,3.0,6.0,3,89
59181,4.6,2.6076809620810595,4.0,8.0,5,87
59182,1.75,0.5,2.0,2.0,4,88
59183,3.0,,3.0,3.0,1,91
59184,3.0,,3.0,3.0,1,91
59207,1.0,,1.0,1.0,1,91
59263,1.0,,1.0,1.0,1,91
59408,2.0,,2.0,2.0,1,91
59430,2.0,,2.0,2.0,1,91
59485,1.0,,1.0,1.0,1,91
59488,1.0,,1.0,1.0,1,91
59490,1.0,,1.0,1.0,1,91
59494,1.0,0.0,1.0,1.0,3,89
59499,1.0,,1.0,1.0,1,91
59500,,,,0.0,0,92
59504,1.0,,1.0,1.0,1,91
59505,2.0,,2.0,2.0,1,91
59506,1.0,,1.0,1.0,1,91
59513,1.0,,1.0,1.0,1,91
59527,2.5,0.7071067811865476,2.5,3.0,2,90
59550,1.0,,1.0,1.0,1,91
59552,1.0,,1.0,1.0,1,91
59558,1.0,0.0,1.0,1.0,2,90
59561,1.0,,1.0,1.0,1,91
59563,1.0,,1.0,1.0,1,91
59564,,,,0.0,0,92
59565,1.0,0.0,1.0,1.0,3,89
59566,1.0,,1.0,1.0,1,91
59571,1.0,,1.0,1.0,1,91
59572,1.0,,1.0,1.0,1,91
59604,1.0,,1.0,1.0,1,91
59614,1.0,,1.0,1.0,1,91
59615,1.0,,1.0,1.0,1,91
59650,2.0,,2.0,2.0,1,91
59662,1.0,,1.0,1.0,1,91
59666,1.0,0.0,1.0,1.0,2,90
59694,1.0,,1.0,1.0,1,91
59717,,,,0.0,0,92
59734,1.0,0.0,1.0,1.0,2,90
59774,,,,0.0,0,92
59791,,,,0.0,0,92
59802,1.0,,1.0,1.0,1,91
59812,,,,0.0,0,92
59967,1.0,,1.0,1.0,1,91
60023,2.0,,2.0,2.0,1,91
60037,1.5,0.7071067811865476,1.5,2.0,2,90
60041,1.0,,1.0,1.0,1,91
60057,1.0,,1.0,1.0,1,91
60122,1.0,,1.0,1.0,1,91
60140,2.0,,2.0,2.0,1,91
60143,2.0,,2.0,2.0,1,91
60211,1.5,0.7071067811865476,1.5,2.0,2,90
60218,2.0,,2.0,2.0,1,91
60245,1.0,,1.0,1.0,1,91
60409,2.0,,2.0,2.0,1,91
60583,1.0,0.0,1.0,1.0,2,90
60585,2.0,,2.0,2.0,1,91
60684,1.0,,1.0,1.0,1,91
60685,1.0,,1.0,1.0,1,91
60786,2.0,,2.0,2.0,1,91
60792,1.0,,1.0,1.0,1,91
60796,3.0,,3.0,3.0,1,91
60803,1.0,,1.0,1.0,1,91
60818,2.5,2.1213203435596424,2.5,4.0,2,90
60831,1.0,,1.0,1.0,1,91
60841,1.0,,1.0,1.0,1,91
60906,2.0,,2.0,2.0,1,91
60911,1.0,,1.0,1.0,1,91
61017,1.0,,1.0,1.0,1,91
61073,3.0,,3.0,3.0,1,91
61090,1.0,,1.0,1.0,1,91
61111,3.0,,3.0,3.0,1,91
61166,1.0,,1.0,1.0,1,91
61193,1.0,,1.0,1.0,1,91
61212,1.0,,1.0,1.0,1,91
61226,1.0,0.0,1.0,1.0,2,90
61248,2.0,,2.0,2.0,1,91
61253,2.0,,2.0,2.0,1,91
61259,2.0,0.0,2.0,2.0,2,90
61386,3.2,1.7888543819998317,3.0,5.0,5,87
61388,1.0,,1.0,1.0,1,91
61389,2.0,1.4142135623730951,2.0,3.0,2,90
61390,1.0,,1.0,1.0,1,91
61391,2.6666666666666665,1.5275252316519465,3.0,4.0,3,89
61392,1.0,,1.0,1.0,1,91
61393,1.0,,1.0,1.0,1,91
61394,2.0,,2.0,2.0,1,91
61397,2.0,,2.0,2.0,1,91
61398,1.0,,1.0,1.0,1,91
61401,56.333333333333336,76.60200171448959,23.0,210.0,6,86
61402,1.0,,1.0,1.0,1,91
61432,2.0,,2.0,2.0,1,91
61441,2.0,,2.0,2.0,1,91
61442,1.6666666666666667,0.5773502691896257,2.0,2.0,3,89
61443,1.0,0.0,1.0,1.0,2,90
61444,2.0,,2.0,2.0,1,91
61446,1.0,,1.0,1.0,1,91
61449,1.5,0.7071067811865476,1.5,2.0,2,90
61500,2.0,0.0,2.0,2.0,2,90
61501,1.0,0.0,1.0,1.0,2,90
61518,1.0,,1.0,1.0,1,91
61523,1.0,,1.0,1.0,1,91
61525,1.0,,1.0,1.0,1,91
61528,1.0,,1.0,1.0,1,91
61535,10.666666666666666,9.018499505645789,10.0,20.0,3,89
61542,3.0,,3.0,3.0,1,91
61549,4.0,,4.0,4.0,1,91
61556,1.0,0.0,1.0,1.0,2,90
61565,1.6875,1.40089257261219,1.0,6.0,16,76
61566,2.6666666666666665,1.1547005383792515,2.0,4.0,3,89
61568,2.0,,2.0,2.0,1,91
61569,,,,0.0,0,92
61575,1.3333333333333333,0.5773502691896257,1.0,2.0,3,89
61576,1.25,0.5,1.0,2.0,4,88
61577,1.2,0.4472135954999579,1.0,2.0,5,87
61579,1.0,0.0,1.0,1.0,3,89
61583,1.1666666666666667,0.408248290463863,1.0,2.0,6,86
61584,1.5,0.9258200997725514,1.0,3.0,8,84
61586,1.0,,1.0,1.0,1,91
61587,1.0,0.0,1.0,1.0,3,89
61588,1.0,0.0,1.0,1.0,3,89
61589,1.8888888888888888,1.2692955176439846,2.0,5.0,9,83
61590,1.0,0.0,1.0,1.0,2,90
61593,1.9,0.9944289260117531,2.0,4.0,10,82
61594,1.5,0.7071067811865476,1.5,2.0,2,90
61595,1.5,0.7071067811865476,1.5,2.0,2,90
61596,1.0,0.0,1.0,1.0,4,88
61600,4.970588235294118,4.344870149174855,4.0,16.0,34,58
61601,3.257142857142857,2.317996817016253,3.0,13.0,35,57
61603,2.0,1.3564659966250536,1.0,6.0,26,66
61604,1.4166666666666667,0.6685579234215214,1.0,3.0,12,80
61605,14.869565217391305,12.699271537554468,10.5,65.0,46,46
61606,1.7647058823529411,1.3004524099667145,1.0,5.0,17,75
61607,2.576923076923077,1.747525723371806,2.0,8.0,26,66
61608,1.0,,1.0,1.0,1,91
61610,3.1818181818181817,2.461829819586655,2.5,10.0,22,70
61612,1.3333333333333333,0.5773502691896257,1.0,2.0,3,89
61614,2.0,,2.0,2.0,1,91
61704,1.0,,1.0,1.0,1,91
61705,1.0,,1.0,1.0,1,91
61706,,,,0.0,0,92
61709,,,,0.0,0,92
61710,,,,0.0,0,92
61714,1.0,,1.0,1.0,1,91
61715,1.0,,1.0,1.0,1,91
61716,1.0,,1.0,1.0,1,91
61719,2.0,,2.0,2.0,1,91
61721,1.0,,1.0,1.0,1,91
61722,1.0,,1.0,1.0,1,91
61723,1.0,,1.0,1.0,1,91
61724,1.0,,1.0,1.0,1,91
61725,1.0,,1.0,1.0,1,91
61726,1.0,,1.0,1.0,1,91
61727,1.0,,1.0,1.0,1,91
61729,3.0,,3.0,3.0,1,91
61730,3.0,,3.0,3.0,1,91
61731,1.0,,1.0,1.0,1,91
61732,1.0,,1.0,1.0,1,91
61735,1.0,0.0,1.0,1.0,3,89
61736,5.0,,5.0,5.0,1,91
61737,14.0,,14.0,14.0,1,91
61738,1.0,0.0,1.0,1.0,2,90
61739,10.0,,10.0,10.0,1,91
61740,1.4,0.5477225575051661,1.0,2.0,5,87
61741,12.0,,12.0,12.0,1,91
61742,3.0,,3.0,3.0,1,91
61743,2.0,,2.0,2.0,1,91
61746,2.0,,2.0,2.0,1,91
61749,4.0,,4.0,4.0,1,91
61750,2.0,,2.0,2.0,1,91
61751,1.0,,1.0,1.0,1,91
61752,1.0,,1.0,1.0,1,91
61753,3.0,,3.0,3.0,1,91
61758,5.0,,5.0,5.0,1,91
61765,4.0,,4.0,4.0,1,91
61766,1.5,0.7071067811865476,1.5,2.0,2,90
61767,1.5,0.7071067811865476,1.5,2.0,2,90
61768,1.5,0.7071067811865476,1.5,2.0,2,90
61769,1.5,0.7071067811865476,1.5,2.0,2,90
61770,1.5,0.7071067811865476,1.5,2.0,2,90
61776,1.0,,1.0,1.0,1,91
61779,1.0,,1.0,1.0,1,91
61781,20.0,6.928203230275509,24.0,24.0,3,89
61783,1.0,,1.0,1.0,1,91
61784,3.0,,3.0,3.0,1,91
61785,5.0,,5.0,5.0,1,91
61786,4.0,,4.0,4.0,1,91
61787,2.0,,2.0,2.0,1,91
61788,1.3333333333333333,0.5773502691896257,1.0,2.0,3,89
61789,1.75,1.5,1.0,4.0,4,88
61790,4.0,,4.0,4.0,1,91
61791,4.0,,4.0,4.0,1,91
61792,4.0,,4.0,4.0,1,91
61794,2.0,,2.0,2.0,1,91
61795,8.75,4.856267428111155,8.0,15.0,4,88
61796,3.0,,3.0,3.0,1,91
61797,3.0,,3.0,3.0,1,91
61798,2.0,,2.0,2.0,1,91
61799,2.0,,2.0,2.0,1,91
61800,2.0,,2.0,2.0,1,91
61801,4.0,,4.0,4.0,1,91
61802,2.0,,2.0,2.0,1,91
61803,1.5,0.7071067811865476,1.5,2.0,2,90
61804,1.0,,1.0,1.0,1,91
61805,1.0,,1.0,1.0,1,91
61806,1.0,,1.0,1.0,1,91
61808,5.0,2.8284271247461903,5.0,7.0,2,90
61809,3.0,,3.0,3.0,1,91
61810,4.0,,4.0,4.0,1,91
61811,1.0,,1.0,1.0,1,91
61815,1.0,,1.0,1.0,1,91
61816,7.5,6.363961030678928,7.5,12.0,2,90
61817,16.0,,16.0,16.0,1,91
61818,2.0,,2.0,2.0,1,91
61819,2.0,,2.0,2.0,1,91
61820,2.0,,2.0,2.0,1,91
61822,1.0,0.0,1.0,1.0,2,90
61823,1.0,,1.0,1.0,1,91
61824,1.0,,1.0,1.0,1,91
61826,3.0,,3.0,3.0,1,91
61827,3.0,,3.0,3.0,1,91
61828,1.0,,1.0,1.0,1,91
61829,1.0,0.0,1.0,1.0,2,90
61830,2.0,,2.0,2.0,1,91
61831,2.0,,2.0,2.0,1,91
61832,2.25,0.9574271077563381,2.5,3.0,4,88
61833,1.0,,1.0,1.0,1,91
61834,2.0,,2.0,2.0,1,91
61835,2.0,,2.0,2.0,1,91
61836,2.0,,2.0,2.0,1,91
61837,1.0,,1.0,1.0,1,91
61838,1.0,,1.0,1.0,1,91
61841,2.0,0.0,2.0,2.0,2,90
61842,1.0,0.0,1.0,1.0,2,90
61843,1.0,,1.0,1.0,1,91
61844,1.0,,1.0,1.0,1,91
61845,1.0,,1.0,1.0,1,91
61847,1.0,,1.0,1.0,1,91
61848,3.0,,3.0,3.0,1,91
61849,1.0,,1.0,1.0,1,91
61850,2.0,,2.0,2.0,1,91
61861,1.0,,1.0,1.0,1,91
61874,,,,0.0,0,92
61878,2.75,1.6690459207925603,3.0,5.0,8,84
61880,7.173913043478261,7.113701081926619,4.0,30.0,23,69
61882,3.375,2.2638462845343543,2.0,7.0,8,84
61883,3.12,2.315167380558045,2.0,9.0,25,67
61893,4.0,4.242640687119285,2.5,10.0,4,88
61962,1.0,,1.0,1.0,1,91
61966,1.0,,1.0,1.0,1,91
61967,2.5,2.1213203435596424,2.5,4.0,2,90
61968,1.5,0.7071067811865476,1.5,2.0,2,90
61969,2.3333333333333335,0.5773502691896258,2.0,3.0,3,89
61970,1.0,,1.0,1.0,1,91
61973,1.0,,1.0,1.0,1,91
61974,1.0,,1.0,1.0,1,91
61975,1.0,,1.0,1.0,1,91
61983,2.3333333333333335,2.3094010767585034,1.0,5.0,3,89
61984,1.4444444444444444,0.7264831572567789,1.0,3.0,9,83
61985,2.3333333333333335,1.632993161855452,2.0,5.0,6,86
61988,1.0,,1.0,1.0,1,91
61992,3.0,0.0,3.0,3.0,2,90
61993,5.0,3.0,5.0,8.0,3,89
61995,2.0,,2.0,2.0,1,91
61996,5.0,4.58257569495584,4.0,10.0,3,89
61997,1.0,,1.0,1.0,1,91
62001,1.0,,1.0,1.0,1,91
62002,1.0,,1.0,1.0,1,91
62003,,,,0.0,0,92
62004,1.0,,1.0,1.0,1,91
62005,3.4,0.8944271909999159,4.0,4.0,5,87
62006,5.0,,5.0,5.0,1,91
62007,4.0,,4.0,4.0,1,91
62009,1.0,,1.0,1.0,1,91
62010,1.0,,1.0,1.0,1,91
62011,1.0,,1.0,1.0,1,91
62013,2.0,,2.0,2.0,1,91
62014,15.0,,15.0,15.0,1,91
62015,1.6666666666666667,1.1547005383792517,1.0,3.0,3,89
62018,35.25,49.890594590277516,6.0,129.0,8,84
62021,4.0,4.242640687119285,4.0,7.0,2,90
62116,1.0,,1.0,1.0,1,91
62137,1.3333333333333333,0.5773502691896257,1.0,2.0,3,89
62138,3.0,,3.0,3.0,1,91
62139,1.75,0.9574271077563381,1.5,3.0,4,88
62140,2.0,,2.0,2.0,1,91
62141,2.0,,2.0,2.0,1,91
62142,2.0,,2.0,2.0,1,91
62143,2.0,,2.0,2.0,1,91
62144,1.0,0.0,1.0,1.0,2,90
62158,,,,0.0,0,92
62159,1.0,,1.0,1.0,1,91
62160,,,,0.0,0,92
62162,5.0,,5.0,5.0,1,91
62163,1.0,,1.0,1.0,1,91
62165,1.125,0.3535533905932738,1.0,2.0,8,84
62166,2.0,,2.0,2.0,1,91
62167,1.0,,1.0,1.0,1,91
62170,1.5,0.7071067811865476,1.5,2.0,2,90
62172,2.0,,2.0,2.0,1,91
62174,1.0,,1.0,1.0,1,91
62176,1.0,0.0,1.0,1.0,2,90
62177,1.5,0.5773502691896257,1.5,2.0,4,88
62178,1.75,0.9574271077563381,1.5,3.0,4,88
62180,1.0,0.0,1.0,1.0,2,90
62182,1.0,,1.0,1.0,1,91
62185,1.0,,1.0,1.0,1,91
62191,1.0,,1.0,1.0,1,91
62192,1.0,,1.0,1.0,1,91
62195,1.0,,1.0,1.0,1,91
62196,1.0,0.0,1.0,1.0,2,90
62197,1.0,,1.0,1.0,1,91
62198,1.0,0.0,1.0,1.0,2,90
62199,1.0,,1.0,1.0,1,91
62200,1.0,,1.0,1.0,1,91
62202,1.0,,1.0,1.0,1,91
62203,1.0,,1.0,1.0,1,91
62206,2.25,1.2583057392117916,2.0,4.0,4,88
62207,10.0,,10.0,10.0,1,91
62208,1.0,,1.0,1.0,1,91
62209,1.0,,1.0,1.0,1,91
62211,2.0,0.0,2.0,2.0,2,90
62212,2.6666666666666665,2.886751345948129,1.0,6.0,3,89
62213,1.0,0.0,1.0,1.0,2,90
62214,1.0,,1.0,1.0,1,91
62215,1.0,,1.0,1.0,1,91
62216,1.0,,1.0,1.0,1,91
62217,1.0,,1.0,1.0,1,91
62218,1.0,,1.0,1.0,1,91
62219,1.0,,1.0,1.0,1,91
62223,1.0,,1.0,1.0,1,91
62224,1.0,,1.0,1.0,1,91
62227,3.0,,3.0,3.0,1,91
62240,1.6666666666666667,0.5773502691896257,2.0,2.0,3,89
62256,2.25,1.8929694486000912,1.5,5.0,4,88
62260,3.0,0.0,3.0,3.0,2,90
62326,1.0,,1.0,1.0,1,91
62328,1.0,,1.0,1.0,1,91
62329,1.0,,1.0,1.0,1,91
62330,1.0,,1.0,1.0,1,91
62331,3.0,,3.0,3.0,1,91
62333,1.0,,1.0,1.0,1,91
62334,10.0,,10.0,10.0,1,91
62336,3.5,3.5355339059327378,3.5,6.0,2,90
62337,7.5,9.192388155425117,7.5,14.0,2,90
62339,1.0,,1.0,1.0,1,91
62340,1.0,,1.0,1.0,1,91
62341,1.0,,1.0,1.0,1,91
62342,1.0,,1.0,1.0,1,91
62343,3.0,,3.0,3.0,1,91
62344,2.0,,2.0,2.0,1,91
62345,3.0,,3.0,3.0,1,91
62346,6.0,0.0,6.0,6.0,3,89
62347,5.5,0.7071067811865476,5.5,6.0,2,90
62348,1.5,0.7071067811865476,1.5,2.0,2,90
62362,2.0,,2.0,2.0,1,91
62363,2.0,,2.0,2.0,1,91
62368,5.5,3.5355339059327378,5.5,8.0,2,90
62369,3.0,,3.0,3.0,1,91
62370,1.0,,1.0,1.0,1,91
62371,1.0,,1.0,1.0,1,91
62372,1.0,,1.0,1.0,1,91
62373,1.5,0.5773502691896257,1.5,2.0,4,88
62375,1.0,,1.0,1.0,1,91
62376,1.0,,1.0,1.0,1,91
62377,27.555555555555557,39.588859263406135,11.0,129.0,9,83
62378,1.0,,1.0,1.0,1,91
62379,4.0,5.354126134736337,1.5,12.0,4,88
62380,1.0,,1.0,1.0,1,91
62381,4.0,2.6457513110645907,5.0,6.0,3,89
62382,1.0,,1.0,1.0,1,91
62383,7.0,,7.0,7.0,1,91
62384,1.0,,1.0,1.0,1,91
62385,1.0,,1.0,1.0,1,91
62386,1.0,,1.0,1.0,1,91
62387,2.0,,2.0,2.0,1,91
62388,2.0,,2.0,2.0,1,91
62389,1.5,0.7071067811865476,1.5,2.0,2,90
62390,8.0,,8.0,8.0,1,91
62391,70.0,,70.0,70.0,1,91
62392,50.0,,50.0,50.0,1,91
62396,1.0,,1.0,1.0,1,91
62397,3.0,,3.0,3.0,1,91
62403,10.583333333333334,9.491224016602564,7.0,30.0,12,80
62405,14.0,9.617692030835672,10.0,30.0,5,87
62406,12.454545454545455,7.763551202428389,10.0,24.0,11,81
62407,10.0,0.0,10.0,10.0,2,90
62408,7.5,3.0,8.0,10.0,4,88
62410,5.5,6.363961030678928,5.5,10.0,2,90
62412,1.0,,1.0,1.0,1,91
62416,13.0,9.899494936611665,13.0,20.0,2,90
62427,8.0,3.9496835316262997,10.0,12.0,6,86
62428,10.0,0.0,10.0,10.0,3,89
62429,12.333333333333334,7.767453465154029,10.0,21.0,3,89
62430,58.75,49.49160893362338,42.0,186.0,32,60
62431,19.923076923076923,18.432134703923737,15.0,75.0,13,79
62432,17.133333333333333,15.523561201636447,10.0,52.0,15,77
62433,1.8181818181818181,1.0787197799411874,1.0,4.0,11,81
62434,1.0,,1.0,1.0,1,91
62435,13.24,14.603880762774438,10.0,70.0,25,67
62436,5.222222222222222,6.666666666666667,2.0,21.0,9,83
62437,2.25,1.5517392618742702,2.0,7.0,20,72
62438,5.0,,5.0,5.0,1,91
62440,8.35,9.039533057339678,5.0,31.0,20,72
62441,1.0,0.0,1.0,1.0,4,88
62442,6.25,4.919811526323488,6.0,17.0,12,80
62443,1.25,0.5,1.0,2.0,4,88
62444,1.2222222222222223,0.4409585518440984,1.0,2.0,9,83
62445,1.0,0.0,1.0,1.0,2,90
62446,1.5,0.7071067811865476,1.5,2.0,2,90
62447,1.0,0.0,1.0,1.0,2,90
62448,3.0,2.8284271247461903,3.0,5.0,2,90
62449,4.4,4.168666186896929,2.5,12.0,10,82
62450,1.0,,1.0,1.0,1,91
62451,3.909090909090909,4.58682472293863,3.0,23.0,22,70
62452,1.3333333333333333,0.6172133998483675,1.0,3.0,15,77
62453,1.1818181818181819,0.40451991747794525,1.0,2.0,11,81
62455,1.5714285714285714,1.133893419027682,1.0,4.0,7,85
62456,1.0,,1.0,1.0,1,91
62457,1.0,0.0,1.0,1.0,2,90
62458,1.25,0.5,1.0,2.0,4,88
62459,1.0,0.0,1.0,1.0,6,86
62460,1.2307692307692308,0.5991446895152781,1.0,3.0,13,79
62461,1.6666666666666667,1.0,1.0,3.0,9,83
62462,2.5,2.1213203435596424,2.5,4.0,2,90
62463,1.1111111111111112,0.33333333333333337,1.0,2.0,9,83
62464,2.3333333333333335,1.1547005383792515,3.0,3.0,3,89
62466,32.5,70.77269384125763,16.0,345.0,32,60
62467,57.0,59.63267188006551,47.0,368.0,37,55
62468,37.810810810810814,37.79317827762471,27.0,218.0,37,55
62469,53.30555555555556,77.82317665963542,34.5,458.0,36,56
62470,27.714285714285715,25.788245644971237,25.0,160.0,35,57
62471,30.34285714285714,46.95613901926603,19.0,286.0,35,57
62472,12.411764705882353,18.940891028174374,6.0,77.0,17,75
62473,5.6923076923076925,7.0283309467778965,3.0,27.0,13,79
62474,2.6666666666666665,2.886751345948129,1.0,6.0,3,89
62475,1.0,0.0,1.0,1.0,4,88
62476,3.7142857142857144,4.270608298368657,1.0,12.0,7,85
62477,4.357142857142857,3.8510632078281746,2.5,16.0,28,64
62478,2.0434782608695654,1.5805137504669233,2.0,8.0,23,69
62479,2.4285714285714284,1.696797241605749,2.0,6.0,14,78
62480,1.0,,1.0,1.0,1,91
62482,3.5,3.5355339059327378,3.5,6.0,2,90
62483,10.166666666666666,7.277820186475252,11.0,22.0,6,86
62488,7.5,6.363961030678928,7.5,12.0,2,90
62489,6.0,3.3166247903554,6.0,12.0,11,81
62491,5.0,,5.0,5.0,1,91
62492,27.142857142857142,24.299715851758236,20.0,80.0,7,85
62493,17.125,14.554699780974039,11.0,51.0,8,84
62591,1.0,,1.0,1.0,1,91
62592,2.0588235294117645,1.7128407776006982,1.0,7.0,17,75
62593,1.6666666666666667,0.5773502691896257,2.0,2.0,3,89
62594,4.0,,4.0,4.0,1,91
62595,1.0,,1.0,1.0,1,91
62596,3.0,,3.0,3.0,1,91
62597,3.0,,3.0,3.0,1,91
62598,1.0,,1.0,1.0,1,91
62599,4.0,,4.0,4.0,1,91
62600,1.5,0.7071067811865476,1.5,2.0,2,90
62601,2.0,,2.0,2.0,1,91
62602,1.0,0.0,1.0,1.0,2,90
62606,2.0,1.0,2.0,3.0,3,89
62607,1.0,,1.0,1.0,1,91
62609,1.0,,1.0,1.0,1,91
62610,4.0,,4.0,4.0,1,91
62611,3.5,0.7071067811865476,3.5,4.0,2,90
62615,1.0,0.0,1.0,1.0,3,89
62616,2.0,,2.0,2.0,1,91
62617,1.0,,1.0,1.0,1,91
62618,,,,0.0,0,92
62619,1.0,,1.0,1.0,1,91
62620,1.0,,1.0,1.0,1,91
62621,1.0,,1.0,1.0,1,91
62623,1.0,,1.0,1.0,1,91
62624,4.0,,4.0,4.0,1,91
62625,3.0,0.0,3.0,3.0,2,90
62632,1.8125,1.2230426539304888,1.0,5.0,16,76
62637,5.0,,5.0,5.0,1,91
62638,1.0,0.0,1.0,1.0,3,89
62639,1.9285714285714286,0.8287419301647447,2.0,4.0,14,78
62643,1.0,0.0,1.0,1.0,2,90
62644,1.0,,1.0,1.0,1,91
62645,1.0,0.0,1.0,1.0,2,90
62646,2.3333333333333335,1.5275252316519465,2.0,4.0,3,89
62647,1.0,,1.0,1.0,1,91
62652,2.0,,2.0,2.0,1,91
62656,1.0,0.0,1.0,1.0,2,90
62657,1.0,0.0,1.0,1.0,2,90
62668,1.0,,1.0,1.0,1,91
62671,2.4545454545454546,2.6594599588501557,2.0,10.0,11,81
62677,1.0,0.0,1.0,1.0,4,88
62678,2.0,,2.0,2.0,1,91
62687,1.5,0.7071067811865476,1.5,2.0,2,90
62689,2.5454545454545454,1.2933395813657267,2.0,5.0,11,81
62691,2.0,,2.0,2.0,1,91
62693,,,,0.0,0,92
62694,1.6875,1.0144785195688801,1.0,4.0,16,76
62695,2.6666666666666665,1.680336100833612,2.0,8.0,18,74
62697,2.0,1.4142135623730951,2.0,3.0,2,90
62698,2.3333333333333335,1.1547005383792515,3.0,3.0,3,89
62700,1.25,0.5,1.0,2.0,4,88
62702,1.0,,1.0,1.0,1,91
62706,1.0,,1.0,1.0,1,91
62707,1.0,0.0,1.0,1.0,2,90
62709,7.0,4.242640687119285,7.0,10.0,2,90
62711,1.8,0.8366600265340756,2.0,3.0,5,87
62715,3.5,0.7071067811865476,3.5,4.0,2,90
62730,3.0,2.8284271247461903,3.0,5.0,2,90
62731,1.0,,1.0,1.0,1,91
62732,1.0,0.0,1.0,1.0,2,90
62733,3.5,3.5355339059327378,3.5,6.0,2,90
62734,3.4,1.8165902124584952,4.0,5.0,5,87
62735,1.0,,1.0,1.0,1,91
62736,1.0,,1.0,1.0,1,91
62737,,,,0.0,0,92
62738,1.0,,1.0,1.0,1,91
62740,6.0,,6.0,6.0,1,91
62741,2.0,,2.0,2.0,1,91
62742,2.0,,2.0,2.0,1,91
62743,2.0,,2.0,2.0,1,91
62744,10.0,,10.0,10.0,1,91
62745,1.0,,1.0,1.0,1,91
62746,2.0,1.4142135623730951,2.0,3.0,2,90
62747,2.0,,2.0,2.0,1,91
62751,7.666666666666667,3.2041639575194445,8.5,11.0,6,86
62756,1.0,,1.0,1.0,1,91
62759,1.0,,1.0,1.0,1,91
62760,1.0,0.0,1.0,1.0,2,90
62763,2.0,,2.0,2.0,1,91
62764,8.0,,8.0,8.0,1,91
62765,1.0,,1.0,1.0,1,91
62766,1.0,,1.0,1.0,1,91
62767,2.0,,2.0,2.0,1,91
62769,2.0,,2.0,2.0,1,91
62770,4.0,,4.0,4.0,1,91
62771,4.0,0.0,4.0,4.0,2,90
62772,1.0,,1.0,1.0,1,91
62774,1.0,,1.0,1.0,1,91
62776,2.0,,2.0,2.0,1,91
62777,2.0,,2.0,2.0,1,91
62778,3.0,,3.0,3.0,1,91
62779,1.0,,1.0,1.0,1,91
62780,2.0,,2.0,2.0,1,91
62784,2.0,,2.0,2.0,1,91
62785,,,,0.0,0,92
62786,1.0,,1.0,1.0,1,91
62787,1.0,,1.0,1.0,1,91
62791,2.6,1.9493588689617927,2.0,6.0,5,87
62792,1.0,,1.0,1.0,1,91
62793,2.0,,2.0,2.0,1,91
62794,2.0,,2.0,2.0,1,91
62795,1.0,,1.0,1.0,1,91
62796,1.0,,1.0,1.0,1,91
62797,10.0,,10.0,10.0,1,91
62799,1.25,0.5,1.0,2.0,4,88
62800,1.0,,1.0,1.0,1,91
62801,1.5,0.7071067811865476,1.5,2.0,2,90
62802,1.3333333333333333,0.5773502691896257,1.0,2.0,3,89
62803,1.3333333333333333,0.5773502691896257,1.0,2.0,3,89
62804,1.0,,1.0,1.0,1,91
62807,1.0,,1.0,1.0,1,91
62809,2.0,1.4142135623730951,2.0,3.0,2,90
62810,2.0,1.4142135623730951,2.0,3.0,2,90
62811,10.0,,10.0,10.0,1,91
62812,1.0,,1.0,1.0,1,91
62814,1.0,,1.0,1.0,1,91
62815,1.0,,1.0,1.0,1,91
62823,1.0,,1.0,1.0,1,91
62829,4.0,,4.0,4.0,1,91
62835,34.5,30.405591591021544,34.5,56.0,2,90
62861,2.0,,2.0,2.0,1,91
63799,4.0,,4.0,4.0,1,91
63846,4.0,,4.0,4.0,1,91
63985,7.0,7.0710678118654755,7.0,12.0,2,90
63986,4.0,,4.0,4.0,1,91
64010,1.0,,1.0,1.0,1,91
64011,1.0,,1.0,1.0,1,91
64012,1.0,,1.0,1.0,1,91
64014,1.0,,1.0,1.0,1,91
64015,1.0,,1.0,1.0,1,91
64016,1.0,,1.0,1.0,1,91
64017,7.666666666666667,4.725815626252608,6.0,13.0,3,89
64018,1.0,,1.0,1.0,1,91
64020,1.0,,1.0,1.0,1,91
64027,15.5,7.7781745930520225,15.5,21.0,2,90
64051,4.0,,4.0,4.0,1,91
64053,6.0,,6.0,6.0,1,91
64108,2.0,,2.0,2.0,1,91
64147,2.6666666666666665,1.1547005383792515,2.0,4.0,3,89
64148,1.0,,1.0,1.0,1,91
64154,2.0,,2.0,2.0,1,91
64156,2.0,1.7320508075688772,1.0,4.0,3,89
64163,1.0,,1.0,1.0,1,91
64166,1.5,0.7071067811865476,1.5,2.0,2,90
64169,2.0,,2.0,2.0,1,91
64178,2.0,,2.0,2.0,1,91
64181,3.0,,3.0,3.0,1,91
64186,4.0,,4.0,4.0,1,91
64196,4.0,,4.0,4.0,1,91
64197,3.6666666666666665,0.5773502691896258,4.0,4.0,3,89
64200,17.5,17.67766952966369,17.5,30.0,2,90
64204,42.0,48.08326112068523,42.0,76.0,2,90
64206,8.5,2.1213203435596424,8.5,10.0,2,90
64215,2.0,,2.0,2.0,1,91
64216,6.666666666666667,4.725815626252608,5.0,12.0,3,89
64219,4.0,1.4142135623730951,4.0,5.0,2,90
64230,26.0,,26.0,26.0,1,91
64243,2.0,,2.0,2.0,1,91
64256,4.0,,4.0,4.0,1,91
64288,10.0,,10.0,10.0,1,91
64322,7.0,,7.0,7.0,1,91
64325,4.0,,4.0,4.0,1,91
64329,2.0,,2.0,2.0,1,91
64331,8.0,,8.0,8.0,1,91
64332,12.333333333333334,6.8068592855540455,10.0,20.0,3,89
64352,25.0,7.0710678118654755,25.0,30.0,2,90
64353,19.0,7.211102550927978,20.0,30.0,5,87
64354,4.0,,4.0,4.0,1,91
64356,8.0,,8.0,8.0,1,91
64385,22.333333333333332,4.041451884327381,20.0,27.0,3,89
64386,1.0,,1.0,1.0,1,91
64390,2.0,1.4142135623730951,2.0,3.0,2,90
64392,2.3333333333333335,0.5773502691896258,2.0,3.0,3,89
64394,5.0,,5.0,5.0,1,91
64404,4.0,,4.0,4.0,1,91
64412,4.0,,4.0,4.0,1,91
64434,5.0,,5.0,5.0,1,91
64435,1.0,,1.0,1.0,1,91
64450,4.0,,4.0,4.0,1,91
64461,27.0,,27.0,27.0,1,91
64470,3.0,1.4142135623730951,3.0,4.0,2,90
64473,1.0,,1.0,1.0,1,91
64474,8.0,,8.0,8.0,1,91
64475,4.0,,4.0,4.0,1,91
64476,2.0,,2.0,2.0,1,91
64477,3.0,,3.0,3.0,1,91
64491,5.0,0.0,5.0,5.0,2,90
64497,20.0,19.79898987322333,20.0,34.0,2,90
64501,4.0,,4.0,4.0,1,91
64524,2.0,,2.0,2.0,1,91
64525,2.0,,2.0,2.0,1,91
64585,3.0,,3.0,3.0,1,91
64591,4.0,,4.0,4.0,1,91
64726,8.0,,8.0,8.0,1,91
64775,4.0,,4.0,4.0,1,91
64776,4.0,,4.0,4.0,1,91
64787,3.0,,3.0,3.0,1,91
64789,3.0,,3.0,3.0,1,91
64848,3.0,,3.0,3.0,1,91
64860,1.0,0.0,1.0,1.0,2,90
64861,1.0,0.0,1.0,1.0,2,90
64884,4.0,,4.0,4.0,1,91
64885,4.0,,4.0,4.0,1,91
64887,4.0,,4.0,4.0,1,91
64889,4.0,,4.0,4.0,1,91
64891,4.0,,4.0,4.0,1,91
64893,2.0,,2.0,2.0,1,91
64899,2.0,,2.0,2.0,1,91
64909,2.0,,2.0,2.0,1,91
64915,1.0,,1.0,1.0,1,91
64918,2.0,,2.0,2.0,1,91
64920,2.0,,2.0,2.0,1,91
64926,1.0,,1.0,1.0,1,91
64945,1.0,,1.0,1.0,1,91
64957,1.0,,1.0,1.0,1,91
64967,1.0,,1.0,1.0,1,91
64974,1.0,,1.0,1.0,1,91
64978,4.0,,4.0,4.0,1,91
64981,4.0,,4.0,4.0,1,91
64988,1.0,,1.0,1.0,1,91
64991,1.0,,1.0,1.0,1,91
64996,1.0,,1.0,1.0,1,91
65001,1.0,,1.0,1.0,1,91
65009,2.0,,2.0,2.0,1,91
65010,4.0,,4.0,4.0,1,91
65012,1.0,,1.0,1.0,1,91
65019,1.0,,1.0,1.0,1,91
65020,1.0,,1.0,1.0,1,91
65027,2.0,,2.0,2.0,1,91
65028,6.0,,6.0,6.0,1,91
65029,2.0,,2.0,2.0,1,91
65037,3.0,,3.0,3.0,1,91
65046,2.0,,2.0,2.0,1,91
65048,2.0,,2.0,2.0,1,91
65050,2.0,,2.0,2.0,1,91
65071,3.0,1.4142135623730951,3.0,4.0,2,90
65103,3.0,2.6457513110645907,2.0,6.0,3,89
65108,2.0,,2.0,2.0,1,91
65129,4.0,,4.0,4.0,1,91
65130,3.0,,3.0,3.0,1,91
65183,2.0,,2.0,2.0,1,91
65221,4.0,,4.0,4.0,1,91
65325,2.0,,2.0,2.0,1,91
65326,2.0,,2.0,2.0,1,91
65408,7.0,9.539392014169456,2.0,18.0,3,89
65409,4.0,2.8284271247461903,4.0,6.0,2,90
65488,2.0,,2.0,2.0,1,91
65492,3.0,,3.0,3.0,1,91
65503,3.0,,3.0,3.0,1,91
65569,5.0,,5.0,5.0,1,91
65594,4.0,,4.0,4.0,1,91
65617,6.0,,6.0,6.0,1,91
65626,2.0,,2.0,2.0,1,91
65632,2.0,,2.0,2.0,1,91
65667,4.0,,4.0,4.0,1,91
65679,4.5,2.1213203435596424,4.5,6.0,2,90
65695,6.0,5.291502622129181,4.0,12.0,3,89
65696,3.0,1.4142135623730951,3.0,4.0,2,90
65697,16.0,,16.0,16.0,1,91
65698,3.0,1.4142135623730951,3.0,4.0,2,90
65699,2.0,,2.0,2.0,1,91
65711,16.0,,16.0,16.0,1,91
65714,2.5,0.7071067811865476,2.5,3.0,2,90
65715,3.5,0.7071067811865476,3.5,4.0,2,90
65729,6.0,,6.0,6.0,1,91
65740,2.0,,2.0,2.0,1,91
65760,1.0,,1.0,1.0,1,91
65770,16.0,,16.0,16.0,1,91
65780,4.0,,4.0,4.0,1,91
65786,6.0,,6.0,6.0,1,91
65821,2.0,,2.0,2.0,1,91
65822,3.0,1.4142135623730951,3.0,4.0,2,90
65827,2.0,,2.0,2.0,1,91
65830,2.0,,2.0,2.0,1,91
65834,2.0,,2.0,2.0,1,91
65849,7.0,6.2182527020592095,5.0,16.0,4,88
65895,12.0,,12.0,12.0,1,91
65899,2.0,,2.0,2.0,1,91
65909,1.0,,1.0,1.0,1,91
65924,1.0,,1.0,1.0,1,91
65930,12.0,,12.0,12.0,1,91
66108,3.5,2.5099800796022267,3.0,8.0,6,86
66124,1.0,,1.0,1.0,1,91
66129,1.0,,1.0,1.0,1,91
66136,1.0,,1.0,1.0,1,91
66189,1.0,,1.0,1.0,1,91
66197,1.0,,1.0,1.0,1,91
66205,1.0,,1.0,1.0,1,91
66206,2.0,,2.0,2.0,1,91
66254,1.0,,1.0,1.0,1,91
66310,3.0,,3.0,3.0,1,91
66356,1.0,,1.0,1.0,1,91
66358,1.0,,1.0,1.0,1,91
66366,1.0,,1.0,1.0,1,91
66399,2.0,1.4142135623730951,2.0,3.0,2,90
66422,4.0,,4.0,4.0,1,91
66426,1.0,,1.0,1.0,1,91
66454,7.0,,7.0,7.0,1,91
66550,2.0,,2.0,2.0,1,91
66556,7.333333333333333,5.033222956847167,8.0,12.0,3,89
66576,7.0,7.0,4.0,15.0,3,89
66583,7.2,4.638007234913623,6.5,17.0,10,82
66586,2.0,,2.0,2.0,1,91
66604,2.5,2.1213203435596424,2.5,4.0,2,90
66626,9.333333333333334,5.8594652770823155,7.0,16.0,3,89
66633,5.222222222222222,2.5385910352879693,5.0,9.0,9,83
66636,1.0,,1.0,1.0,1,91
66655,2.5,2.1213203435596424,2.5,4.0,2,90
66664,4.2,1.3038404810405297,5.0,5.0,5,87
66671,2.0,,2.0,2.0,1,91
66675,8.0,,8.0,8.0,1,91
66681,1.0,,1.0,1.0,1,91
66691,3.0,1.8257418583505538,3.0,5.0,4,88
66730,1.0,0.0,1.0,1.0,2,90
66748,14.0,,14.0,14.0,1,91
66755,2.25,1.8929694486000912,1.5,5.0,4,88
66812,8.0,,8.0,8.0,1,91
66849,4.0,,4.0,4.0,1,91
66857,2.0,,2.0,2.0,1,91
66860,9.0,0.0,9.0,9.0,2,90
66872,2.0,,2.0,2.0,1,91
66876,5.5,2.1213203435596424,5.5,7.0,2,90
66912,6.0,0.0,6.0,6.0,2,90
66939,6.0,5.656854249492381,6.0,10.0,2,90
66961,7.0,1.4142135623730951,7.0,8.0,2,90
67029,1.0,0.0,1.0,1.0,2,90
67030,1.0,0.0,1.0,1.0,2,90
67036,2.0,,2.0,2.0,1,91
67038,1.0,,1.0,1.0,1,91
67046,1.5,0.7071067811865476,1.5,2.0,2,90
67047,1.0,,1.0,1.0,1,91
67048,1.0,,1.0,1.0,1,91
67112,6.0,,6.0,6.0,1,91
67119,5.5,0.7071067811865476,5.5,6.0,2,90
67127,6.0,4.58257569495584,7.0,10.0,3,89
67157,16.0,,16.0,16.0,1,91
67158,7.0,,7.0,7.0,1,91
67160,12.0,11.793087936453414,7.0,41.0,14,78
67167,38.0,,38.0,38.0,1,91
67171,11.0,9.899494936611665,11.0,18.0,2,90
67178,2.0,1.0,2.0,3.0,3,89
67181,3.3333333333333335,2.081665999466133,4.0,5.0,3,89
67203,5.0,,5.0,5.0,1,91
67211,4.0,,4.0,4.0,1,91
67212,8.0,,8.0,8.0,1,91
67215,3.875,2.6958963523950885,3.0,10.0,8,84
67221,3.25,3.2015621187164243,2.0,8.0,4,88
67222,5.0,0.0,5.0,5.0,2,90
67228,5.0,,5.0,5.0,1,91
67230,5.4,4.979959839195493,4.0,14.0,5,87
67236,6.0,,6.0,6.0,1,91
67241,2.25,0.5,2.0,3.0,4,88
67251,4.333333333333333,3.214550253664318,3.0,8.0,3,89
67260,7.0,6.164414002968976,4.5,16.0,4,88
67261,7.0,,7.0,7.0,1,91
67263,6.9,4.605552204797066,6.0,15.0,10,82
67393,4.0,,4.0,4.0,1,91
67407,1.0,,1.0,1.0,1,91
67425,2.0,1.4142135623730951,2.0,3.0,2,90
67432,2.0,,2.0,2.0,1,91
67443,4.666666666666667,2.516611478423583,5.0,7.0,3,89
67450,4.0,,4.0,4.0,1,91
67454,8.0,,8.0,8.0,1,91
67467,4.0,,4.0,4.0,1,91
67492,5.444444444444445,2.96273147243853,6.0,10.0,9,83
67497,3.0,1.4142135623730951,3.0,4.0,2,90
67505,2.0,,2.0,2.0,1,91
67519,2.0,,2.0,2.0,1,91
67534,6.0,0.0,6.0,6.0,2,90
67537,14.0,,14.0,14.0,1,91
67543,4.0,,4.0,4.0,1,91
67578,1.0,,1.0,1.0,1,91
67582,4.25,0.5,4.0,5.0,4,88
67584,2.0,1.7320508075688772,1.0,4.0,3,89
67585,1.0,,1.0,1.0,1,91
67587,2.0,,2.0,2.0,1,91
67589,3.0,2.8284271247461903,3.0,5.0,2,90
67591,1.0,0.0,1.0,1.0,2,90
67593,2.25,1.8929694486000912,1.5,5.0,4,88
67596,1.0,,1.0,1.0,1,91
67597,2.5,0.7071067811865476,2.5,3.0,2,90
67598,1.0,0.0,1.0,1.0,7,85
67599,1.5,0.97182531580755,1.0,4.0,10,82
67600,2.3333333333333335,1.5275252316519465,2.0,4.0,3,89
67601,2.3333333333333335,1.1547005383792515,3.0,3.0,3,89
67602,2.2,1.0954451150103321,3.0,3.0,5,87
67603,1.0,,1.0,1.0,1,91
67668,1.0,,1.0,1.0,1,91
67677,1.0,,1.0,1.0,1,91
67700,,,,0.0,0,92
67708,1.0,,1.0,1.0,1,91
67773,2.0,,2.0,2.0,1,91
67774,2.0,,2.0,2.0,1,91
67775,1.5,0.7071067811865476,1.5,2.0,2,90
67776,2.0,,2.0,2.0,1,91
67777,1.0,0.0,1.0,1.0,2,90
67778,1.0,,1.0,1.0,1,91
67799,1.0,,1.0,1.0,1,91
67801,2.0,,2.0,2.0,1,91
67815,2.0,,2.0,2.0,1,91
67922,3.5,3.5355339059327378,3.5,6.0,2,90
67924,1.0,0.0,1.0,1.0,2,90
67926,4.0,,4.0,4.0,1,91
67932,1.0,,1.0,1.0,1,91
67942,2.5,2.1213203435596424,2.5,4.0,2,90
67943,2.0,,2.0,2.0,1,91
67954,6.0,,6.0,6.0,1,91
67957,5.0,,5.0,5.0,1,91
67985,2.0,,2.0,2.0,1,91
67992,1.0,,1.0,1.0,1,91
68013,1.0,,1.0,1.0,1,91
68020,1.0,0.0,1.0,1.0,2,90
68021,4.0,,4.0,4.0,1,91
68028,6.0,,6.0,6.0,1,91
68030,2.0,,2.0,2.0,1,91
68031,1.0,,1.0,1.0,1,91
68042,5.0,,5.0,5.0,1,91
68043,3.5,2.1213203435596424,3.5,5.0,2,90
68045,3.0,,3.0,3.0,1,91
68058,6.0,,6.0,6.0,1,91
68060,2.0,0.0,2.0,2.0,2,90
68061,3.0,0.0,3.0,3.0,2,90
68062,6.0,,6.0,6.0,1,91
68064,1.0,,1.0,1.0,1,91
68066,6.0,,6.0,6.0,1,91
68079,1.0,,1.0,1.0,1,91
68085,1.0,,1.0,1.0,1,91
68087,1.0,,1.0,1.0,1,91
68098,6.0,,6.0,6.0,1,91
68183,1.0,,1.0,1.0,1,91
68223,2.5,2.1213203435596424,2.5,4.0,2,90
68362,2.6666666666666665,0.5773502691896258,3.0,3.0,3,89
68391,3.0,,3.0,3.0,1,91
68394,5.0,,5.0,5.0,1,91
68395,3.0,,3.0,3.0,1,91
68469,4.0,,4.0,4.0,1,91
68494,1.0,,1.0,1.0,1,91
68496,1.0,,1.0,1.0,1,91
68511,6.0,,6.0,6.0,1,91
68513,3.0,,3.0,3.0,1,91
68514,4.0,,4.0,4.0,1,91
68516,4.0,,4.0,4.0,1,91
68523,2.0,,2.0,2.0,1,91
68540,3.0,,3.0,3.0,1,91
68541,3.5,0.7071067811865476,3.5,4.0,2,90
68580,1.0,,1.0,1.0,1,91
68582,2.0,,2.0,2.0,1,91
68586,8.0,,8.0,8.0,1,91
68588,5.0,,5.0,5.0,1,91
68593,3.0,0.0,3.0,3.0,2,90
68606,3.0,,3.0,3.0,1,91
68628,1.0,,1.0,1.0,1,91
68729,5.0,,5.0,5.0,1,91
68733,2.0,,2.0,2.0,1,91
68734,1.6666666666666667,0.5773502691896257,2.0,2.0,3,89
68766,6.0,,6.0,6.0,1,91
68782,3.0,,3.0,3.0,1,91
68790,4.0,,4.0,4.0,1,91
68791,1.0,,1.0,1.0,1,91
68794,5.0,,5.0,5.0,1,91
68811,6.0,,6.0,6.0,1,91
68819,5.0,,5.0,5.0,1,91
68821,2.0,0.0,2.0,2.0,4,88
68827,16.666666666666668,2.886751345948129,15.0,20.0,3,89
68832,1.0,,1.0,1.0,1,91
68840,1.0,,1.0,1.0,1,91
68866,9.5,7.7781745930520225,9.5,15.0,2,90
68924,1.8,0.44721359549995804,2.0,2.0,5,87
68925,2.3333333333333335,0.5773502691896258,2.0,3.0,3,89
68926,2.0,0.0,2.0,2.0,4,88
68927,2.0,0.0,2.0,2.0,4,88
68928,2.0,0.0,2.0,2.0,5,87
68931,1.0,,1.0,1.0,1,91
68932,1.0,,1.0,1.0,1,91
68933,1.0,,1.0,1.0,1,91
68934,1.0,,1.0,1.0,1,91
68935,1.0,,1.0,1.0,1,91
68936,1.0,,1.0,1.0,1,91
68938,,,,0.0,0,92
68939,4.0,,4.0,4.0,1,91
68940,1.0,,1.0,1.0,1,91
68941,1.0,0.0,1.0,1.0,2,90
68946,1.0,,1.0,1.0,1,91
68947,,,,0.0,0,92
68948,1.0,,1.0,1.0,1,91
68949,1.0,,1.0,1.0,1,91
68950,1.0,,1.0,1.0,1,91
68953,1.0,0.0,1.0,1.0,3,89
68955,3.0,2.8284271247461903,3.0,5.0,2,90
68956,1.0,,1.0,1.0,1,91
68957,1.0,0.0,1.0,1.0,2,90
68958,1.0,,1.0,1.0,1,91
68959,1.0,,1.0,1.0,1,91
68960,1.0,0.0,1.0,1.0,2,90
68961,1.0,,1.0,1.0,1,91
68962,2.0,,2.0,2.0,1,91
68966,1.0,0.0,1.0,1.0,2,90
68967,1.5,0.7071067811865476,1.5,2.0,2,90
68969,1.0,,1.0,1.0,1,91
68971,3.5,3.5355339059327378,3.5,6.0,2,90
68972,1.0,,1.0,1.0,1,91
68973,5.0,,5.0,5.0,1,91
68975,1.0,,1.0,1.0,1,91
68977,2.5,2.073644135332772,1.5,6.0,6,86
68978,2.5,0.7071067811865476,2.5,3.0,2,90
68981,1.0,,1.0,1.0,1,91
68982,1.0,,1.0,1.0,1,91
68984,2.0,,2.0,2.0,1,91
68985,6.0,,6.0,6.0,1,91
68986,6.0,,6.0,6.0,1,91
68987,2.0,,2.0,2.0,1,91
68988,1.0,,1.0,1.0,1,91
68989,1.0,,1.0,1.0,1,91
68990,1.0,,1.0,1.0,1,91
68991,2.5,0.7071067811865476,2.5,3.0,2,90
68992,1.0,,1.0,1.0,1,91
68993,1.0,,1.0,1.0,1,91
68994,1.0,,1.0,1.0,1,91
68995,2.0,,2.0,2.0,1,91
68997,6.0,,6.0,6.0,1,91
69000,1.0,,1.0,1.0,1,91
69001,5.0,,5.0,5.0,1,91
69003,4.0,,4.0,4.0,1,91
69004,2.0,,2.0,2.0,1,91
69005,1.0,,1.0,1.0,1,91
69012,1.0,,1.0,1.0,1,91
69013,5.0,,5.0,5.0,1,91
69014,3.0,,3.0,3.0,1,91
69016,3.0,,3.0,3.0,1,91
69017,75.0,,75.0,75.0,1,91
69019,74.5,17.67766952966369,74.5,87.0,2,90
69020,1.0,,1.0,1.0,1,91
69024,1.0,,1.0,1.0,1,91
69025,4.0,,4.0,4.0,1,91
69026,1.3333333333333333,0.5773502691896257,1.0,2.0,3,89
69027,,,,0.0,0,92
69028,,,,0.0,0,92
69029,1.0,,1.0,1.0,1,91
69030,1.0,,1.0,1.0,1,91
69031,1.0,,1.0,1.0,1,91
69032,2.0,,2.0,2.0,1,91
69033,2.0,,2.0,2.0,1,91
69034,2.0,,2.0,2.0,1,91
69035,1.0,,1.0,1.0,1,91
69041,1.0,,1.0,1.0,1,91
69042,1.0,,1.0,1.0,1,91
69043,,,,0.0,0,92
69044,1.0,,1.0,1.0,1,91
69045,1.0,,1.0,1.0,1,91
69047,1.0,,1.0,1.0,1,91
69048,1.0,,1.0,1.0,1,91
69049,1.0,0.0,1.0,1.0,2,90
69050,1.0,0.0,1.0,1.0,2,90
69051,1.0,,1.0,1.0,1,91
69053,12.0,0.0,12.0,12.0,2,90
69054,1.0,,1.0,1.0,1,91
69055,1.0,,1.0,1.0,1,91
69057,1.0,,1.0,1.0,1,91
69058,1.0,,1.0,1.0,1,91
69059,1.0,,1.0,1.0,1,91
69060,2.0,,2.0,2.0,1,91
69061,3.0,,3.0,3.0,1,91
69062,2.0,,2.0,2.0,1,91
69063,2.0,,2.0,2.0,1,91
69064,2.0,,2.0,2.0,1,91
69065,1.0,,1.0,1.0,1,91
69066,1.0,0.0,1.0,1.0,2,90
69067,1.0,0.0,1.0,1.0,2,90
69069,1.0,0.0,1.0,1.0,2,90
69072,1.0,,1.0,1.0,1,91
69074,1.0,,1.0,1.0,1,91
69075,2.0,,2.0,2.0,1,91
69076,8.0,11.269427669584644,2.0,21.0,3,89
69077,4.0,,4.0,4.0,1,91
69078,3.0,,3.0,3.0,1,91
69079,8.0,,8.0,8.0,1,91
69080,5.0,,5.0,5.0,1,91
69082,4.0,,4.0,4.0,1,91
69084,5.0,,5.0,5.0,1,91
69085,1.0,0.0,1.0,1.0,2,90
69086,3.0,,3.0,3.0,1,91
69090,1.0,,1.0,1.0,1,91
69091,3.0,,3.0,3.0,1,91
69092,4.0,,4.0,4.0,1,91
69093,3.0,,3.0,3.0,1,91
69094,1.0,,1.0,1.0,1,91
69095,4.0,,4.0,4.0,1,91
69096,1.0,0.0,1.0,1.0,2,90
69097,1.0,,1.0,1.0,1,91
69098,2.0,,2.0,2.0,1,91
69099,3.0,1.4142135623730951,3.0,4.0,2,90
69100,3.0,,3.0,3.0,1,91
69101,3.0,0.0,3.0,3.0,2,90
69105,1.0,,1.0,1.0,1,91
69106,1.0,,1.0,1.0,1,91
69107,1.0,0.0,1.0,1.0,2,90
69108,1.0,0.0,1.0,1.0,2,90
69109,3.0,,3.0,3.0,1,91
69113,1.3333333333333333,0.5773502691896257,1.0,2.0,3,89
69114,4.0,,4.0,4.0,1,91
69115,4.0,,4.0,4.0,1,91
69116,4.0,,4.0,4.0,1,91
69117,8.0,10.893423092245461,2.0,30.0,7,85
69118,1.0,,1.0,1.0,1,91
69119,3.0,,3.0,3.0,1,91
69120,3.0,1.1547005383792515,3.0,4.0,4,88
69121,1.0,,1.0,1.0,1,91
69122,4.0,,4.0,4.0,1,91
69123,5.5,0.7071067811865476,5.5,6.0,2,90
69124,4.0,,4.0,4.0,1,91
69125,6.0,,6.0,6.0,1,91
69129,3.0,,3.0,3.0,1,91
69133,1.0,,1.0,1.0,1,91
69134,2.5,2.1213203435596424,2.5,4.0,2,90
69135,4.0,2.8284271247461903,4.0,6.0,2,90
69136,1.6666666666666667,0.5773502691896257,2.0,2.0,3,89
69137,5.5,0.7071067811865476,5.5,6.0,2,90
69138,3.5,3.5355339059327378,3.5,6.0,2,90
69139,2.0,,2.0,2.0,1,91
69140,1.0,,1.0,1.0,1,91
69141,1.0,,1.0,1.0,1,91
69143,1.0,,1.0,1.0,1,91
69144,2.0,,2.0,2.0,1,91
69145,1.0,,1.0,1.0,1,91
69146,1.0,,1.0,1.0,1,91
69147,1.0,,1.0,1.0,1,91
71053,1.0,,1.0,1.0,1,91
71054,1.0,,1.0,1.0,1,91
71055,1.0,,1.0,1.0,1,91
71057,1.0,,1.0,1.0,1,91
71058,80.0,80.49844718999243,60.0,230.0,6,86
71059,522.1666666666666,734.9417437230428,278.0,1950.0,6,86
71060,332.0,621.0707344118358,73.5,1800.0,8,84
71061,164.0,224.34348664492134,70.0,560.0,5,87
71062,10.0,0.0,10.0,10.0,2,90
71063,30.0,14.142135623730951,30.0,40.0,2,90
71064,92.5,60.10407640085654,92.5,135.0,2,90
71065,95.0,,95.0,95.0,1,91
71066,70.0,70.71067811865476,70.0,120.0,2,90
71068,10.5,3.1091263510296048,9.5,15.0,4,88
71069,9.428571428571429,10.390013520317522,6.0,30.0,7,85
71070,15.0,8.74642784226795,12.0,30.0,5,87
71072,6.5,3.5355339059327378,6.5,9.0,2,90
71073,9.0,5.196152422706632,6.0,15.0,3,89
71082,1.0,,1.0,1.0,1,91
71083,10.0,,10.0,10.0,1,91
71084,20.0,14.142135623730951,15.0,40.0,4,88
71095,60.0,,60.0,60.0,1,91
71096,15.2,15.578831791889916,10.0,40.0,5,87
71097,3.0,,3.0,3.0,1,91
71106,13.333333333333334,5.773502691896257,10.0,20.0,3,89
71135,2.25,1.2583057392117916,2.0,4.0,4,88
71136,3.0,,3.0,3.0,1,91
71138,1.0,,1.0,1.0,1,91
71139,1.5,0.7071067811865476,1.5,2.0,2,90
71140,2.0,,2.0,2.0,1,91
71141,1.0,0.0,1.0,1.0,3,89
71142,1.0,0.0,1.0,1.0,5,87
71147,1.3333333333333333,0.5773502691896257,1.0,2.0,3,89
71156,2.5,0.7071067811865476,2.5,3.0,2,90
71165,1.0,0.0,1.0,1.0,4,88
71177,4.0,,4.0,4.0,1,91
71180,3.0,2.8284271247461903,3.0,5.0,2,90
71191,10.0,,10.0,10.0,1,91
71199,1.0,0.0,1.0,1.0,2,90
71201,4.0,0.0,4.0,4.0,2,90
71206,33.333333333333336,5.773502691896258,30.0,40.0,3,89
71207,10.0,5.887840577551898,9.0,18.0,4,88
71216,36.4,38.046587982930305,16.0,120.0,15,77
71217,12.23076923076923,9.782244511987402,10.0,30.0,13,79
71218,14.75,13.123044071947854,10.0,40.0,8,84
71219,20.0,17.320508075688775,10.0,40.0,3,89
71225,1.0,,1.0,1.0,1,91
71226,2.0,,2.0,2.0,1,91
71227,6.0,3.605551275463989,5.0,10.0,3,89
71228,3.0,,3.0,3.0,1,91
71231,9.0,4.898979485566356,10.0,15.0,6,86
71251,1.0,,1.0,1.0,1,91
71252,2.0,,2.0,2.0,1,91
71253,6.0,0.0,6.0,6.0,2,90
71254,1.0,,1.0,1.0,1,91
71256,2.0,,2.0,2.0,1,91
71257,5.0,,5.0,5.0,1,91
71258,1.0,,1.0,1.0,1,91
71263,1.6666666666666667,1.1180339887498947,1.0,4.0,9,83
71264,1.0,0.0,1.0,1.0,6,86
71269,1.0,,1.0,1.0,1,91
71270,2.0,,2.0,2.0,1,91
71271,2.0,,2.0,2.0,1,91
71272,1.0,,1.0,1.0,1,91
71275,1.0,,1.0,1.0,1,91
71277,1.0,,1.0,1.0,1,91
71363,2.0,1.4142135623730951,2.0,3.0,2,90
71364,1.0,,1.0,1.0,1,91
71365,1.0,,1.0,1.0,1,91
71367,1.0,,1.0,1.0,1,91
71368,,,,0.0,0,92
71369,2.0,0.0,2.0,2.0,2,90
71370,3.0,,3.0,3.0,1,91
71371,3.0,,3.0,3.0,1,91
71372,1.0,,1.0,1.0,1,91
71373,1.0,,1.0,1.0,1,91
71374,1.0,,1.0,1.0,1,91
71375,1.0,,1.0,1.0,1,91
71377,,,,0.0,0,92
71380,1.0,0.0,1.0,1.0,5,87
71382,1.0,0.0,1.0,1.0,2,90
71384,1.0,,1.0,1.0,1,91
71416,2.0,,2.0,2.0,1,91
71419,1.0,0.0,1.0,1.0,3,89
71421,1.0,0.0,1.0,1.0,2,90
71426,1.0,,1.0,1.0,1,91
71433,1.0,,1.0,1.0,1,91
71441,1.25,0.5,1.0,2.0,4,88
71442,1.75,1.5,1.0,4.0,4,88
71449,1.5,0.7071067811865476,1.5,2.0,2,90
71456,1.0,,1.0,1.0,1,91
71504,1.0,,1.0,1.0,1,91
71508,3.0,,3.0,3.0,1,91
71509,2.3333333333333335,2.3094010767585034,1.0,5.0,3,89
71510,1.0,,1.0,1.0,1,91
71578,1.0,,1.0,1.0,1,91
71579,1.0,,1.0,1.0,1,91
71580,1.0,,1.0,1.0,1,91
71581,1.5,0.7071067811865476,1.5,2.0,2,90
71582,6.0,,6.0,6.0,1,91
71583,6.0,,6.0,6.0,1,91
71584,6.666666666666667,3.055050463303893,6.0,10.0,3,89
71586,6.0,,6.0,6.0,1,91
71587,2.3333333333333335,0.5773502691896258,2.0,3.0,3,89
71588,1.0,,1.0,1.0,1,91
71590,1.0,,1.0,1.0,1,91
71591,2.4,0.8944271909999159,3.0,3.0,5,87
71592,2.0,1.4142135623730951,2.0,3.0,2,90
71594,1.0,0.0,1.0,1.0,2,90
71595,1.0,,1.0,1.0,1,91
71596,1.0,,1.0,1.0,1,91
71597,1.0,,1.0,1.0,1,91
71598,2.0,,2.0,2.0,1,91
71599,2.0,,2.0,2.0,1,91
71600,6.0,,6.0,6.0,1,91
71602,2.0,0.0,2.0,2.0,2,90
71605,4.0,,4.0,4.0,1,91
71606,4.0,,4.0,4.0,1,91
71607,3.5,2.1213203435596424,3.5,5.0,2,90
71611,1.0,,1.0,1.0,1,91
71612,5.5,0.7071067811865476,5.5,6.0,2,90
71613,4.666666666666667,3.055050463303893,4.0,8.0,3,89
71614,4.25,1.707825127659933,4.5,6.0,4,88
71615,6.0,,6.0,6.0,1,91
71617,1.0,,1.0,1.0,1,91
71618,2.0,,2.0,2.0,1,91
71619,2.0,,2.0,2.0,1,91
71620,2.0,,2.0,2.0,1,91
71621,1.0,,1.0,1.0,1,91
71627,16.0,19.79898987322333,16.0,30.0,2,90
71628,1.0,,1.0,1.0,1,91
71629,1.0,0.0,1.0,1.0,2,90
71631,1.3333333333333333,0.5773502691896257,1.0,2.0,3,89
71632,1.3333333333333333,0.5773502691896257,1.0,2.0,3,89
71633,1.6666666666666667,0.5773502691896257,2.0,2.0,3,89
71634,1.5,0.7071067811865476,1.5,2.0,2,90
71635,1.6666666666666667,1.1547005383792517,1.0,3.0,3,89
71637,2.0,,2.0,2.0,1,91
71639,1.0,,1.0,1.0,1,91
71640,1.0,,1.0,1.0,1,91
71641,1.0,,1.0,1.0,1,91
71642,1.0,,1.0,1.0,1,91
71643,1.0,,1.0,1.0,1,91
71644,1.0,,1.0,1.0,1,91
71645,1.0,,1.0,1.0,1,91
71646,1.0,,1.0,1.0,1,91
71647,1.0,,1.0,1.0,1,91
71648,1.0,,1.0,1.0,1,91
71649,1.0,,1.0,1.0,1,91
71650,1.0,,1.0,1.0,1,91
71651,1.0,0.0,1.0,1.0,2,90
71652,6.0,,6.0,6.0,1,91
71653,1.0,0.0,1.0,1.0,2,90
71654,1.0,0.0,1.0,1.0,2,90
71655,1.0,,1.0,1.0,1,91
71656,1.0,,1.0,1.0,1,91
71659,1.0,,1.0,1.0,1,91
71661,,,,0.0,0,92
71662,,,,0.0,0,92
71663,,,,0.0,0,92
71666,,,,0.0,0,92
71667,1.0,0.0,1.0,1.0,4,88
71668,1.0,,1.0,1.0,1,91
71671,3.0,,3.0,3.0,1,91
71672,1.0,,1.0,1.0,1,91
71673,1.0,,1.0,1.0,1,91
71674,1.0,0.0,1.0,1.0,2,90
71675,1.0,,1.0,1.0,1,91
71676,1.0,0.0,1.0,1.0,2,90
71678,1.0,,1.0,1.0,1,91
71679,1.0,,1.0,1.0,1,91
71680,3.75,2.0615528128088303,3.5,6.0,4,88
71681,1.0,,1.0,1.0,1,91
71682,3.0,,3.0,3.0,1,91
71683,1.0,,1.0,1.0,1,91
71691,10.5,3.5355339059327378,10.5,13.0,2,90
71698,5.0,,5.0,5.0,1,91
71703,1.5,0.7071067811865476,1.5,2.0,2,90
71705,2.0,0.0,2.0,2.0,2,90
71706,2.0,0.0,2.0,2.0,2,90
71708,5.5,0.7071067811865476,5.5,6.0,2,90
71709,2.0,,2.0,2.0,1,91
71710,1.5,0.7071067811865476,1.5,2.0,2,90
71711,3.0,,3.0,3.0,1,91
71713,1.0,,1.0,1.0,1,91
71717,2.0,,2.0,2.0,1,91
71720,1.0,,1.0,1.0,1,91
71721,1.0,,1.0,1.0,1,91
71722,1.0,,1.0,1.0,1,91
71723,1.6666666666666667,0.5773502691896257,2.0,2.0,3,89
71724,1.0,0.0,1.0,1.0,2,90
71725,1.0,,1.0,1.0,1,91
71726,1.0,0.0,1.0,1.0,2,90
71733,1.0,,1.0,1.0,1,91
71734,2.0,,2.0,2.0,1,91
71735,1.0,,1.0,1.0,1,91
71736,1.0,,1.0,1.0,1,91
71737,1.6666666666666667,0.5773502691896257,2.0,2.0,3,89
71738,1.5,0.7071067811865476,1.5,2.0,2,90
71739,2.0,1.4142135623730951,2.0,3.0,2,90
71742,2.0,,2.0,2.0,1,91
71743,1.0,0.0,1.0,1.0,4,88
71744,2.0,,2.0,2.0,1,91
71745,4.0,,4.0,4.0,1,91
71746,1.3333333333333333,0.5773502691896257,1.0,2.0,3,89
71748,2.0,0.0,2.0,2.0,2,90
71749,1.5,0.7071067811865476,1.5,2.0,2,90
71750,2.0,,2.0,2.0,1,91
71753,10.0,,10.0,10.0,1,91
71754,1.0,,1.0,1.0,1,91
71755,5.0,,5.0,5.0,1,91
71757,1.0,0.0,1.0,1.0,2,90
71760,15.0,,15.0,15.0,1,91
71761,8.5,9.192388155425117,8.5,15.0,2,90
71762,3.0,,3.0,3.0,1,91
71763,1.0,0.0,1.0,1.0,2,90
71764,4.0,,4.0,4.0,1,91
71767,4.0,,4.0,4.0,1,91
71768,1.0,,1.0,1.0,1,91
71769,4.0,,4.0,4.0,1,91
71770,1.0,,1.0,1.0,1,91
71773,1.0,,1.0,1.0,1,91
71774,5.0,,5.0,5.0,1,91
71775,1.0,,1.0,1.0,1,91
71781,1.0,,1.0,1.0,1,91
71782,1.0,,1.0,1.0,1,91
71785,1.0,,1.0,1.0,1,91
71786,1.0,0.0,1.0,1.0,2,90
71787,3.0,1.7888543819998317,2.5,6.0,6,86
71789,1.0,0.0,1.0,1.0,2,90
71790,1.0,0.0,1.0,1.0,2,90
71792,1.0,,1.0,1.0,1,91
71793,1.0,,1.0,1.0,1,91
71794,1.0,,1.0,1.0,1,91
71796,2.0,,2.0,2.0,1,91
71801,1.0,,1.0,1.0,1,91
71802,1.0,,1.0,1.0,1,91
71803,1.0,,1.0,1.0,1,91
71804,4.0,,4.0,4.0,1,91
71805,1.0,,1.0,1.0,1,91
71809,1.0,,1.0,1.0,1,91
71811,10.0,,10.0,10.0,1,91
71812,1.3333333333333333,0.5773502691896257,1.0,2.0,3,89
71813,1.0,,1.0,1.0,1,91
71814,1.0,,1.0,1.0,1,91
71815,1.0,,1.0,1.0,1,91
71817,1.0,,1.0,1.0,1,91
71818,1.0,0.0,1.0,1.0,3,89
71819,4.0,,4.0,4.0,1,91
71820,1.5,0.7071067811865476,1.5,2.0,2,90
71821,6.0,,6.0,6.0,1,91
71822,6.0,,6.0,6.0,1,91
71823,1.0,,1.0,1.0,1,91
71824,1.0,,1.0,1.0,1,91
71825,1.0,,1.0,1.0,1,91
71829,2.0,,2.0,2.0,1,91
71830,2.0,,2.0,2.0,1,91
71831,2.0,,2.0,2.0,1,91
71832,2.0,,2.0,2.0,1,91
71833,2.0,,2.0,2.0,1,91
71834,2.0,,2.0,2.0,1,91
71835,2.0,,2.0,2.0,1,91
71836,2.0,,2.0,2.0,1,91
71843,2.5,0.8366600265340756,2.0,4.0,6,86
71844,22.5,10.606601717798213,22.5,30.0,2,90
71845,2.0,,2.0,2.0,1,91
71846,1.0,,1.0,1.0,1,91
71847,100.0,,100.0,100.0,1,91
71850,1.0,,1.0,1.0,1,91
71852,5.0,,5.0,5.0,1,91
71853,1.0,,1.0,1.0,1,91
71854,1.0,,1.0,1.0,1,91
71857,1.0,,1.0,1.0,1,91
71858,1.0,,1.0,1.0,1,91
71859,1.0,,1.0,1.0,1,91
71863,1.0,,1.0,1.0,1,91
71865,1.0,,1.0,1.0,1,91
71866,4.0,,4.0,4.0,1,91
71867,1.0,,1.0,1.0,1,91
71868,1.0,,1.0,1.0,1,91
71869,6.5,6.363961030678928,6.5,11.0,2,90
71870,11.0,14.142135623730951,11.0,21.0,2,90
71872,3.6666666666666665,1.5275252316519465,4.0,5.0,3,89
71873,4.5,2.1213203435596424,4.5,6.0,2,90
71874,1.0,,1.0,1.0,1,91
71875,2.0,,2.0,2.0,1,91
71876,4.0,,4.0,4.0,1,91
71877,6.0,,6.0,6.0,1,91
71880,8.0,,8.0,8.0,1,91
71882,1.0,,1.0,1.0,1,91
71884,1.0,,1.0,1.0,1,91
71885,1.0,,1.0,1.0,1,91
71886,2.0,,2.0,2.0,1,91
71888,2.0,0.0,2.0,2.0,2,90
71889,2.0,0.0,2.0,2.0,2,90
71890,2.0,,2.0,2.0,1,91
71891,1.0,,1.0,1.0,1,91
71892,1.0,,1.0,1.0,1,91
71893,5.0,3.391164991562634,5.0,10.0,5,87
71894,5.0,3.391164991562634,5.0,10.0,5,87
71895,1.0,0.0,1.0,1.0,2,90
71896,1.0,0.0,1.0,1.0,2,90
71898,1.0,,1.0,1.0,1,91
71900,6.0,,6.0,6.0,1,91
71901,3.0,2.8284271247461903,2.0,8.0,5,87
71902,1.6666666666666667,0.5773502691896257,2.0,2.0,3,89
71903,1.0,0.0,1.0,1.0,2,90
71904,1.5,0.7071067811865476,1.5,2.0,2,90
71905,1.0,0.0,1.0,1.0,3,89
71906,2.4285714285714284,1.5118578920369088,2.0,5.0,7,85
71907,1.0,,1.0,1.0,1,91
71908,1.0,,1.0,1.0,1,91
71909,2.0,,2.0,2.0,1,91
71910,4.5,0.7071067811865476,4.5,5.0,2,90
71915,3.5,2.1213203435596424,3.5,5.0,2,90
71918,1.0,,1.0,1.0,1,91
71920,1.0,,1.0,1.0,1,91
71921,1.0,,1.0,1.0,1,91
71927,1.0,,1.0,1.0,1,91
71928,1.0,0.0,1.0,1.0,2,90
71929,3.0,,3.0,3.0,1,91
71930,1.5,0.7071067811865476,1.5,2.0,2,90
71931,2.0,,2.0,2.0,1,91
71932,1.0,0.0,1.0,1.0,2,90
71933,2.0,,2.0,2.0,1,91
71934,2.0,,2.0,2.0,1,91
71935,2.0,,2.0,2.0,1,91
71938,1.0,,1.0,1.0,1,91
71939,6.0,,6.0,6.0,1,91
71941,2.0,,2.0,2.0,1,91
71942,2.0,,2.0,2.0,1,91
71943,13.8125,9.04963166837929,11.5,35.0,16,76
71944,3.0,,3.0,3.0,1,91
71945,3.0,,3.0,3.0,1,91
71946,1.0,,1.0,1.0,1,91
71947,2.0,,2.0,2.0,1,91
71948,1.0,,1.0,1.0,1,91
71949,1.6666666666666667,1.1547005383792517,1.0,3.0,3,89
71950,1.0,,1.0,1.0,1,91
71952,1.0,,1.0,1.0,1,91
71953,1.0,,1.0,1.0,1,91
71954,1.0,0.0,1.0,1.0,2,90
71956,2.0,,2.0,2.0,1,91
71957,2.0,,2.0,2.0,1,91
71958,1.0,,1.0,1.0,1,91
71959,4.0,,4.0,4.0,1,91
71960,1.3333333333333333,0.5773502691896257,1.0,2.0,3,89
71965,1.0,0.0,1.0,1.0,2,90
71966,1.0,,1.0,1.0,1,91
71967,2.5,0.7071067811865476,2.5,3.0,2,90
71968,2.5,0.7071067811865476,2.5,3.0,2,90
71969,2.0,,2.0,2.0,1,91
71970,2.5,0.7071067811865476,2.5,3.0,2,90
71972,1.0,0.0,1.0,1.0,2,90
71973,1.0,,1.0,1.0,1,91
71974,1.0,,1.0,1.0,1,91
71975,1.0,,1.0,1.0,1,91
71976,3.6666666666666665,1.5275252316519468,4.0,5.0,3,89
71977,1.5,0.7071067811865476,1.5,2.0,2,90
71979,4.0,,4.0,4.0,1,91
71980,1.0,,1.0,1.0,1,91
71981,1.0,,1.0,1.0,1,91
71982,1.0,,1.0,1.0,1,91
71983,1.0,,1.0,1.0,1,91
71985,1.0,,1.0,1.0,1,91
71986,1.0,,1.0,1.0,1,91
71987,2.5,1.0,3.0,3.0,4,88
71988,4.0,,4.0,4.0,1,91
71989,4.0,,4.0,4.0,1,91
71990,2.0,,2.0,2.0,1,91
71991,2.0,1.4142135623730951,2.0,3.0,2,90
71992,6.0,3.605551275463989,5.0,10.0,3,89
71994,4.5,0.7071067811865476,4.5,5.0,2,90
72093,7.5,3.5355339059327378,7.5,10.0,2,90
72195,1.0,,1.0,1.0,1,91
72197,2.0,,2.0,2.0,1,91
72198,1.0,,1.0,1.0,1,91
72202,2.0,,2.0,2.0,1,91
72203,1.0,,1.0,1.0,1,91
72204,1.0,0.0,1.0,1.0,2,90
72205,1.0,,1.0,1.0,1,91
72206,1.0,,1.0,1.0,1,91
72207,3.0,,3.0,3.0,1,91
72208,1.0,,1.0,1.0,1,91
72209,1.0,,1.0,1.0,1,91
72210,1.5,0.7071067811865476,1.5,2.0,2,90
72211,1.5,0.7071067811865476,1.5,2.0,2,90
72212,1.0,,1.0,1.0,1,91
72216,10.0,0.0,10.0,10.0,2,90
72217,10.0,,10.0,10.0,1,91
72219,1.0,,1.0,1.0,1,91
72220,2.0,,2.0,2.0,1,91
72223,1.0,,1.0,1.0,1,91
72230,1.6666666666666667,0.5773502691896257,2.0,2.0,3,89
72434,4.5,0.7071067811865476,4.5,5.0,2,90
72435,6.0,,6.0,6.0,1,91
72436,2.0,,2.0,2.0,1,91
72437,1.6666666666666667,1.1547005383792517,1.0,3.0,3,89
72438,2.0,,2.0,2.0,1,91
72441,2.5,2.1213203435596424,2.5,4.0,2,90
72442,3.0,,3.0,3.0,1,91
72446,1.0,,1.0,1.0,1,91
72447,1.0,,1.0,1.0,1,91
72448,1.0,,1.0,1.0,1,91
72449,1.0,,1.0,1.0,1,91
72450,1.0,0.0,1.0,1.0,2,90
72452,1.0,,1.0,1.0,1,91
72453,1.0,0.0,1.0,1.0,2,90
72455,1.0,0.0,1.0,1.0,2,90
72456,1.0,,1.0,1.0,1,91
72459,1.0,,1.0,1.0,1,91
72461,1.5,0.7071067811865476,1.5,2.0,2,90
72462,10.0,0.0,10.0,10.0,2,90
72463,4.0,0.0,4.0,4.0,2,90
72464,2.0,,2.0,2.0,1,91
72465,2.0,,2.0,2.0,1,91
72567,2.0,,2.0,2.0,1,91
72568,1.0,,1.0,1.0,1,91
72571,4.0,,4.0,4.0,1,91
72572,5.0,,5.0,5.0,1,91
72573,3.0,,3.0,3.0,1,91
72574,30.0,,30.0,30.0,1,91
72575,1.0,,1.0,1.0,1,91
72576,1.0,0.0,1.0,1.0,2,90
72577,1.0,,1.0,1.0,1,91
72579,3.0,,3.0,3.0,1,91
72580,2.0,,2.0,2.0,1,91
72581,1.0,,1.0,1.0,1,91
72582,1.0,,1.0,1.0,1,91
72584,3.0,,3.0,3.0,1,91
72585,1.0,,1.0,1.0,1,91
72586,6.0,,6.0,6.0,1,91
72588,6.0,,6.0,6.0,1,91
72589,1.0,,1.0,1.0,1,91
72590,1.0,,1.0,1.0,1,91
72591,1.0,,1.0,1.0,1,91
72595,2.0,,2.0,2.0,1,91
72596,2.0,1.4142135623730951,2.0,3.0,2,90
72597,2.0,,2.0,2.0,1,91
72598,1.0,,1.0,1.0,1,91
72602,2.0,,2.0,2.0,1,91
72603,2.0,,2.0,2.0,1,91
72604,3.0,0.0,3.0,3.0,2,90
72605,3.0,,3.0,3.0,1,91
72606,3.0,,3.0,3.0,1,91
72607,3.0,,3.0,3.0,1,91
72608,1.0,,1.0,1.0,1,91
72609,1.0,,1.0,1.0,1,91
72610,2.0,,2.0,2.0,1,91
72611,2.0,,2.0,2.0,1,91
72612,3.0,,3.0,3.0,1,91
72613,2.0,,2.0,2.0,1,91
72614,2.0,,2.0,2.0,1,91
72615,3.0,,3.0,3.0,1,91
72616,2.0,,2.0,2.0,1,91
72617,2.0,,2.0,2.0,1,91
72620,1.0,,1.0,1.0,1,91
72621,2.0,,2.0,2.0,1,91
72622,3.0,,3.0,3.0,1,91
72623,2.0,,2.0,2.0,1,91
72624,2.0,,2.0,2.0,1,91
72625,2.0,,2.0,2.0,1,91
72626,1.0,,1.0,1.0,1,91
72627,2.0,,2.0,2.0,1,91
72628,2.0,,2.0,2.0,1,91
72629,2.0,,2.0,2.0,1,91
72630,2.0,,2.0,2.0,1,91
72631,1.0,,1.0,1.0,1,91
72632,1.0,,1.0,1.0,1,91
72633,1.0,,1.0,1.0,1,91
72634,1.0,,1.0,1.0,1,91
72635,2.0,,2.0,2.0,1,91
73036,4.0,,4.0,4.0,1,91
73037,1.0,,1.0,1.0,1,91
73038,2.0,,2.0,2.0,1,91
73039,2.0,,2.0,2.0,1,91
73142,1.0,,1.0,1.0,1,91
73144,1.0,,1.0,1.0,1,91
73146,1.0,,1.0,1.0,1,91
73447,4.0,2.8284271247461903,4.0,6.0,2,90
73448,4.0,2.8284271247461903,4.0,6.0,2,90
73449,4.0,2.8284271247461903,4.0,6.0,2,90
73450,4.0,2.8284271247461903,4.0,6.0,2,90
73451,4.0,2.8284271247461903,4.0,6.0,2,90
73552,4.0,2.8284271247461903,4.0,6.0,2,90
73553,4.0,2.8284271247461903,4.0,6.0,2,90
73554,2.5,0.7071067811865476,2.5,3.0,2,90
73555,4.0,2.8284271247461903,4.0,6.0,2,90
73556,4.0,2.8284271247461903,4.0,6.0,2,90
73557,4.0,2.8284271247461903,4.0,6.0,2,90
73558,4.0,2.8284271247461903,4.0,6.0,2,90
73661,1.0,,1.0,1.0,1,91
73665,1.0,,1.0,1.0,1,91
73666,2.0,0.0,2.0,2.0,2,90
73667,2.0,,2.0,2.0,1,91
73668,2.0,,2.0,2.0,1,91
73669,2.0,,2.0,2.0,1,91
73670,2.0,,2.0,2.0,1,91
73673,1.0,0.0,1.0,1.0,2,90
73674,1.0,0.0,1.0,1.0,2,90
73675,1.0,,1.0,1.0,1,91
73676,1.0,,1.0,1.0,1,91
73677,1.0,,1.0,1.0,1,91
73678,5.0,,5.0,5.0,1,91
73679,2.0,,2.0,2.0,1,91
73680,2.0,,2.0,2.0,1,91
73681,2.0,,2.0,2.0,1,91
73682,1.0,,1.0,1.0,1,91
73683,1.0,0.0,1.0,1.0,2,90
73684,1.0,,1.0,1.0,1,91
73692,1.0,,1.0,1.0,1,91
73697,1.0,,1.0,1.0,1,91
73698,1.0,,1.0,1.0,1,91
73699,1.5,0.7071067811865476,1.5,2.0,2,90
73700,1.0,,1.0,1.0,1,91
73701,1.0,,1.0,1.0,1,91
73702,2.0,,2.0,2.0,1,91
73707,6.5,5.196152422706632,5.0,14.0,4,88
73708,3.5,2.1213203435596424,3.5,5.0,2,90
73709,,,,0.0,0,92
73713,1.0,,1.0,1.0,1,91
73714,1.0,,1.0,1.0,1,91
73715,5.0,,5.0,5.0,1,91
73716,1.0,,1.0,1.0,1,91
73717,1.0,,1.0,1.0,1,91
73718,1.0,,1.0,1.0,1,91
73719,1.0,,1.0,1.0,1,91
73822,1.0,,1.0,1.0,1,91
73825,1.0,,1.0,1.0,1,91
73826,,,,0.0,0,92
73827,1.0,0.0,1.0,1.0,2,90
73834,1.0,,1.0,1.0,1,91
73835,1.0,,1.0,1.0,1,91
73839,2.0,,2.0,2.0,1,91
73840,1.0,,1.0,1.0,1,91
73841,1.0,,1.0,1.0,1,91
73842,3.0,,3.0,3.0,1,91
73843,1.0,,1.0,1.0,1,91
73844,1.0,,1.0,1.0,1,91
73845,5.0,,5.0,5.0,1,91
73846,4.0,,4.0,4.0,1,91
73848,2.0,,2.0,2.0,1,91
73849,3.0,1.4142135623730951,3.0,4.0,2,90
73852,2.0,,2.0,2.0,1,91
73853,,,,0.0,0,92
73854,,,,0.0,0,92
73855,1.0,,1.0,1.0,1,91
73856,1.0,0.0,1.0,1.0,2,90
73857,1.0,0.0,1.0,1.0,2,90
73858,1.0,,1.0,1.0,1,91
73960,2.0,0.0,2.0,2.0,2,90
73961,2.0,1.4142135623730951,2.0,3.0,2,90
73962,2.0,0.0,2.0,2.0,2,90
73963,2.0,1.4142135623730951,2.0,3.0,2,90
73964,6.0,2.8284271247461903,6.0,8.0,2,90
73973,5.0,,5.0,5.0,1,91
73974,5.0,,5.0,5.0,1,91
73975,2.0,,2.0,2.0,1,91
73976,2.0,,2.0,2.0,1,91
73978,1.0,,1.0,1.0,1,91
73979,1.0,,1.0,1.0,1,91
73980,1.0,,1.0,1.0,1,91
73981,1.0,,1.0,1.0,1,91
73982,3.0,,3.0,3.0,1,91
73987,3.0,,3.0,3.0,1,91
73988,1.0,,1.0,1.0,1,91
73989,3.0,,3.0,3.0,1,91
73990,2.0,,2.0,2.0,1,91
73992,1.0,,1.0,1.0,1,91
73993,1.0,,1.0,1.0,1,91
73999,1.0,,1.0,1.0,1,91
74000,4.0,,4.0,4.0,1,91
74001,4.0,,4.0,4.0,1,91
74002,4.0,,4.0,4.0,1,91
74003,4.0,,4.0,4.0,1,91
74004,4.0,,4.0,4.0,1,91
74005,4.0,,4.0,4.0,1,91
74006,1.0,0.0,1.0,1.0,2,90
74008,1.0,,1.0,1.0,1,91
74010,1.0,,1.0,1.0,1,91
74011,1.0,,1.0,1.0,1,91
74012,1.0,,1.0,1.0,1,91
74013,1.0,,1.0,1.0,1,91
74014,1.0,,1.0,1.0,1,91
74015,2.0,,2.0,2.0,1,91
74016,1.0,,1.0,1.0,1,91
74017,1.0,,1.0,1.0,1,91
74018,1.0,,1.0,1.0,1,91
74019,1.0,,1.0,1.0,1,91
74020,20.0,0.0,20.0,20.0,2,90
74023,1.0,,1.0,1.0,1,91
74024,1.0,,1.0,1.0,1,91
74025,3.0,,3.0,3.0,1,91
74026,2.0,,2.0,2.0,1,91
74027,5.0,,5.0,5.0,1,91
74028,1.0,,1.0,1.0,1,91
74029,1.0,,1.0,1.0,1,91
74030,5.0,,5.0,5.0,1,91
74031,7.0,,7.0,7.0,1,91
74037,1.0,0.0,1.0,1.0,2,90
74038,,,,0.0,0,92
74042,2.0,0.0,2.0,2.0,2,90
74043,1.0,0.0,1.0,1.0,2,90
74046,2.0,,2.0,2.0,1,91
74047,1.0,0.0,1.0,1.0,2,90
74050,2.0,,2.0,2.0,1,91
74051,2.0,,2.0,2.0,1,91
74052,2.0,,2.0,2.0,1,91
74053,1.0,,1.0,1.0,1,91
74354,2.0,,2.0,2.0,1,91
74355,5.0,,5.0,5.0,1,91
74357,6.666666666666667,4.163331998932266,8.0,10.0,3,89
74358,6.0,,6.0,6.0,1,91
74359,6.0,,6.0,6.0,1,91
74360,6.0,,6.0,6.0,1,91
74361,1.0,,1.0,1.0,1,91
74362,2.0,,2.0,2.0,1,91
74363,4.0,,4.0,4.0,1,91
74364,3.0,,3.0,3.0,1,91
74365,1.0,,1.0,1.0,1,91
74366,1.0,,1.0,1.0,1,91
74367,5.0,,5.0,5.0,1,91
74368,5.0,,5.0,5.0,1,91
74369,1.0,,1.0,1.0,1,91
74370,1.0,,1.0,1.0,1,91
74371,8.0,,8.0,8.0,1,91
74372,2.0,,2.0,2.0,1,91
74373,6.0,,6.0,6.0,1,91
74374,2.0,,2.0,2.0,1,91
74375,1.0,,1.0,1.0,1,91
74376,1.0,,1.0,1.0,1,91
74379,1.0,,1.0,1.0,1,91
74380,1.0,,1.0,1.0,1,91
74381,1.0,0.0,1.0,1.0,3,89
74382,1.0,,1.0,1.0,1,91
74383,1.0,,1.0,1.0,1,91
74384,1.0,,1.0,1.0,1,91
74385,1.0,,1.0,1.0,1,91
74386,1.0,,1.0,1.0,1,91
74387,1.0,,1.0,1.0,1,91
74388,1.0,,1.0,1.0,1,91
74389,1.0,,1.0,1.0,1,91
74390,1.0,,1.0,1.0,1,91
74391,1.0,,1.0,1.0,1,91
74392,1.0,,1.0,1.0,1,91
74393,1.0,,1.0,1.0,1,91
74394,1.0,,1.0,1.0,1,91
74395,1.0,,1.0,1.0,1,91
74396,1.0,,1.0,1.0,1,91
74397,1.0,,1.0,1.0,1,91
74398,1.0,,1.0,1.0,1,91
74399,1.0,,1.0,1.0,1,91
74403,1.0,,1.0,1.0,1,91
74404,1.0,,1.0,1.0,1,91
74406,1.0,,1.0,1.0,1,91
74408,7.0,,7.0,7.0,1,91
74409,2.0,,2.0,2.0,1,91
74410,5.0,,5.0,5.0,1,91
74411,2.0,,2.0,2.0,1,91
74417,1.0,,1.0,1.0,1,91
74418,1.0,,1.0,1.0,1,91
74423,1.0,,1.0,1.0,1,91
74424,1.0,,1.0,1.0,1,91
74426,1.0,,1.0,1.0,1,91
74428,1.0,,1.0,1.0,1,91
74429,2.0,,2.0,2.0,1,91
74430,8.0,,8.0,8.0,1,91
74431,3.0,,3.0,3.0,1,91
74432,2.0,,2.0,2.0,1,91
74433,2.0,,2.0,2.0,1,91
74436,1.0,,1.0,1.0,1,91
74438,1.0,,1.0,1.0,1,91
74439,1.0,,1.0,1.0,1,91
74440,1.0,,1.0,1.0,1,91
74441,1.0,,1.0,1.0,1,91
74442,1.0,,1.0,1.0,1,91
74443,1.0,,1.0,1.0,1,91
74445,1.0,,1.0,1.0,1,91
74446,2.0,,2.0,2.0,1,91
74447,2.0,,2.0,2.0,1,91
74448,2.0,,2.0,2.0,1,91
74449,2.0,,2.0,2.0,1,91
74450,1.0,,1.0,1.0,1,91
74451,10.0,,10.0,10.0,1,91
74452,1.0,,1.0,1.0,1,91
74453,2.0,,2.0,2.0,1,91
74454,2.0,,2.0,2.0,1,91
74455,1.0,,1.0,1.0,1,91
74456,1.0,,1.0,1.0,1,91
74457,2.0,,2.0,2.0,1,91
74458,2.0,,2.0,2.0,1,91
74459,1.0,,1.0,1.0,1,91
74460,1.0,,1.0,1.0,1,91
74461,2.0,,2.0,2.0,1,91
74562,1.0,,1.0,1.0,1,91
74563,3.0,,3.0,3.0,1,91
74564,2.0,,2.0,2.0,1,91
74565,1.0,,1.0,1.0,1,91
74566,1.0,,1.0,1.0,1,91
74568,3.0,,3.0,3.0,1,91
74569,24.0,,24.0,24.0,1,91
74570,2.0,,2.0,2.0,1,91
74571,1.0,,1.0,1.0,1,91
74573,1.0,,1.0,1.0,1,91
74574,1.0,,1.0,1.0,1,91
74576,1.0,,1.0,1.0,1,91
74577,1.0,,1.0,1.0,1,91
74578,8.0,,8.0,8.0,1,91
74579,8.0,,8.0,8.0,1,91
74588,50.0,,50.0,50.0,1,91
74589,1.0,,1.0,1.0,1,91
74590,3.0,,3.0,3.0,1,91
74592,3.0,,3.0,3.0,1,91
74795,1.0,,1.0,1.0,1,91
74796,2.0,,2.0,2.0,1,91
74797,1.0,,1.0,1.0,1,91
74799,1.0,,1.0,1.0,1,91
74800,,,,0.0,0,92
74801,,,,0.0,0,92
74802,,,,0.0,0,92
74803,,,,0.0,0,92
74804,,,,0.0,0,92
74807,1.0,,1.0,1.0,1,91
74908,5.0,,5.0,5.0,1,91
