,item,avg_weekly_demand,std_weekly_demand,median_weekly_demand,max_weekly_demand,sales_weeks,zero_weeks,adi,cv2,demand_category,lead_time,lead_time_weeks,cost,averagecost,lastpurchaseprice,fullname,sba_mean,leadTime_demand,review_cycle_demand,mu_LR,k,p_nb,demand_probability,SS,ROP,psl
0,949,2.75,1.5,3.0,4.0,4,88,23.0,0.2975206611570247,Sparse,,0.0,88.12,70.5,0.0,Sable: NSK Type BB Swing Latch Head - 1600407,0.11288283908604765,0.0,0.6772970345162859,0.6772970345162859,,,,0.0,0.0,0.0
1,2093,4.588235294117647,3.365569613531922,4.0,17.0,51,41,1.803921568627451,0.5380539119000658,Erratic,6,0.8571428571428571,37.49,,36.03033333333333,Premier: Contoured Matrix Band 0.035mm 9061070,3.918131317372156,3.358398272033276,23.508787904232936,26.867186176266213,3.123973052908314,0.10416313117598348,,0.0,4.0,28.0
2,2113,27.647058823529413,15.495614927986397,24.0,72.0,34,58,2.7058823529411766,0.314137481652194,Smooth,3,0.4285714285714285,11.4,12.24,12.24,Sunstar: GUM Deep Clean Compact Toothbrush Soft 12/Pk - 525PG,7.000276726052579,3.0001185968796764,42.001660356315476,45.00177895319515,3.597545869363738,0.07402460594871939,,31.0,35.0,78.0
3,2129,4.1923076923076925,4.252051230662087,3.0,21.0,52,40,1.7692307692307692,1.0287045884762458,Erratic,7,1.0,20.31,28.253116883116885,28.596875,Dentamerica: Prophy Cups Latch Type 144/pkg-401,2.7675289245341457,2.7675289245341457,16.605173547204874,19.372702471739018,1.2655464817560935,0.06132043879341671,,4.0,7.0,24.0
4,2138,9.390243902439025,8.233705267923087,8.0,47.0,41,51,2.2439024390243905,0.7688416259065609,Erratic,7,1.0,50.25,13.192062146892656,13.202890625,Microbrush: Microbrush 100/Tube : Microbrush: Microbrush 100/Tube Fine MFA400,4.0041161025756224,4.0041161025756224,24.024696615453735,28.028812718029357,1.5097800849591885,0.05111211949157028,,14.0,19.0,44.0
5,2169,27.5,31.05295017040594,15.0,100.0,8,84,11.5,1.2750885478158205,Lumpy,7,1.0,0.2022,1.3486290322580643,1.3522,Beavers: Burs Friction Grip Carbide 2 Surgical FG2S,1.5765661460602405,2.391304347826087,14.347826086956522,11.035963022421683,0.8072817384674038,0.06816389889478229,0.08695652173913043,0.0,3.0,18.0
6,2170,84.62962962962963,61.6965478060239,100.0,330.0,54,38,1.7037037037037035,0.5314676659502212,Erratic,7,1.0,0.9326,0.895,0.979466666666667,Beavers: Burs Friction Grip Carbide 245 10/Pack -FG245,52.595290480464044,52.595290480464044,315.5717428827843,368.1670333632483,1.924366717323648,0.005199706658692143,,111.0,164.0,480.0
7,2174,55.0,63.63961030678928,55.0,100.0,2,90,46.0,1.3388429752066118,Sparse,7,1.0,0.1202,1.000846153846154,0.9504,Beavers: Burs Friction Grip Carbide 33 1/2 FG331/2,0.5080645161290323,0.5080645161290323,3.0483870967741935,3.556451612903226,0.7571964956195243,0.17553506372563926,,0.0,0.0,0.0
8,2175,115.84415584415584,94.23306282759852,100.0,470.0,77,15,1.1948051948051948,0.6616957660520019,Erratic,7,1.0,0.9362,0.9752926829268292,0.97945,Beavers: Burs Friction Grip Carbide 330 FG330,68.14241369858561,68.14241369858561,408.8544821915137,476.99689589009927,1.5312447136758442,0.0031999052589547212,,403.0,472.0,881.0
9,2177,85.0,36.74234614174768,100.0,100.0,6,86,15.333333333333334,0.1868512110726644,Sparse,7,1.0,1.2734,,0.9962,Beavers: Burs Friction Grip Carbide 331 10/pack - FG331,2.9060507920690513,2.9060507920690513,17.43630475241431,20.34235554448336,5.711462450592882,0.2192178686314711,,0.0,0.0,0.0
10,2179,260.8333333333333,147.73799494887953,200.0,600.0,12,80,7.666666666666667,0.320817624127855,Intermittent,7,1.0,0.1243,0.991,0.9581,Beavers: Burs Friction Grip Carbide 332 10/pack - FG332,36.080613009309296,36.080613009309296,216.48367805585576,252.56429106516507,3.1547357672883276,0.012336726783163086,,51.0,88.0,305.0
11,2182,57.391304347826086,39.45277859835014,50.0,170.0,23,69,4.0,0.4725665748393022,Smooth,7,1.0,0.9362,,0.97945,Beavers: Burs Friction Grip Carbide 556 FG556,28.664099449351227,28.664099449351227,171.98459669610736,200.6486961454586,2.197114899626752,0.010831453153047428,,0.0,29.0,201.0
12,2185,186.15384615384616,191.2842478134006,100.0,750.0,65,27,1.4153846153846157,1.0558795719213163,Erratic,7,1.0,1.2734,0.9787222222222224,0.97946,Beavers: Burs Friction Grip Carbide 557 FG557,136.40903095969364,136.40903095969364,818.4541857581619,954.8632167178555,0.9519207022617647,0.0009959255351731883,,355.0,492.0,1311.0
13,2187,89.71428571428571,83.83855134430334,65.0,400.0,70,22,1.3142857142857145,0.8733017360847755,Erratic,7,1.0,1.5826,1.3038863636363636,1.32945,Beavers: Burs Friction Grip Carbide 557 Surgical 10/pack - FGOS557,47.53280326720204,47.53280326720204,285.19681960321225,332.7296228704143,1.1598839216558126,0.0034738555661712692,,317.0,365.0,651.0
14,2188,77.14285714285714,39.46064947695181,100.0,100.0,7,85,13.142857142857142,0.2616598079561042,Intermittent,7,1.0,0.1929,1.0271875,0.9962,Beavers: Burs Friction Grip Carbide 558 FG558,7.6614208599797955,7.6614208599797955,45.96852515987877,53.629946019858565,4.02095973524545,0.06974668797618087,,10.0,18.0,64.0
15,2189,28.33333333333333,20.37526724122938,25.0,70.0,12,80,7.666666666666667,0.5171437558980813,Lumpy,7,1.0,0.1929,1.4661818181818185,1.4787,Beavers: Burs Friction Grip Carbide 558 Surgical FG558S,3.364744828734001,3.6956521739130426,22.173913043478255,23.553213801138007,2.075336205770988,0.08097751161152365,0.13043478260869565,0.0,4.0,27.0
16,2190,31.666666666666668,34.30257521916783,20.0,100.0,6,86,15.333333333333334,1.1734072022160664,Sparse,7,1.0,0.1202,1.0038,1.004,Beavers: Burs Friction Grip Carbide 56 FG56,2.193838987519775,2.193838987519775,13.163033925118649,15.356872912638423,0.8757884522076662,0.05395224064146983,,0.0,0.0,0.0
17,2191,46.66666666666666,46.18802153517007,20.0,100.0,3,89,30.666666666666668,0.9795918367346949,Sparse,,0.0,0.6621,1.0181666666666669,1.018,Beavers: Burs Friction Grip Carbide 57 Short Shank FG57SS - 10/pack,1.2089552238805967,0.0,7.25373134328358,7.25373134328358,1.0436634717784867,0.12578206714762433,,0.0,0.0,0.0
18,2194,102.5,136.46035531035588,45.0,400.0,8,84,11.5,1.772414379196057,Lumpy,7,1.0,0.9326,0.9656666666666668,0.9962,Beavers: Burs Friction Grip Carbide 701 FG701,7.058026921389136,8.91304347826087,53.47826086956522,49.40618844972395,0.5673249378049485,0.011352512548107672,0.08695652173913043,1.0,10.0,64.0
19,2195,67.70833333333333,60.88844292860102,45.0,260.0,48,44,1.9166666666666667,0.8086963615762309,Erratic,7,1.0,1.5764,1.322125,1.3142,Beavers: Burs Friction Grip Carbide 701 Surgical FG701S,48.51648776833675,48.51648776833675,291.0989266100205,339.61541437835723,1.2595614398307988,0.0036950833272742472,,30.0,79.0,371.0
20,2197,62.234042553191486,88.78288435865117,30.0,520.0,47,45,1.9574468085106385,2.035178356471556,Erratic,7,1.0,0.193,1.322235294117647,1.3295,Beavers: Burs Friction Grip Carbide 702 Surgical FG702S,27.478188961337647,27.478188961337647,164.86913376802588,192.34732272936353,0.49526772177131134,0.002568248645761732,,132.0,160.0,325.0
21,2201,32.0,29.808915253182704,20.0,100.0,15,77,6.133333333333334,0.8677455357142856,Lumpy,7,1.0,4.3737,3.1923,3.2168,Beavers: Burs Friction Grip Finishing 7404 FGTF7404,5.582505561707839,5.217391304347826,31.304347826086957,39.07753893195487,1.1954636424282856,0.02968399587838767,0.16304347826086957,1.0,7.0,39.0
22,2202,35.55555555555556,25.00793524857311,30.0,100.0,36,56,2.555555555555556,0.4946986607142856,Erratic,7,1.0,4.3737,3.1757142857142857,3.1262,Beavers: Burs Friction Grip Finishing 7406 FGTF7406,11.185354870241856,11.185354870241856,67.11212922145114,78.297484091693,2.143284296136826,0.026644254388563146,,71.0,83.0,151.0
23,2203,21.428571428571427,12.314558524297638,20.0,50.0,14,78,6.571428571428571,0.3302564102564101,Intermittent,7,1.0,4.390899999999999,3.151142857142857,3.1511,Beavers: Burs Friction Grip Finishing 7408 10/pack - FGTF7408,2.726003079667771,2.726003079667771,16.356018478006625,19.082021557674395,3.52622061482821,0.15597057869085437,,3.0,6.0,23.0
24,2205,67.02702702702703,62.36722290121807,40.0,330.0,74,18,1.2432432432432432,0.8657906646900347,Erratic,7,1.0,4.390899999999999,3.1625454545454543,3.16258,Beavers: Burs Friction Grip Finishing 7901  - FGTF7901,40.901273728025565,40.901273728025565,245.4076423681534,286.30891609617896,1.175265857976493,0.004088106169834104,,215.0,256.0,502.0
25,2206,23.33333333333333,24.397501823713327,10.0,100.0,15,77,6.133333333333334,1.0932944606413997,Lumpy,7,1.0,0.4239,3.0943,3.2261,Beavers: Burs Friction Grip Finishing 7902 FGtf7902,3.3627734799867035,3.8043478260869557,22.826086956521735,23.539414359906925,0.9519844573966139,0.03887015455907821,0.16304347826086957,0.0,4.0,27.0
26,2207,28.63636363636364,27.48080794290454,20.0,110.0,22,70,4.181818181818182,0.9209228665010976,Erratic,7,1.0,0.1268,1.1128571428571428,1.1195,Beavers: Burs Latch Type Carbide #3 LARA3,6.781553081877987,6.781553081877987,40.68931849126792,47.47087157314591,1.128665328772577,0.023223787729714406,,32.0,39.0,80.0
27,2208,114.82142857142856,141.06080019143997,45.0,500.0,56,36,1.6428571428571428,1.5092694954791612,Erratic,7,1.0,1.2987,1.1186153846153846,1.11955,Beavers: Burs Latch Type Carbide 2 LARA2,39.11815567781414,39.11815567781414,234.7089340668848,273.8270897446989,0.6664177286608363,0.002427808711379134,,466.0,506.0,741.0
28,2209,20.76923076923077,24.65141593686472,10.0,100.0,13,79,7.076923076923077,1.4087791495198907,Lumpy,7,1.0,0.2022,1.5188125,1.5254,Beavers: Burs Latch Type Carbide 2 Surgical LARA2S,4.992683950735035,2.9347826086956528,17.608695652173918,34.948787655145246,0.734953120274221,0.02059630252612106,0.14130434782608697,0.0,3.0,21.0
29,2211,147.63888888888889,177.410902498997,60.0,810.0,72,20,1.2777777777777777,1.4439730049181585,Erratic,7,1.0,1.2987,1.118009090909091,1.11954,Beavers: Burs Latch Type Carbide 4 LARA4,71.25951069661504,71.25951069661504,427.5570641796902,498.81657487630525,0.6957975185086175,0.0013929535221975644,,681.0,753.0,1181.0
30,2212,18.823529411764707,11.663164740528442,10.0,40.0,17,75,5.411764705882353,0.3839111328125,Intermittent,7,1.0,0.2014,1.55125,1.5515,Beavers: Burs Latch Type Carbide 4 Surgical  10/pack - LARA4S,4.588749960775314,4.588749960775314,27.532499764651888,32.121249725427205,3.023101335891948,0.08601955206449258,,6.0,11.0,39.0
31,2213,20.714285714285715,4.746311465493234,20.0,30.0,14,78,6.571428571428571,0.0525016006585566,Intermittent,7,1.0,0.1268,1.1352727272727272,1.1011,Beavers: Burs Latch Type Carbide 5 LARA5,4.180705587889915,4.180705587889915,25.084233527339492,29.264939115229406,236.6450216450216,0.8899441787304267,,2.0,7.0,33.0
32,2214,129.04761904761904,150.99363675669855,50.0,610.0,63,29,1.4603174603174602,1.3690436606782452,Erratic,7,1.0,1.2987,1.119513888888889,1.11955,Beavers: Burs Latch Type Carbide 6 10/pack - LARA6,79.38624576795223,79.38624576795223,476.3174746077134,555.7037203756656,0.7345948572413333,0.0013201730311002324,,374.0,454.0,931.0
33,2215,15.0,6.183469424008423,10.0,30.0,18,74,5.111111111111111,0.1699346405228757,Intermittent,7,1.0,0.2022,1.5198297872340425,1.51984,Beavers: Burs Latch Type Carbide 6 Surgical LARA6S,4.03636307258787,4.03636307258787,24.218178435527218,28.25454150811509,9.683544303797468,0.2552459908442939,,4.0,9.0,34.0
34,2217,128.4313725490196,152.55651476118098,50.0,600.0,51,41,1.803921568627451,1.410974838296136,Erratic,7,1.0,0.1255,1.1195185185185186,1.1195,Beavers: Burs Latch Type Carbide 8 LARA8,61.52650029972679,61.52650029972679,369.15900179836075,430.68550209808757,0.7126625851586317,0.0016519833497249663,,339.0,401.0,771.0
35,2265,2.5636363636363635,1.8029157080975944,2.0,11.0,55,37,1.6727272727272726,0.4945816497046314,Erratic,3,0.4285714285714285,12.68,18.3895,18.3895,"Ultradent: Ultrapack Retraction Cord #0, Purple/White #710131",1.7201249493800714,0.7371964068771734,10.320749696280428,11.057946103157601,9.568395721925132,0.4638920368462745,,1.0,2.0,13.0
36,2266,7.444444444444445,4.3906466241064965,7.0,15.0,9,83,10.22222222222222,0.3478503007351302,Intermittent,3,0.4285714285714285,19.65,,0.0,PDT: Cruise Montana Jack Scaler Yellow R138,1.3115372870707744,0.5620874087446175,7.869223722424646,8.431311131169263,4.683359415753783,0.3571084305165858,,1.0,2.0,10.0
37,2275,16.7816091954023,10.537226685309037,17.0,50.0,87,5,1.057471264367816,0.3942624712520782,Smooth,7,1.0,5.4,5.4,5.4,DiaDent: K-Files 6/pk 25mm 10 SS 502-202,10.922258977018275,10.922258977018275,65.53355386210966,76.45581283912793,2.9879874226445544,0.03761133546984084,,47.0,58.0,124.0
38,2280,8.882352941176471,7.171184166714809,6.0,29.0,51,41,1.803921568627451,0.6518170255690539,Erratic,7,1.0,5.4,5.4,5.4,DiaDent: K-Files 6/pk 21mm 10 SS 502-102,5.629675318232817,5.629675318232817,33.7780519093969,39.40772722762972,1.8544816300503943,0.04494382829689983,,10.0,16.0,50.0
39,2281,7.555555555555555,6.921785254622619,5.0,25.0,36,56,2.555555555555556,0.8392733564013841,Erratic,7,1.0,5.4,5.4,5.4,DiaDent: K-Files 6/pk 21mm 15 SS 502-103,2.5254710681581147,2.5254710681581147,15.152826408948687,17.678297477106803,1.4145863925599609,0.07408971856825368,,15.0,18.0,34.0
40,2287,7.818181818181818,7.015838318762097,5.0,22.0,44,48,2.090909090909091,0.8052812959865168,Erratic,7,1.0,5.4,5.4,5.4,DiaDent: K-Files 6/pk 21mm 8 SS 502-101,2.6621310658846973,2.6621310658846973,15.972786395308184,18.63491746119288,1.4762886215092097,0.07340626988945158,,21.0,24.0,40.0
41,2288,10.424657534246576,9.211885149419109,8.0,61.0,73,19,1.2602739726027397,0.7808604668876531,Erratic,7,1.0,5.4,5.4,5.4,DiaDent: K-Files 6/pk 25mm 15 SS 502-203,7.910404435514525,7.910404435514525,47.462426613087146,55.37283104860167,1.459994569932566,0.025689283509008478,,19.0,27.0,75.0
42,2290,5.576923076923077,4.729325093192904,4.0,21.0,52,40,1.7692307692307692,0.7191326851787089,Erratic,7,1.0,5.4,5.4,5.4,DiaDent: K-Files 6/pk 25mm 20 SS 502-204,3.3728277240865956,3.3728277240865956,20.236966344519573,23.609794068606167,1.852461310418459,0.07275322954872589,,8.0,12.0,33.0
43,2296,6.245283018867925,4.493181416911966,5.0,20.0,53,39,1.7358490566037736,0.5176111937642045,Erratic,7,1.0,5.4,5.4,5.4,DiaDent: K-Files 6/pk 31mm 10 SS 502-302,4.16712121539228,4.16712121539228,25.00272729235368,29.16984850774596,2.7972783210355647,0.08750484008206337,,5.0,10.0,36.0
44,2297,3.973684210526316,3.642740593662542,2.5,15.0,38,54,2.421052631578948,0.8403685471357941,Erratic,7,1.0,5.4,5.4,5.4,DiaDent: K-Files 6/pk 31mm 15 SS 502-303,2.164537982168502,2.164537982168502,12.98722789301101,15.151765875179512,1.6986207868561993,0.10080604207636547,,2.0,5.0,18.0
45,2303,4.880952380952381,4.232293853924819,4.0,20.0,42,50,2.1904761904761907,0.7518695317827654,Erratic,7,1.0,5.4,5.4,5.4,DiaDent: K-Files 6/pk 31mm 8 SS 502-301,1.7413238130987791,1.7413238130987791,10.447942878592675,12.189266691691454,1.8281820303879137,0.1304218810879815,,11.0,13.0,24.0
46,2316,4.523809523809524,3.0713451802579512,4.0,17.0,84,8,1.0952380952380951,0.4609444982144645,Smooth,3,0.4285714285714285,37.0,29.374615384615385,28.55,Tyco: Monoject Endo Syringe/Needle 100/box 27 x 1.25 8881513850,3.788811890714847,1.623776524592077,22.732871344289084,24.35664786888116,4.1685448282386455,0.14613555366655048,,3.0,5.0,28.0
47,2318,11.272727272727272,8.484717474495516,10.0,45.0,77,15,1.1948051948051948,0.5665219891560328,Erratic,7,1.0,5.4,5.4,5.4,DiaDent: K-Files 6/pk 25mm 8 SS 502-201,6.794040164115397,6.794040164115397,40.76424098469238,47.55828114880777,2.092871982233684,0.042151528217483414,,37.0,44.0,85.0
48,2383,18.94736842105263,27.498325307859066,12.0,160.0,57,35,1.6140350877192982,2.106273148148149,Erratic,7,1.0,15.9,,15.895,Medicom: Safe Masks Premier Elite 50/box : Medicom: Safe Masks Premier Elite 50/box : Medicom: SafeMask Premier Elite Level 3 Procedure Earloop Face Mask - Blue - 50/Box  - 2042,8.176052005944284,8.176052005944284,49.0563120356657,57.23236404160998,0.48697455783386473,0.00843693932831304,,42.0,51.0,101.0
49,2387,3.0,1.984313483298443,2.0,8.0,33,59,2.787878787878788,0.4375,Smooth,14,2.0,8.0,35.06923076923077,35.0,Scican: Optim 33 TB- 4L Bottle SCI334X4-ALOE,1.189971676338871,2.379943352677742,7.139830058033226,9.519773410710968,9.599999999999996,0.5020980005245274,,1.0,4.0,12.0
50,2399,5.701754385964913,5.088379310745718,4.0,25.0,57,35,1.6140350877192982,0.7964196111580726,Erratic,90,12.857142857142858,17.8625,0.0,29.36466666666667,Metrex: Cavicide Disinfectant 1 Gallon Bottle Ea - 11-1000,2.273854183208574,29.235268069824524,13.643125099251446,42.87839316907597,1.6102152162207337,0.03619387691957798,,42.0,72.0,86.0
51,2411,8.55,4.740364187652563,6.0,18.0,20,72,4.6,0.3073910280986142,Smooth,7,1.0,4.5,4.410833333333334,4.381666666666667,"To be discontinued Sterilization Pouches Pro Choice Class 4 2.75""x10"" 200/pk - 442090",1.0889771565902286,1.0889771565902286,6.533862939541372,7.6228400961316005,5.251219281663517,0.40789149153069,,10.0,12.0,19.0
52,2412,11.571428571428571,10.599865228253748,7.0,48.0,21,71,4.380952380952381,0.8391251333638167,Erratic,7,1.0,4.0,4.287857142857143,4.24,"To be discontinued Sterilization Pouches Pro Choice Class 4 3.5""x10"" 442101",1.9364167140144026,1.9364167140144026,11.618500284086416,13.554916998100818,1.3285410549762071,0.08926292869831705,,16.0,18.0,30.0
53,2413,12.0,6.617077473153407,12.0,33.0,57,35,1.6140350877192982,0.3040674603174603,Smooth,7,1.0,4.5,,4.131666666666667,To be discontinued Prochoice: Sterilization Pouches Pro Choice Class 4 3.5''x6.5' 200/Bx - 442100,8.962054456244939,8.962054456244939,53.77232673746963,62.73438119371457,4.530337078651686,0.0673508667695237,,0.0,9.0,63.0
54,2428,7.322033898305085,5.864682952791406,6.0,26.0,59,33,1.5593220338983051,0.6415427590345772,Erratic,14,2.0,16.3,3.932380952380953,3.929166666666667,"Crosstex: Mixing Pad 3""x3"" EA - KPAD33",2.546913991346894,5.093827982693788,15.281483948081362,20.37531193077515,1.980320819454807,0.08858263336046424,,29.0,35.0,51.0
55,2460,2.6,1.83694283372101,2.0,7.0,40,52,2.3,0.4991655287513275,Erratic,7,1.0,37.74,36.31315789473684,36.2564,BridgeAID:Dental Floss Threaders 100 Packets Of 10/Box TDPS,0.7613260581071559,0.7613260581071559,4.5679563486429355,5.3292824067500915,8.729801324503313,0.6209367190193857,,6.0,7.0,12.0
56,2479,16.348837209302324,9.04981904825735,12.0,48.0,43,49,2.13953488372093,0.3064121994270981,Smooth,3,0.4285714285714285,10.96,11.0,11.0,Oral-B: Crest Complete Sensitive #35 Tuft Extra Toothbrush 12/pk 6830567443,5.190680200229334,2.2245772286697143,31.144081201376004,33.36865843004572,4.0775422982992655,0.10889068100339379,,23.0,26.0,58.0
57,2480,15.20689655172414,8.256509597821362,12.0,34.0,29,63,3.1724137931034484,0.294789355111443,Smooth,3,0.4285714285714285,9.71,11.25,11.25,Oral-B: Crest Cross Action #35 Extra Soft Toothbrush 12/Bx - 6830568676,2.8929502701746843,1.2398358300748644,17.357701621048108,18.59753745112297,4.366245608070728,0.1901361634019911,,18.0,20.0,38.0
58,2484,16.901960784313726,9.0780061730774,15.0,42.0,51,41,1.803921568627451,0.2884740607554869,Smooth,3,0.4285714285714285,9.76,,11.19,Oral-B: Crest Indicator #35 Toothbrushes 12/pk - 41086815,11.540199447855066,4.945799763366456,69.2411966871304,74.18699645049685,4.360921601259063,0.05551925129811351,,0.0,5.0,75.0
59,2491,2.0,1.3601470508735445,2.0,6.0,41,51,2.2439024390243905,0.4625000000000001,Smooth,7,1.0,19.4,16.394615384615385,16.395,Dental Health: Dri-Angle Theta Plain Large 31L - 300-622,1.0430970236408372,1.0430970236408372,6.258582141845023,7.301679165485861,,,,0.0,2.0,9.0
60,2501,6.0,3.813353729549184,5.0,20.0,49,43,1.8775510204081636,0.4039351851851853,Smooth,7,1.0,4.4,2.414615384615385,2.4035,DCI: Saliva Ejector Grey Tip Push-on 5754,2.9141138960469526,2.9141138960469526,17.484683376281716,20.398797272328668,4.214634146341461,0.17123309930465513,,7.0,10.0,28.0
61,2504,5.615384615384615,1.6092680291808414,6.0,9.0,13,79,7.076923076923077,0.0821292299993744,Intermittent,14,2.0,55.99,52.0,52.0,Dentsply: Crescent Prophy Cups 144/pkg Latch Type C200030,1.075686303585066,2.151372607170132,6.454117821510396,8.605490428680527,,,,0.0,3.0,10.0
62,2529,5.590909090909091,6.544056488499723,2.5,27.0,22,70,4.181818181818182,1.3700272891230654,Erratic,21,3.0,16.55,22.97777777777777,22.64666666666667,Keystone: Proform Soft EVA .040 - 9596980,1.6450794210634845,4.9352382631904534,9.870476526380907,14.805714789571361,0.8395139043028824,0.053659420436058376,,5.0,10.0,20.0
63,2547,4.36734693877551,2.7438862156849453,3.0,13.0,49,43,1.8775510204081636,0.3947269776108539,Smooth,3,0.4285714285714285,27.19,,23.49,Dentsply: AimRight Adhesive : Dentsply: AimRight Adhesive BLUE B1073052,3.5968507974062787,1.5415074846026906,21.58110478443767,23.12261226904036,6.032999967065902,0.20692413927753658,,0.0,2.0,24.0
64,2548,3.981818181818182,3.058024714013141,4.0,21.0,55,37,1.6727272727272726,0.5898195061265056,Erratic,3,0.4285714285714285,27.19,,23.49,Dentsply: AimRight Adhesive : Dentsply: AimRight Adhesive YELLOW B1073055,3.508017120604831,1.5034359088306417,21.048102723628986,22.55153863245963,2.9526575005130304,0.11577143953561972,,0.0,2.0,24.0
65,2654,38.95555555555556,32.92856111840205,29.5,159.0,90,2,1.022222222222222,0.7145073535710068,Erratic,12,1.7142857142857142,7.55,9.853490725126475,9.889291666666669,Kromopan: KROMOPAN 1LB - KRM302,25.062939186986647,42.96503860626282,150.37763512191987,193.3426737281827,1.451722094631545,0.007452586551576346,,186.0,229.0,380.0
66,3360,2.48,2.1432063207571344,2.0,10.0,25,67,3.68,0.7468348942074227,Erratic,,0.0,23.6,35.744,48.8675,Coltene: Dental Dams (Hygenic) - Non Latex 5x5 - H09928,1.0333377260728918,0.0,6.20002635643735,6.20002635643735,2.9102839116719252,0.31944948371949533,,0.0,0.0,7.0
67,3361,3.733333333333333,3.150757484680902,2.0,15.0,45,47,2.0444444444444443,0.7122564935064934,Erratic,6,0.8571428571428571,30.82,,31.864444444444445,Coltene: Dental Dams (Hygenic) - Non Latex 6x6#H09105,1.5789620345158886,1.3533960295850473,9.473772207095331,10.827168236680379,2.250228310502283,0.17207005250498902,,8.0,10.0,20.0
68,3544,9.884615384615383,9.926502150667655,5.5,56.0,52,40,1.7692307692307692,1.0084931003393496,Erratic,7,1.0,0.62,1.1108333333333331,1.110416666666667,Dentamerica:   Matrix Bands - 12/pkg #1,3.690799533214672,3.690799533214672,22.144797199288032,25.835596732502704,1.1021399549655377,0.0409143488093514,,31.0,35.0,58.0
69,3547,7.0,5.652487707545291,5.0,29.0,82,10,1.1219512195121952,0.6520534139581758,Erratic,14,2.0,80.1,9.102777777777778,9.78675,Crosstex: Articulating Paper Standard Blue 12sheet/Book 12Book/Bx Thin - TPT,6.14760467282343,12.29520934564686,36.88562803694058,49.18083738258744,1.9638792676892631,0.03839847781576551,,12.0,25.0,62.0
70,3944,4.098039215686274,3.287886263001105,3.0,17.0,51,41,1.803921568627451,0.6436968018131455,Erratic,14,2.0,80.1,9.62125,9.7775,Crosstex: Articulating Paper Standard Blue 12sheet/Book 12Book/Bx Thick - TPTH,2.024177441361713,4.048354882723426,12.145064648170276,16.193419530893703,2.502016230656787,0.13383032428709138,,8.0,13.0,26.0
71,4168,17.238095238095237,13.43095216991246,12.0,60.0,21,71,4.380952380952381,0.6070648026617016,Erratic,3,0.4285714285714285,0.8,,13.8,Halyard:  KC100 Lavender Nitrile PF Glove 250/box Small-52817,5.665642692512595,2.4281325825053974,33.99385615507557,36.42198873758097,1.8213152986371124,0.04762442326929303,,4.0,7.0,41.0
72,4179,3.071428571428572,2.93040979852675,2.0,13.0,28,64,3.2857142857142856,0.9102818340243972,Erratic,4,0.5714285714285714,127.99,96.727,96.73,Voco: Grandio 20 X .25gm Compule : Voco: Grandio 20 X .25gm Compule A2 - 1841,0.6868683748372237,0.39249621419269926,4.121210249023342,4.5137064632160415,1.7102774922918813,0.27478822318916307,,6.0,7.0,12.0
73,4180,3.0,2.2443344307471285,3.0,12.0,28,64,3.2857142857142856,0.5596707818930041,Erratic,4,0.5714285714285714,127.99,135.0,135.0,Voco: Grandio 20 X .25gm Compule : Voco: Grandio 20 X .25gm Compule A3 - 1842,0.6786783727442813,0.3878162129967322,4.072070236465688,4.45988644946242,4.418181818181818,0.49765125531684673,,5.0,6.0,11.0
74,4183,3.1733333333333333,2.042609177559979,3.0,9.0,75,17,1.2266666666666666,0.4143231219355788,Smooth,7,1.0,108.95,134.76,134.7568,K R : Clear fil SE Bond Kit 1970WD,1.701928445007499,1.701928445007499,10.211570670044994,11.913499115052492,10.080942760942753,0.4583404670043073,,9.0,11.0,22.0
75,4188,3.0,2.369680277038364,2.0,11.0,27,65,3.4074074074074074,0.6239316239316242,Erratic,6,0.8571428571428571,194.392,,51.85428571428572,Kerr: Herculite XRV Unidose 20 x 0.25gm : Kerr: Herculite XRV Unidose 20 x 0.25gm A1E Enamel,0.9873571422774591,0.8463061219521077,5.924142853664755,6.770448975616862,3.4411764705882324,0.3369861623613568,,3.0,4.0,10.0
76,4193,4.304347826086956,4.5454229247912,3.0,24.0,46,46,2.0,1.1151515151515154,Erratic,6,0.8571428571428571,194.392,53.2835,54.08,Kerr: Herculite XRV Unidose 20 x 0.25gm : Kerr: Herculite XRV Unidose 20 x 0.25gm A3E Enamel,1.6388417117132774,1.4047214671828092,9.833050270279664,11.237771737462474,1.1327231121281462,0.09156651580236758,,10.0,12.0,22.0
77,4195,6.666666666666667,4.097301403104096,6.0,12.0,12,80,7.666666666666667,0.3777272727272728,Intermittent,6,0.8571428571428571,194.392,54.84333333333333,59.57,Kerr: Herculite XRV Unidose 20 x 0.25gm : Kerr: Herculite XRV Unidose 20 x 0.25gm B1E Enamel,0.6985983127164258,0.5987985537569364,4.191589876298555,4.790388430055492,4.391217564870258,0.478262470345284,,1.0,2.0,7.0
78,4253,8.328125,10.445709512628724,5.0,53.0,64,28,1.4375,1.573190874064896,Erratic,3,0.4285714285714285,23.99,12.329875,0.0,Dentsply: Jeltrate Plus Impression Material Fast Set 605602,2.3161018496044212,0.9926150784018947,13.896611097626527,14.889226176028423,0.6881763871184455,0.044177864976445956,,37.0,38.0,52.0
79,4267,19.846153846153847,39.84521333411362,10.0,150.0,13,79,7.076923076923077,4.030877551429202,Lumpy,42,6.0,7.23,10.801538461538462,10.8,Matech: Kromatica 1lb Pouch Bubble : Matech: Kromatica 1lb Pouch Bubble Gum Fast Set 305-103,3.38707651800465,16.826086956521742,16.826086956521742,40.6449182160558,0.2512253545224891,0.006143008425450338,0.14130434782608697,3.0,20.0,37.0
80,4272,14.0,14.53075555994447,7.5,40.0,8,84,11.5,1.077259475218659,Lumpy,42,6.0,7.23,0.0,0.0,Matech: Kromatica 1lb Pouch Bubble : Matech: Kromatica 1lb Pouch Mint Regular Set 305-206,1.459198790224373,7.304347826086956,7.304347826086956,17.510385482692477,0.9942028985507246,0.0537273717235709,0.08695652173913043,1.0,9.0,17.0
81,4274,1.75,1.7525491637693282,1.0,6.0,8,84,11.5,1.002915451895044,Lumpy,,0.0,109.92,123.00714285714284,0.0,FairFax:  Stabilok Pins Jumbo 100 Pins 5 Drills : FairFax:  Stabilok Pins Jumbo 100 Pins 5 Drills Blue JB,0.15110888422704705,0.0,0.9130434782608695,0.9066533053622823,2.317567567567567,0.7187992569074816,0.08695652173913043,0.0,0.0,1.0
82,4276,2.0,1.692228224453299,2.0,11.0,45,47,2.0444444444444443,0.7159090909090912,Erratic,6,0.8571428571428571,103.99,85.24,200.51083333333327,FairFax:  Stabilok Pins Jumbo 100 Pins 5 Drills : FairFax:  Stabilok Pins Jumbo 100 Pins 5 Drills Yellow JY,2.136269410565838,1.8310880661992899,12.81761646339503,14.648704529594319,4.631578947368416,0.24022359177978425,,0.0,2.0,15.0
83,4284,3.7291666666666665,4.62527553329153,3.0,32.0,48,44,1.9166666666666667,1.5383375156963122,Erratic,6,0.8571428571428571,53.39,56.73,56.73,Whaledent: Para-Post Fiber Lux - Pack of 5 P171 0.036 PF1713,2.901597167156152,2.4870832861338443,17.409583002936913,19.896666289070758,0.7872893140945211,0.03806280235749692,,0.0,3.0,21.0
84,4285,3.117647058823529,2.055695102134841,3.0,11.0,51,41,1.803921568627451,0.4347739409042363,Smooth,6,0.8571428571428571,52.41,55.65,55.647,Whaledent:Para-Post Fiber Lux - Pack of 5 P171 0.040 PF1714,3.0693302501280044,2.630854500109718,18.415981500768027,21.046836000877743,8.770450855501446,0.2941398021136545,,0.0,3.0,22.0
85,4289,1.4705882352941178,0.8744746321952062,1.0,4.0,17,75,5.411764705882353,0.3535999999999999,Intermittent,,0.0,53.4,56.73,56.73,Whaledent:Para-Post Fiber White- Pck of 5 P161 0.045 PF16145,0.27600274256372814,0.0,1.6560164553823689,1.6560164553823689,,,,0.0,0.0,2.0
86,4291,12.181818181818182,9.929111331263798,10.5,72.0,88,4,1.0454545454545454,0.6643493802218962,Erratic,14,2.0,31.17,18.956818181818186,18.85577777777777,Mark 3: Bite Registration Fast Set - 0219,8.699844924687463,17.399689849374926,52.19906954812478,69.5987593974997,1.7174463219692389,0.02408213259024218,,41.0,59.0,112.0
87,4293,8.053571428571429,19.56845294471054,2.0,109.0,56,36,1.6428571428571428,5.903858700971791,Erratic,3,0.4285714285714285,59.19,34.89,34.89,Dentsply: Palodent Plus Light Blue Large Wedge 100/Pk - 659800,5.265067633887161,2.2564575573802115,31.590405803322966,33.846863360703175,0.1730196546391868,0.0050858392005980165,,6.0,9.0,41.0
88,4294,14.225352112676056,38.99054727315276,5.0,265.0,71,21,1.295774647887324,7.512640581455599,Erratic,3,0.4285714285714285,59.19,,55.0,Dentsply: Palodent Plus Med Blue Med Wedge 100/Pk - 659790,7.556560704499083,3.2385260162138922,45.3393642269945,48.57789024320839,0.13436627764442635,0.002758366933523325,,32.0,36.0,82.0
89,4295,14.08,33.91115578222728,4.0,206.0,75,17,1.2266666666666666,5.80069290784845,Erratic,3,0.4285714285714285,59.19,38.62133333333333,0.0,Dentsply: Palodent Plus Dark Blue Small Wedge 100/Pk - 659780,8.697587579088522,3.72753753389508,52.18552547453113,55.913063008426214,0.17453011578050712,0.0031117419389704933,,71.0,75.0,128.0
90,4296,13.658227848101266,28.17886372659087,6.0,156.0,79,13,1.1645569620253164,4.256554974883053,Erratic,3,0.4285714285714285,70.39,42.17611111111111,0.0,Dentsply: Palodent Plus Matrices 5.5mm 50/Pk - 659730,10.692799842586636,4.5826285039657,64.15679905551981,68.7394275594855,0.23904349894315854,0.003465479812399367,,26.0,31.0,96.0
91,4297,9.73015873015873,24.132167228321794,3.0,160.0,63,29,1.4603174603174602,6.151100208355525,Erratic,3,0.4285714285714285,70.39,47.22978260869565,0.0,Dentsply: Palodent Plus Matrices 4.5mm 50/Pk - 659720,5.580959793628165,2.3918399115549276,33.48575876176899,35.87759867332392,0.16533497713970002,0.004587167591380934,,14.0,17.0,51.0
92,4298,10.483870967741936,23.676606657262983,3.0,141.0,62,30,1.4838709677419355,5.100298380056261,Erratic,3,0.4285714285714285,70.39,34.93192307692308,23.43,Dentsply: Palodent Plus Matrices 6.5mm 50/Pk - 659750,7.834981223633309,3.357849095842846,47.00988734179985,50.3677364376427,0.19980364238415735,0.003951223295971158,,19.0,23.0,71.0
93,4299,17.097560975609756,44.547056512214574,2.0,212.0,41,51,2.2439024390243905,6.788435615719137,Erratic,3,0.4285714285714285,255.99,143.25538461538463,135.18,Dentsply: Palodent Plus Med Blue Universal Ring 2/Pk - 659760,7.748389900711163,3.320738528876212,46.490339404266976,49.81107793314319,0.148589563908509,0.0029741904090390073,,28.0,32.0,79.0
94,4300,5.941176470588236,11.488970142602486,4.0,68.0,34,58,2.7058823529411766,3.7395323690784905,Erratic,3,0.4285714285714285,90.39,58.57,0.0,Dentsply: Nupro Prophy Gems 200/Box : Dentsply: Nupro Prophy Gems 200/Box Coarse Mint 801212,2.112006504209988,0.9051456446614232,12.672039025259927,13.577184669921351,0.2800167028645248,0.020207305597394934,,3.0,4.0,17.0
95,4302,2.5416666666666665,2.3215281074376826,1.5,9.0,24,68,3.8333333333333335,0.8342778355514531,Erratic,3,0.4285714285714285,51.19,19.83,48.0,Dentsply: Nupro Prophy Paste 340g Jar : Dentsply: Nupro Prophy Paste 340gm Jar Coarse Mint 801112,0.605713211109611,0.25959137618983325,3.634279266657666,3.8938706428474994,2.26842133163698,0.3681132508861283,,3.0,4.0,8.0
96,4306,2.175438596491228,1.269460051382137,2.0,6.0,57,35,1.6140350877192982,0.3405214062732273,Smooth,1,0.1428571428571428,30.0,52.74,52.74,J&J: Listerine Total Care Zero 1.5L 6/Case - 96098,1.4111414031452467,0.20159162902074945,8.46684841887148,8.66844004789223,,,,1.0,2.0,11.0
97,4307,1.865384615384616,1.237151157468375,1.0,6.0,52,40,1.7692307692307692,0.4398542071733571,Smooth,1,0.1428571428571428,25.39,,38.34,J&J: Listerine Cool Mint Zero 1L 6/Case- 95395,1.0039272748826,0.14341818212608565,6.0235636492956,6.166981831421685,,,,1.0,2.0,9.0
98,4308,35.7032967032967,38.6662340508829,24.0,209.0,91,1,1.010989010989011,1.172862532569547,Erratic,1,0.1428571428571428,38.11,27.802533333333333,27.8025,J&J: Spongostan 24/Bx -  MS0005,24.792075982092797,3.5417251402989693,148.75245589255678,152.29418103285576,0.8734738880704382,0.005702730700691179,,142.0,146.0,295.0
99,4312,3.52,2.215345368569158,3.0,9.0,50,42,1.84,0.3960933546972509,Smooth,7,1.0,47.55,46.10909090909091,47.55,Medicom: Denti-Care Prophy Cups 200x2g : Medicom: Denti-Care Prophy Cups 200x2g : Medicom: DentiCare Pro-Polish Prophy Paste Cups With Fluroide Coarse Mint - 2g x 200/Pack  - 10047-CMUN,1.7351457162409556,1.7351457162409556,10.410874297445734,12.14602001368669,8.928376470588223,0.42365988877785,,4.0,6.0,17.0
100,4315,2.1,1.2152872405004,2.0,5.0,40,52,2.3,0.3349031920460492,Smooth,7,1.0,47.55,36.94,47.55,Medicom: Denti-Care Prophy Cups 200x2g : Medicom: Denti-Care Prophy Cups 200x2g : Medicom: DentiCare Pro-Polish Prophy Paste Cups With Fluroide Medium Mint - 2g x 200/Pack  - 10047-MMUN,1.0390008712002807,1.0390008712002807,6.234005227201685,7.273006098401965,,,,0.0,2.0,9.0
101,4316,3.9047619047619047,3.06759486387103,3.0,15.0,63,29,1.4603174603174602,0.6171729577248565,Erratic,7,1.0,19.8,19.699473684210528,19.8,Medicom: Denti-Care Prophy Paste 340g Jar : Medicom: Denti-Care Prophy Paste 340g Jar : Medicom: DentiCare Pro-Polish Prophy Paste Jar With Fluroide Coarse Mint Each - 340g  - 10031-CMUN,1.8877100189385552,1.8877100189385552,11.326260113631331,13.213970132569887,2.7695046768707496,0.1732730028913952,,12.0,14.0,26.0
102,4321,6.119047619047619,4.978035519786829,5.0,30.0,84,8,1.0952380952380951,0.6618328451658837,Erratic,7,1.0,51.33,51.33358208955224,51.333333333333336,Medicom: Denti-Care Fluoride Oral Rinse 2lt. : Medicom: Denti-Care Fluoride Oral Rinse 2lt. : Medicom: DentiCare Pro-Rinse 2% Neutral Sodium Fluoride Rinse With Pump Each - Mint - 1.9L/Bottle  - 10044-M,3.08392898738015,3.08392898738015,18.5035739242809,21.58750291166105,2.0063854394267113,0.08503835440647958,,28.0,32.0,51.0
103,4327,1.9444444444444444,1.513555308934105,1.0,6.0,18,74,5.111111111111111,0.605906362545018,Lumpy,,0.0,68.02,33.9875,67.975,Medicom: Duraflor 5% Sodium Fluoride Varnish Unit Dose Bubble Gum 0.5mL x 32/Pack  - 1033-BG32,0.3064567448886919,0.0,2.2826086956521743,1.8387404693321514,10.914570230607984,0.8558224987539288,0.1956521739130435,0.0,0.0,3.0
104,4332,2.5,1.3394467690277294,2.0,5.0,18,74,5.111111111111111,0.2870588235294118,Intermittent,3,0.4285714285714285,79.99,52.47,52.47,Dentsply: Dentsply 3.5ml Prime & Bond NT 60667273,0.5516831844343366,0.2364356504718585,3.3100991066060197,3.546534757077878,,,,0.0,1.0,5.0
105,4334,13.344444444444443,9.827913824272592,12.0,65.0,90,2,1.022222222222222,0.5424025011854259,Erratic,6,0.8571428571428571,250.392,87.99145454545454,255.0,Kerr: Optibond Solo Plus 5ml Btl - 31513,13.48417443448337,11.557863800985745,80.90504660690021,92.46291040788596,2.1391978197039836,0.02261258083760235,,18.0,30.0,111.0
106,4338,1.5833333333333333,1.138903617201808,1.0,6.0,24,68,3.8333333333333335,0.5174033481874023,Erratic,7,1.0,191.52,150.05,189.53,Kuraray: CLEARFIL SE Bond - Bond (5ml) - Each  - 1981KA,0.46217012799215523,0.46217012799215523,2.7730207679529313,3.2351908959450864,,,,1.0,2.0,5.0
107,4339,1.25,0.5501196042201808,1.0,3.0,20,72,4.6,0.1936842105263157,Smooth,7,1.0,696.51,697.99,697.99,Kuraray: CLEARFIL SE Bond Value Kit - 5ml (Bond ) x3 & 6ml (Primer) x3  - Each  - 1972KA,0.22284995653508394,0.22284995653508394,1.3370997392105037,1.5599496957455876,,,,0.0,1.0,3.0
108,4341,2.294117647058824,1.4879192663970409,2.0,7.0,34,58,2.7058823529411766,0.4206562668101129,Smooth,7,1.0,183.11,180.0077777777778,183.495,Kuraray: CLEARFIL SE Protect - Bond(5ml)  - Each   - 2881KA,1.0731801556218086,1.0731801556218086,6.439080933730851,7.51226108935266,,,,0.0,2.0,9.0
109,4342,3.333333333333333,1.7819760370137496,3.0,8.0,39,53,2.358974358974359,0.2857894736842106,Smooth,10,1.4285714285714286,115.0663,125.99181818181818,126.3275,Pulpdent: Activa BioACTIVE Restorative Refill A2 Ea - VR1A2,1.1688201305225356,1.6697430436036225,7.012920783135214,8.682663826738835,,,,3.0,5.0,13.0
110,4344,15.652173913043478,8.520737189653026,15.0,49.0,92,0,1.0,0.2963500542667208,Smooth,10,1.4285714285714286,38.4285,37.369565217391305,45.31395833333333,Pulpdent: Jumbo Etch Refill 2x25ml- ET-50R,20.455434572471752,29.22204938924536,122.73260743483051,151.95465682407587,4.301793800158597,0.02753034375843818,,0.0,30.0,153.0
111,4356,2.2857142857142856,1.1464230084422218,2.0,5.0,21,71,4.380952380952381,0.2515625000000001,Smooth,6,0.8571428571428571,37.14,,41.7175,Danville: Star Flow - 5gm Syringe : Danville: Start Flow - 5gm Syringe A2 85052,0.6209082577312612,0.5322070780553667,3.7254495463875674,4.257656624442934,,,,0.0,1.0,5.0
112,4357,17.78021978021978,12.062616445312166,14.0,58.0,91,1,1.010989010989011,0.460265886676279,Smooth,3,0.4285714285714285,87.19,51.20235294117647,0.0,Dentsply: Enhance Finishing Cups 30/Pk 624055,19.85844833053637,8.510763570229871,119.15068998321821,127.66145355344808,2.4751028644038735,0.01901927431102935,,0.0,9.0,129.0
113,4358,2.8085106382978724,3.3792094384977376,2.0,21.0,47,45,1.9574468085106385,1.447698327144968,Erratic,3,0.4285714285714285,87.19,63.48833333333334,65.0,Dentsply: Enhance Finishing Discs 30/Pk 624045,0.9499663854438302,0.40712845090449856,5.699798312662981,6.10692676356748,0.9160548235788935,0.13043674003865802,,5.0,6.0,12.0
114,4359,8.617977528089888,5.800677111685732,7.0,25.0,89,3,1.0337078651685394,0.4530505569386969,Smooth,3,0.4285714285714285,87.19,65.56659574468085,0.0,Dentsply: Enhance Finishing Points 30/Pk 624065,9.40137197333023,4.029159417141527,56.40823183998138,60.43739125712291,2.9672353328297905,0.04679840403476153,,0.0,5.0,62.0
115,4361,3.2666666666666666,1.3345232785352157,4.0,5.0,15,77,6.133333333333334,0.1668947462366871,Intermittent,3,0.4285714285714285,101.59,,100.0,Ivoclar: Heliobond  6g. Bottle Ea - 532907AN,0.5543661972183169,0.23758551309356435,3.3261971833099016,3.563782696403466,,,,0.0,1.0,5.0
116,4367,10.958333333333334,12.414709017935136,7.0,82.0,72,20,1.2777777777777777,1.28346513611589,Erratic,6,0.8571428571428571,194.392,193.598,190.0,Kerr: Herculite XRV Unidose 20 x 0.25gm : Kerr: Herculite XRV Unidose 20 x 0.25gm A2E Enamel 29836,8.651006644020526,7.415148552017594,51.90603986412316,59.32118841614075,0.8387781334885527,0.013942463428675578,,19.0,27.0,79.0
117,4368,1.933333333333333,1.3717937825410136,1.0,7.0,45,47,2.0444444444444443,0.5034590855042698,Erratic,10,1.4285714285714286,54.8685,61.23,61.695,Pulpdent: Porcelain Etch Kit -4x1.2ml Syringe & Acc-PEG,0.9144546838970389,1.306363834138627,5.486728103382234,6.7930919375208605,,,,2.0,4.0,10.0
118,4372,6.0,2.70801280154532,5.0,10.0,4,88,23.0,0.2037037037037037,Sparse,,0.0,54.37,,67.195,Carestream:  Ultra-speed DF-58 #2 Paper Pack 150/Bx - 1491737,0.4824581650317369,0.0,2.894748990190421,2.894748990190421,27.000000000000025,0.9031686470710861,,0.0,0.0,0.0
119,4384,4.15,2.87830078077594,3.0,12.0,40,52,2.3,0.4810344250030707,Erratic,14,2.0,23.99,23.60428571428572,23.6,Dentsply: Accuject Needles - 100/Box Plastic 30 Short 900905,2.4762586003826916,4.952517200765383,14.85755160229615,19.810068803061533,4.165441860465115,0.17373735721099356,,1.0,6.0,21.0
120,4385,4.67948717948718,4.29887810717552,3.0,19.0,78,14,1.1794871794871795,0.8439442111650781,Erratic,14,2.0,161.59,121.34285714285714,0.0,Dentsply: Oraqix Lidocaine-Prilocaine2.5% 20/Bx - 66312020CA,2.7241118790266454,5.448223758053291,16.34467127415987,21.792895032213163,1.5866830805362315,0.0678661981360125,,20.0,26.0,43.0
121,4386,73.0340909090909,64.30056020628604,50.5,335.0,88,4,1.0454545454545454,0.7751366251832769,Erratic,14,2.0,52.79,30.340416666666663,0.0,Dentsply: Xylocaine 50/Box Red 2% 1: 100 000 80015,43.84649059507104,87.69298119014208,263.07894357042625,350.7719247605683,1.3132935432288717,0.0037300445317067945,,364.0,452.0,716.0
122,4393,21.168539325842698,14.763465313721523,18.0,85.0,89,3,1.0337078651685394,0.4864014180815823,Erratic,10,1.4285714285714286,43.7,62.0,62.0,Septodont: Lidocaine 50 per box Red 2% 1:100 000 99168,20.863546751351127,29.805066787644467,125.18128050810677,154.98634729575124,2.2770666216237996,0.014479315721965393,,21.0,51.0,177.0
123,4395,2.520833333333333,1.6109939225334515,2.0,7.0,48,44,1.9166666666666667,0.4084129819059564,Smooth,10,1.4285714285714286,84.99,40.53666666666667,130.0,Septodont: Marcaine HCL 0.5% 1:200 000 50/box 99188,0.9876844966787542,1.4109778523982204,5.926106980072525,7.337084832470746,85.3332093253965,0.9208259248646415,,3.0,5.0,11.0
124,4396,12.546666666666669,12.043045916833288,10.0,72.0,75,17,1.2266666666666666,0.9213315944911536,Erratic,10,1.4285714285714286,49.9,82.0,82.0,Septodont: Septanest SP 50 per Box 1:100 000 50/box 99145,6.449618805200741,9.213741150286772,38.69771283120444,47.91145398149121,1.188171773356363,0.024199202236058908,,48.0,58.0,97.0
125,4397,11.13953488372093,7.111155760613741,10.5,39.0,86,6,1.069767441860465,0.4075175035386517,Smooth,10,1.4285714285714286,54.05,74.4556,0.0,Septodont: Septanest N 50 per Box 1:200 000 50/box 99146,5.085140297869786,7.26448613981398,30.510841787218716,37.7753279270327,3.1471564868589073,0.07690531334873132,,44.0,52.0,83.0
126,4400,15.213483146067416,9.032104242534414,14.0,42.0,89,3,1.0337078651685394,0.3524687084644832,Smooth,3,0.4285714285714285,13.38,14.8,14.8,Tyco: Monoject Needles 100/Box Metal Hub 30 Short 8881401072,10.890710228142634,4.667447240632557,65.3442613688558,70.01170860948835,3.4875098481652125,0.04744961812314419,,29.0,34.0,100.0
127,4401,5.666666666666667,10.579370346248254,2.0,50.0,27,65,3.4074074074074074,3.485493745009315,Erratic,6,0.8571428571428571,40.0,31.2405,31.2405,"Surgical Specialties: Look Sutures 525B C6 3-0 18"" Chromic",1.4243530890314273,1.220874076312652,8.546118534188563,9.766992610501216,0.3022039897039898,0.03001272114379324,,4.0,6.0,15.0
128,4403,3.9361702127659575,2.362793623981624,3.0,12.0,47,45,1.9574468085106385,0.3603328357734939,Smooth,6,0.8571428571428571,40.0,31.24052631578948,31.2405,"Surgical Specialties: Look Sutures 553B C7 3-0 27"" Plain Gut",3.0860173860321773,2.645157759456152,18.516104316193065,21.161262075649216,9.409215873774793,0.3077876600209345,,0.0,3.0,22.0
129,4404,3.4655172413793105,2.2021960111732435,3.0,9.0,58,34,1.5862068965517242,0.4038088339831783,Smooth,6,0.8571428571428571,40.0,31.24,31.24125,"Surgical Specialties: Look Sutures 554B C6 3-0 27"" Plain Gut",1.5882120776388744,1.361324637976178,9.529272465833246,10.890597103809425,8.676667621171935,0.4434277219183583,,8.0,10.0,20.0
130,4406,3.863636363636364,3.9390171663482856,3.0,23.0,44,48,2.090909090909091,1.039401303613101,Erratic,6,0.8571428571428571,40.0,31.2408,31.2408,"Surgical Specialties: Look Sutures 558B C6 4-0 18"" Chromic",1.01420415150304,0.8693178441454628,6.08522490901824,6.954542753163703,1.2811023232414864,0.15555579573381517,,11.0,12.0,19.0
131,4407,5.788461538461538,5.038426997221935,4.0,23.0,52,40,1.7692307692307692,0.7576412934021634,Erratic,6,0.8571428571428571,40.0,31.240967741935485,31.240714285714287,"Surgical Specialties: Look Sutures 559B C6 4-0 27"" Chromic",3.28342718220478,2.8143661561755255,19.70056309322868,22.514929249404204,1.70974126600714,0.07057851477977503,,10.0,13.0,33.0
132,4408,9.390243902439025,11.198275988961978,6.0,74.0,82,10,1.1219512195121952,1.4221604209482996,Erratic,6,0.8571428571428571,40.0,31.24111111111111,31.2405,"Surgical Specialties: Look Sutures 560B C6 3-0 27"" Chromic Ea - X560B",11.368672161661816,9.74457613856727,68.21203296997089,77.95660910853816,0.760070796805281,0.009655778136466932,,0.0,10.0,79.0
133,4411,4.069767441860465,2.384427143313855,4.0,10.0,43,49,2.13953488372093,0.3432645286686102,Smooth,6,0.8571428571428571,41.0,30.87375,31.24,"Surgical Specialties: Look Sutures C6 3-0 18"" Plain Gut - 592B",1.2135154363912932,1.0401560883353942,7.28109261834776,8.321248706683154,10.251127723671834,0.5519556294862314,,7.0,9.0,17.0
134,4414,2.914285714285714,1.59726657268024,3.0,7.0,35,57,2.628571428571429,0.3003935138069068,Smooth,6,0.8571428571428571,40.0,30.84285714285714,31.24,"Surgical Specialties: Look Sutures 785B C31 3-0 18"" Silk Bla",1.0417716393139707,0.8929471194119748,6.250629835883824,7.143576955295799,,,,2.0,3.0,10.0
135,4415,3.757575757575758,2.5128457850401285,3.0,15.0,33,59,2.787878787878788,0.4472148152965661,Smooth,14,2.0,55.99,53.37125,58.99,Dentsply: Citanest 50 per box 4% Forte 72215,1.0766790356252651,2.1533580712505302,6.460074213751591,8.613432285002121,5.522244668911337,0.39066007853147106,,4.0,7.0,14.0
136,4416,4.766233766233766,4.412589954043889,4.0,23.0,77,15,1.1948051948051948,0.8571098096941453,Erratic,14,2.0,55.99,54.38,58.99,Dentsply: Citanest 50 per box 4% Plain 71115,3.72059583164276,7.44119166328552,22.32357498985656,29.76476665314208,1.5448774253682913,0.04934190313676004,,12.0,20.0,43.0
137,4417,6.310344827586207,9.863726651133229,2.0,50.0,29,63,3.1724137931034484,2.443294813222254,Erratic,3,0.4285714285714285,61.59,51.4275,0.0,Dentsply: Polocaine 3% 50 per Box 63315,1.9165522481059418,0.8213795349025463,11.49931348863565,12.320693023538196,0.4376703064045006,0.034304580853041625,,7.0,8.0,20.0
138,4425,9.325,6.918650267139346,8.0,35.0,80,12,1.15,0.5504844743394961,Erratic,3,0.4285714285714285,16.71,9.6,14.4,Tyco: Monoject Needles 100/Box Metal Hub 27 Long 8881401056,5.570162651252495,2.3872125648224976,33.42097590751497,35.80818847233747,2.256084198858738,0.05927038770311116,,28.0,31.0,65.0
139,4428,5.232142857142857,7.50270513985352,3.0,44.0,56,36,1.6428571428571428,2.056253104023026,Erratic,3,0.4285714285714285,11.77,12.88,12.88,Tyco: Monoject Needles 100/Box Plastic 27 Long 8881400058,2.254594205449218,0.9662546594782362,13.52756523269531,14.493819892173546,0.5361565696480803,0.03567248232290967,,10.0,11.0,25.0
140,4430,7.351351351351352,7.504213304998462,6.0,45.0,74,18,1.2432432432432432,1.042019822131108,Erratic,3,0.4285714285714285,11.0,11.39,12.88,Tyco: Monoject Needles 100/Box Plastic 30 Short 8881400074,6.1333578471010695,2.6285819344718866,36.800147082606415,39.428729017078304,1.1037644422699553,0.027231594902419883,,9.0,12.0,49.0
141,4432,5.967741935483871,9.66482169644708,3.0,62.0,62,30,1.4838709677419355,2.6228147864302045,Erratic,6,0.8571428571428571,40.0,31.38628571428572,31.24,"Surgical Specialties: Look Sutures 594B C31 3-0 18"" Plain",2.274066055174446,1.9491994758638107,13.644396331046675,15.593595806910486,0.40729096130011616,0.025454274328676096,,22.0,24.0,38.0
142,4434,2.9130434782608696,1.4114159066908942,3.0,7.0,23,69,4.0,0.2347556653638186,Smooth,3,0.4285714285714285,32.67,60.0,0.0,Pierrel: Orabloc 1:100.000 EPI 4% Arti 1.8ml 50/B,0.9000726083899343,0.38574540359568604,5.400435650339606,5.786181053935292,,,,0.0,1.0,7.0
143,4435,5.066666666666666,2.434427403232472,5.0,13.0,30,62,3.066666666666667,0.2308601585633777,Smooth,3,0.4285714285714285,45.0,47.82,0.0,Pierrel: Orabloc 1:200.000 EPI 4% Arti 1.8ml 50/B,2.091236265753054,0.8962441138941659,12.547417594518326,13.443661708412492,29.85811051693396,0.6895355312837906,,0.0,1.0,14.0
144,4436,11.213333333333331,13.786296891550752,8.0,89.0,75,17,1.2266666666666666,1.5115613859960166,Erratic,14,2.0,143.19,94.43641791044776,0.0,Dentsply: Astracaine Blue 4% 1: 100 000 1408,6.257730278538518,12.515460557077036,37.54638167123111,50.061842228308144,0.7030460973259051,0.013849062226162676,,44.0,57.0,95.0
145,4437,8.974683544303797,9.27772999914491,6.0,49.0,79,13,1.1645569620253164,1.068673822247162,Erratic,14,2.0,143.19,90.25882352941176,90.26,Dentsply: Astracaine Green 4% 1: 200 000 1410,6.863915829013651,13.727831658027302,41.18349497408191,54.91132663210921,1.0446599649907151,0.018669315448096444,,27.0,41.0,83.0
146,4438,4.185714285714286,2.5723888246162074,4.0,13.0,70,22,1.3142857142857145,0.3776887663053818,Smooth,10,1.4285714285714286,73.33,96.0,96.0,Septodont: Carbocaine 3% Plain 50 per box 99172,2.775022544862446,3.964317921232066,16.650135269174676,20.614453190406742,7.205601644608795,0.25900745657551727,,5.0,9.0,26.0
147,4440,1.7096774193548387,1.2163757201099987,1.0,6.0,31,61,2.967741935483871,0.5061825086032987,Erratic,3,0.4285714285714285,226.39,,0.0,Dentsply: Integrity-76 gm car- 20mix tip : Dentsply: Integrity-76 gm car- 20mix tip A2 666220,0.6696026998927052,0.28697258566830214,4.017616199356231,4.304588785024533,,,,1.0,2.0,7.0
148,4451,2.3773584905660377,1.4574268037345242,2.0,7.0,53,39,1.7358490566037736,0.3758236912998817,Smooth,6,0.8571428571428571,26.49,17.984545454545454,17.991666666666667,Premier: Hemodent 10cc Bottle 9007071,1.2395204365164367,1.06244608844266,7.43712261909862,8.49956870754128,,,,2.0,4.0,12.0
149,4452,2.855072463768116,2.1575814504347264,2.0,10.0,69,23,1.3333333333333333,0.5710841784728528,Erratic,6,0.8571428571428571,49.49,34.98,36.053333333333335,Premier: Hemodent 20cc Bottle 9007072,1.964831272894494,1.6841410910524235,11.788987637366965,13.473128728419388,4.528362624276307,0.25155485929215476,,6.0,8.0,20.0
150,4453,1.967741935483871,1.4019955056452436,1.0,6.0,31,61,2.967741935483871,0.5076413150586758,Erratic,6,0.8571428571428571,85.99,62.404,62.402,Premier: Hemodent 40cc Bottle 9007073,0.7721463299752518,0.6618397114073586,4.632877979851511,5.294717691258869,,,,1.0,2.0,7.0
151,4455,15.22222222222222,59.87177073394111,2.0,398.0,54,38,1.7037037037037035,15.469920794726743,Erratic,4,0.5714285714285714,167.99,74.20323076923077,88.0,Voco: Structur 2 SC 75 g Cartridges w/ 10 tips : Voco: Structur 2 SC 75 g Cartridges w/ 10 tips A2 1480,3.4395835211589385,1.9654762978051077,20.63750112695363,22.602977424758738,0.06491724488126478,0.002863840944532488,,81.0,83.0,104.0
152,4456,4.926470588235294,4.341112645292913,4.0,23.0,68,24,1.3529411764705883,0.776480085648833,Erratic,6,0.8571428571428571,202.392,84.77269230769231,97.25366666666666,Kerr: Maxcem Elite Refill- 2 Syr plus 20 tips Clear 33872,3.2704156132085713,2.803213382750204,19.622493679251427,22.42570706200163,1.743694331739698,0.07214470492393858,,12.0,15.0,35.0
153,4458,2.4285714285714284,1.2724180205607036,2.0,4.0,7,85,13.142857142857142,0.2745098039215687,Intermittent,,0.0,202.392,105.03666666666666,105.23,Kerr: Maxcem Elite Refill- 2 Syr plus 20 tip White Op -33874,0.09202593419825453,0.0,0.5521556051895271,0.5521556051895271,,,,0.0,0.0,1.0
154,4459,2.525,1.9346701832479656,2.0,8.0,40,52,2.3,0.5870716546140522,Erratic,10,1.4285714285714286,41.8809,45.25636363636364,49.782,Pulpdent: Lime Lite 3ml Syringe - LLE3,0.9983460379613731,1.4262086256591044,5.990076227768238,7.416284853427342,5.234723684210531,0.41377915986988417,,4.0,6.0,12.0
155,4460,2.04,1.2610329423265092,2.0,6.0,50,42,1.84,0.3821136297656318,Smooth,10,1.4285714285714286,73.1169,84.2248,84.24333333333334,Pulpdent: Lime Lite 4 X 1.2ml Kit 8 Bent Tips - LLE,1.2184960603091166,1.7407086575844524,7.310976361854699,9.051685019439152,,,,0.0,2.0,10.0
156,4461,3.5694444444444446,2.560954866423074,3.0,11.0,72,20,1.2777777777777777,0.5147573962907179,Erratic,4,0.5714285714285714,191.99,,225.0,Voco: Ionoseal Syringe Kit 3 x 2.5gm Syringe 1326,2.857796475883623,1.6330265576477845,17.14677885530174,18.779805412949525,4.2625427210587565,0.1849873414058724,,6.0,8.0,26.0
157,4478,3.25,2.6551836094703507,2.0,11.0,36,56,2.555555555555556,0.6674556213017752,Erratic,6,0.8571428571428571,52.25,55.82923076923077,56.6705,Danville: Micro Prime G Desensitizer 10ml 90814,0.7994886694370817,0.6852760023746415,4.79693201662249,5.482208018997132,2.7796052631578947,0.33644009713480927,,8.0,9.0,14.0
158,4480,2.825,3.4780446908852207,1.0,20.0,40,52,2.3,1.5157703653278871,Erratic,3,0.4285714285714285,119.99,75.0,130.0,Dentsply: Dycal Complete Pack 13g base 11g cata Ivory 623400,1.1640034392684238,0.49885861682932436,6.984020635610543,7.482879252439868,0.8607421875000002,0.10316170186961449,,3.0,4.0,11.0
159,4482,1.2333333333333334,0.9352607356658148,1.0,6.0,30,62,3.066666666666667,0.5750484874436412,Erratic,3,0.4285714285714285,239.99,222.0,222.0,Ivoclar: Multilink Automix Transparent 615216WW,0.34251123190620286,0.1467905279598012,2.055067391437217,2.2018579193970185,,,,0.0,1.0,4.0
160,4486,2.066666666666667,1.5167613430435958,1.0,7.0,60,32,1.5333333333333334,0.5386338383393005,Erratic,10,1.4285714285714286,53.9643,61.53545454545455,61.695,Pulpdent: Multi Cal 4 X 1.2ml plus 8 tips MULTI,1.667171097629382,2.381672996613403,10.003026585776293,12.384699582389697,18.260547504025794,0.5958688292684832,,0.0,3.0,14.0
161,4487,1.5471698113207548,0.95204310131602,1.0,7.0,53,39,1.7358490566037736,0.3786493845238641,Smooth,10,1.4285714285714286,90.2,59.07692307692308,0.0,Septodont: Alveogyl Dry Socket Dressing 10g/jar 01S0020,0.9922738338434988,1.4175340483478553,5.953643003060993,7.371177051408848,,,,0.0,2.0,8.0
162,4491,1.5555555555555556,1.0266295602447135,1.0,5.0,36,56,2.555555555555556,0.4355685131195335,Smooth,6,0.8571428571428571,99.992,107.0,107.0,Kerr: Sealapex Endo Root Canal Sealer Standard Pack 18432,0.3543386002765303,0.30371880023702597,2.126031601659182,2.4297504018962077,,,,2.0,3.0,6.0
163,4492,2.95,1.8411608886030355,3.0,9.0,80,12,1.15,0.3895286891952333,Smooth,6,0.8571428571428571,47.99,32.0,37.5575,Premier: RC Prep 18g. Jar 9007131,2.079255980439606,1.7822194118053762,12.475535882637635,14.257755294443012,19.784100719424455,0.5811698607550981,,5.0,7.0,20.0
164,4496,2.2666666666666666,2.086236073022646,1.0,8.0,15,77,6.133333333333334,0.847132970835393,Lumpy,20,2.857142857142857,280.79,119.4,150.048,Dentsply: Cavitron FitGrip PWR-1000 30k Insert #82004,0.39550641542231896,1.0559006211180124,2.217391304347826,3.503056822311968,2.463318112633181,0.412866797593542,0.16304347826086957,0.0,2.0,5.0
165,4497,5.6923076923076925,6.7596085457892965,4.0,40.0,39,53,2.358974358974359,1.410153396639883,Erratic,20,2.857142857142857,280.79,180.966,265.0,Dentsply: Cavitron Inserts 30K-FSI-SLI-1000 81570,4.024977742197069,11.49993640627734,24.149866453182412,35.649802859459754,0.8100591715976333,0.02221783425586211,,0.0,12.0,37.0
166,4498,20.767857142857142,29.06606335507165,7.0,135.0,56,36,1.6428571428571428,1.9587953133494984,Erratic,20,2.857142857142857,280.79,124.4503448275862,124.29,Dentsply: Cavitron Slimline Inserts 30K-FSI-SLI-10S 80395,15.313721479986368,43.7534899428182,91.8823288799182,135.6358188227364,0.5233837439937501,0.003843910173733908,,37.0,81.0,173.0
167,4500,15.6,15.097577358810357,10.0,60.0,20,72,4.6,0.9366241046402988,Erratic,3,0.4285714285714285,18.8,15.327671232876712,18.8,Aurelia: Amazing Nitrile Powder Free Gloves 300/Box : Aurelia: Amazing Nitrile Gloves - Purple - Medium - Powder Free - 300/Box - 92887,3.6844526317312933,1.5790511278848398,22.10671579038776,23.6857669182726,1.146103509815586,0.0461545381019381,,16.0,18.0,41.0
168,4502,14.764705882352942,19.02161262565744,10.0,90.0,34,58,2.7058823529411766,1.6597591284024835,Erratic,3,0.4285714285714285,14.2,14.01603448275862,14.2,Aurelia: Blush Nitrile Gloves - Pink - Medium - Powder Free - 200/Box - 78887,7.952573917152853,3.4082459644940792,47.71544350291712,51.1236894674112,0.6281288492674816,0.01213732907747991,,0.0,4.0,52.0
169,4503,31.410958904109588,28.63604741523753,24.0,134.0,73,19,1.2602739726027397,0.8311200444220526,Erratic,3,0.4285714285714285,14.2,13.515390070921988,14.2,Aurelia: Blush Nitrile Gloves - Pink - Small - Powder Free - 200/Box - 78886,19.93476828921238,8.543472123948161,119.60860973527427,128.15208185922242,1.2511197181417748,0.009668383029872628,,83.0,92.0,212.0
170,4506,23.142857142857142,16.166713870253204,17.0,60.0,14,78,6.571428571428571,0.4879884632971052,Lumpy,3,0.4285714285714285,9.4,6.829285714285715,6.96,Aurelia: Distinct Latex Gloves - Creamy White - Medium - Powder Free - 100/Box - 29227,3.031151184266908,1.5093167701863353,21.130434782608695,19.485971898858693,2.2483096753785934,0.10344531829584952,0.15217391304347827,0.0,2.0,24.0
171,4507,23.4375,16.149174385501365,25.0,50.0,16,76,5.75,0.474764325925926,Intermittent,3,0.4285714285714285,9.4,9.4,9.4,Aurelia: Distinct Latex Gloves - Creamy White - Small - Powder Free - 100/Box - 29226,2.437288084436762,1.0445520361871836,14.623728506620573,15.668280542807757,2.3142916388723096,0.12869636309482013,,3.0,5.0,20.0
172,4509,7.260869565217392,5.310516079221301,5.0,20.0,23,69,4.0,0.5349290531620482,Erratic,3,0.4285714285714285,13.9,12.08,12.08,Aurelia: Perform Nitrile Powder Free 200/Box : Aurelia: Perform Nitrile Gloves - Aqua - Large - Powder Free - 200/Box - 92398,1.8142425181400916,0.7775325077743248,10.88545510884055,11.662987616614874,2.5175948265957624,0.17753818199485408,,8.0,9.0,20.0
173,4510,25.160714285714285,21.62807668977298,20.0,130.0,56,36,1.6428571428571428,0.7389071508127703,Erratic,3,0.4285714285714285,13.9,13.744594594594597,13.9,Aurelia: Perform Nitrile Powder Free 200/Box : Aurelia: Perform Nitrile Gloves - Aqua - Medium - Powder Free - 200/Box - 92397,14.165099995812652,6.070757141062564,84.9905999748759,91.06135711593846,1.4302823503657651,0.015463909588139946,,39.0,46.0,131.0
174,4511,14.282608695652174,10.59279218982472,10.0,60.0,46,46,2.0,0.5500546354406782,Erratic,3,0.4285714285714285,13.9,13.46888888888889,13.9,Aurelia: Perform Nitrile Powder Free 200/Box : Aurelia: Perform Nitrile Gloves - Aqua - Small - Powder Free - 200/Box - 92396,8.655227762711116,3.7093833268761918,51.9313665762667,55.64074990314289,2.0831622764570827,0.03608837651155056,,5.0,9.0,61.0
175,4521,18.0,13.114877048604,20.0,30.0,3,89,30.666666666666668,0.5308641975308642,Sparse,,0.0,18.9,25.54142857142857,16.357666666666667,Aurelia: Sonic Nitrile Powder Free Glove 300/box : Aurelia: Sonic Nitrile Gloves - Cobalt blue - Large - Powder Free - 300/Box - 93778,0.2283002588438309,0.0,1.3698015530629855,1.3698015530629855,2.1038961038961044,0.6056647157190636,,0.0,0.0,0.0
176,4523,14.916666666666666,21.869274142393284,10.0,80.0,12,80,7.666666666666667,2.1494392128267474,Lumpy,3,0.4285714285714285,18.9,12.217802197802198,20.0,Aurelia: Sonic Nitrile Powder Free Glove 300/box : Aurelia: Sonic Nitrile Gloves - Cobalt blue - Small - Powder Free - 300/Box - 93776,2.1216773787325995,0.8338509316770184,11.67391304347826,13.639354577566712,0.4802151117796453,0.034010605304918194,0.13043478260869565,0.0,1.0,13.0
177,4526,23.454545454545453,22.157237684742693,19.0,90.0,33,59,2.787878787878788,0.8924362267892554,Erratic,3,0.4285714285714285,7.05,6.0,6.0,Aurelia: Transform Nitrile Powder Free 100/box : Aurelia: Tranform 100 Nitrile Gloves - Ice blue - Medium - Powder Free - 100/Box - 9889A7,4.7973418058823505,2.0560036310924357,28.784050835294103,30.84005446638654,1.1767466836379548,0.036754036673556145,,59.0,62.0,91.0
178,4531,36.516129032258064,37.3111877482183,30.0,180.0,31,61,2.967741935483871,1.0440196739460683,Erratic,3,0.4285714285714285,8.7,6.63631067961165,8.7,Aurelia: Vibrant 100/Box Latex Powder Free Gloves : Aurelia: Vibrant Latex Gloves - Creamy beige - Medium - Powder Free - 100/Box - 98227,10.61563678364844,4.549558621563617,63.693820701890644,68.24337932345426,0.9836376645774972,0.014208869706859568,,51.0,56.0,120.0
179,4532,28.113636363636363,25.913286444917045,20.0,150.0,44,48,2.090909090909091,0.8495930385680004,Erratic,3,0.4285714285714285,8.7,3.6714285714285713,8.7,Aurelia: Vibrant 100/Box Latex Powder Free Gloves : Aurelia: Vibrant Latex Gloves - Creamy beige - Small - Powder Free - 100/Box - 98226,11.652147734976712,4.993777600704304,69.91288640986028,74.90666401056458,1.2284663495274575,0.016135341776092712,,45.0,50.0,120.0
180,4533,33.5,39.23935871962325,20.0,150.0,12,80,7.666666666666667,1.3720002430182874,Lumpy,3,0.4285714285714285,8.7,4.68,4.68,Aurelia: Vibrant 100/Box Latex Powder Free Gloves : Aurelia: Vibrant Latex Gloves - Creamy beige - X-Small - Powder Free - 100/Box - 98225,2.584200197719172,1.8726708074534157,26.217391304347824,16.61271555676611,0.745073482813773,0.042924446259533885,0.13043478260869565,0.0,2.0,29.0
181,4535,41.625,32.69747696688538,50.0,100.0,8,84,11.5,0.6170494819143467,Lumpy,3,0.4285714285714285,3.8,3.8134146341463415,3.8,Aurelia: Vinyl Gloves 100/Box Powder Free : Aurelia: Delight PF Vinyl Gloves - Clear - Medium - Powder Free - 100/Box - 38227,3.498207433188867,1.5512422360248446,21.717391304347824,22.488476356214143,1.6862682481751825,0.0697533014627593,0.08695652173913043,0.0,2.0,24.0
182,4536,39.0,28.8020061029706,45.0,100.0,10,82,9.2,0.5454014171962892,Lumpy,3,0.4285714285714285,3.8,3.8009333333333335,3.8,Aurelia: Vinyl Gloves 100/Box Powder Free : Aurelia: Delight PF Vinyl Gloves - Clear - Small - Powder Free - 100/Box - 38226,4.024712990826531,1.8167701863354035,25.434782608695652,25.8731549410277,1.9239634574841877,0.06921449302411097,0.10869565217391305,0.0,2.0,28.0
183,4551,3.0689655172413794,2.3083530163111714,2.0,10.0,58,34,1.5862068965517242,0.5657446228878594,Erratic,14,2.0,38.16,,45.43,Scican: Statmatic Spray STM500-6NA,1.4005921143674935,2.801184228734987,8.40355268620496,11.204736914939948,4.168370031851548,0.2711468830782787,,9.0,12.0,21.0
184,4556,1.5217391304347827,0.593109312122548,1.0,3.0,23,69,4.0,0.1519109461966604,Smooth,3,0.4285714285714285,60.19,50.0,50.0,A-Dec: ICX - Waterline Treatment 50/Pkg 0.7 Liter 90.1064.00,0.3927662387309348,0.16832838802754346,2.356597432385609,2.524925820413152,,,,0.0,1.0,4.0
185,4557,3.819672131147541,2.974940877403065,3.0,13.0,61,31,1.5081967213114753,0.6066029336820844,Erratic,3,0.4285714285714285,85.59,79.0,79.0,A-Dec: ICX - Waterline Treatment 50/Pkg 2 Liter 90.1065.00,3.1467452395870255,1.3486051026801535,18.880471437522154,20.229076540202307,2.9002290024680972,0.12539196203351508,,0.0,2.0,21.0
186,4582,14.785714285714286,11.275995903852278,10.0,60.0,42,50,2.1904761904761907,0.5816010733096197,Erratic,7,1.0,30.93,27.25380952380952,30.925,Medicom: SafeBaSicS TrueFit Gloves : Medicom: SafeBaSicS TrueFit Gloves : Medicom: SafeBasics True Fit Thin Nitrile Medical Examination Powder Free Gloves - Blue -Medium - 300/Box  - 1185-C,3.3096768450246214,3.3096768450246214,19.858061070147727,23.16773791517235,1.9456455771343524,0.07747445013653323,,45.0,49.0,69.0
187,4583,22.15384615384616,13.959600472224466,20.0,46.0,39,53,2.358974358974359,0.3970522914636125,Smooth,7,1.0,30.93,28.631290322580647,30.925,Medicom: SafeBaSicS TrueFit Gloves : Medicom: SafeBaSicS TrueFit Gloves : Medicom: SafeBasics True Fit Thin Nitrile Medical Examination Powder Free Gloves - Blue - Small - 300/Box  - 1185-B,7.823470237280506,7.823470237280506,46.94082142368303,54.764291660963536,2.8416081703158915,0.04932842258585685,,31.0,39.0,86.0
188,4587,7.857142857142857,4.413183712037204,8.0,16.0,7,85,13.142857142857142,0.3154820936639119,Intermittent,,0.0,33.48,33.22,33.48125,Medicom: SafeBaSicS TrueFit Gloves : Medicom: SafeBaSicS TrueFit Gloves : Medicom: SafeBasics True Fit Thin Nitrile Medical Examination Powder Free Gloves - Pink- Small - 300/Box  - 1186-B,0.4340484167780692,0.0,2.6042905006684154,2.6042905006684154,5.313231850117095,0.6710725419789892,,0.0,0.0,3.0
189,4592,22.0625,15.575488221347456,18.0,60.0,16,76,5.75,0.4983952469992804,Lumpy,90,12.857142857142858,8.9,15.13,15.13,Metrex: CaviWipes1 Disinfectant Large Wipes 160/Cn - 11-5100,3.5165088423777884,49.33229813664597,23.02173913043478,66.31130959912402,2.2071670476874243,0.032212727948763245,0.17391304347826086,9.0,59.0,83.0
190,4593,44.735849056603776,32.70271156917692,36.0,160.0,53,39,1.7358490566037736,0.5343873380087361,Erratic,90,12.857142857142858,14.17,,15.94,Metrex: CaviWipes Disinfectant X-Large Wipes 65/Cn - 11-1150,20.630610918531435,265.2507118096899,123.78366551118862,389.03437732087855,1.9529956878812789,0.0049950351921915475,,210.0,476.0,600.0
191,4594,158.41304347826087,78.6155134110133,153.0,417.0,92,0,1.0,0.246283112944548,Smooth,90,12.857142857142858,11.46,11.381228172293364,11.4,Metrex: CaviWipes Disinfectant Large Wipes 160/Cn - 11-1100,154.0629597627747,1980.8094826642464,924.3777585766483,2905.1872412408948,4.167178857317978,0.001432337988294085,,277.0,2258.0,3183.0
192,4596,11.870967741935484,13.800342835074474,10.0,80.0,31,61,2.967741935483871,1.3514733971329551,Erratic,3,0.4285714285714285,1.18,,30.1,Halyard: KC100 Lavender Nitrile PF Glove 250/box Medium 52818,3.1892775338256616,1.366833228782426,19.13566520295397,20.502498431736395,0.7891200753318788,0.0370624748452031,,13.0,15.0,35.0
193,4597,15.833333333333334,10.100960932738325,10.0,31.0,18,74,5.111111111111111,0.4069871272608766,Intermittent,3,0.4285714285714285,18.8,19.4,18.8,Aurelia: Amazing Nitrile Gloves - Purple - Small - Powder Free - 300/Box - 92886,3.762853874289212,1.612651660409662,22.577123245735272,24.189774906144933,2.908420533818623,0.10732893783507727,,4.0,6.0,29.0
194,4609,1.627906976744186,0.7566610807624786,2.0,4.0,43,49,2.13953488372093,0.2160447035957239,Smooth,7,1.0,29.75,,70.93,Defend:  Ultrasonic Tablets 3 in 1-Evac/Ultra/Cold 64/pk - UT-1000,0.9531334904494003,0.9531334904494003,5.718800942696402,6.671934433145802,,,,0.0,1.0,7.0
195,4617,1.9166666666666667,1.5050420310248864,1.0,5.0,12,80,7.666666666666667,0.616600790513834,Lumpy,3,0.4285714285714285,211.19,,209.99,Dentsply: Reprosil Cartridges Std. Pack : Dentsply: Reprosil Cartridges Std. Pack Heavy Body 4/Pk - 626220,0.27068429270470507,0.10714285714285712,1.5,1.7401133102445325,10.541666666666671,0.8583174984802031,0.13043478260869565,0.0,1.0,3.0
196,4626,3.5098039215686274,3.7275866134517,2.0,20.0,51,41,1.803921568627451,1.1279498143004274,Erratic,21,3.0,19.45,24.103448275862068,27.96,Keystone: Gelato Prophy Paste Cups 200 x 2g : Keystone: Gelato Prophy Paste Cups 200 x 2g Coarse Mint 24-03077,2.105874848603397,6.31762454581019,12.63524909162038,18.95287363743057,1.1861923230133378,0.058900066435215725,,7.0,14.0,27.0
197,4629,3.711864406779661,2.470870623175139,3.0,14.0,59,33,1.5593220338983051,0.4431143407466842,Smooth,21,3.0,19.45,27.719,27.96,Keystone: Gelato Prophy Paste Cups 200 x 2g : Keystone: Gelato Prophy Cups 200 x 2g Med.Mint 24-02277,1.8618288030553203,5.585486409165961,11.170972818331922,16.756459227497885,5.756788973738125,0.25570672531483346,,8.0,14.0,26.0
198,4631,4.116666666666666,2.76841548431324,4.0,13.0,60,32,1.5333333333333334,0.4522422504487391,Smooth,21,3.0,6.35,9.29375,9.367,Keystone: Gelato Prophy Paste 340gm Jar : Keystone: Gelato Prophy Paste 340gm Jar Coarse Mint 24-04077,4.673071058475345,14.019213175426035,28.03842635085207,42.05763952627811,4.777208419599723,0.10200115147422377,,0.0,15.0,44.0
199,4634,3.5,3.187913219909604,3.0,16.0,44,48,2.090909090909091,0.8296155671570954,Erratic,21,3.0,6.35,9.192142857142857,9.3668,Keystone: Gelato Prophy Paste 340gm Jar : Keystone: Gelato Prophy Paste 340gm Jar Medium Mint 24-08177,1.2807610435320673,3.842283130596202,7.684566261192404,11.526849391788605,1.838568935427574,0.13756164531593235,,10.0,14.0,22.0
200,4637,4.218181818181818,2.884767845405505,4.0,14.0,55,37,1.6727272727272726,0.4677040670277886,Smooth,7,1.0,35.4,29.94,35.4,Medicom: Duraflor 5% Sodium Fluoride Varnish Tube Bubble Gum 10mL Each  - 10033-CN,2.596489477015232,2.596489477015232,15.57893686209139,18.17542633910662,4.335853447504254,0.1926080386634929,,2.0,5.0,21.0
201,4638,2.2962962962962963,1.5144131845197644,2.0,6.0,27,65,3.4074074074074074,0.4349435683983031,Smooth,7,1.0,79.53,79.534,79.53333333333333,Medicom: Duraflor Halo Varnish : Medicom: Duraflor Halo Varnish : Medicom: Duraflor Halo 5% Sodium Fluoride White Varnish Unit Dose Spearmint 0.5mL x 32/Pack  - 1030-SM32,0.7155053584241906,0.7155053584241906,4.293032150545144,5.008537508969335,,,,0.0,1.0,6.0
202,4645,3.526315789473684,2.202416880111031,2.5,11.0,38,54,2.421052631578948,0.3900826645313168,Smooth,10,1.4285714285714286,43.22,43.24090909090909,43.281,Shofu: Beautifil Flow Plus F00 Syringe : Shofu: Beautifil Flow Plus F00 Syringe A2 2.2 Ea - 2002,0.8278375310087523,1.1826250442982176,4.967025186052514,6.149650230350732,9.389620668211887,0.6042510443061023,,6.0,8.0,13.0
203,4652,36.65714285714286,140.50286638423032,2.0,802.0,35,57,2.628571428571429,14.691060411178542,Erratic,4,0.5714285714285714,123.99,56.54843137254902,128.0,Voco: Grandio SO 16 X .25gm Compule : Voco: Grandio SO 16 X .25gm Compule A2 - 2651,29.509175198272626,16.862385827584358,177.05505118963575,193.9174370172201,0.06819523746284199,0.00035154787841869,,0.0,17.0,195.0
204,4656,7.357142857142857,16.691568698251988,4.0,91.0,28,64,3.2857142857142856,5.14725791867841,Erratic,4,0.5714285714285714,105.59,100.8,112.0,Voco: Grandio SO Heavy Flow Syringe : Voco: Grandio SO Heavy Flow Syringe A2 - 2685,2.453804031107923,1.40217373206167,14.722824186647536,16.124997918709205,0.1995476020960499,0.012223776878917157,,0.0,2.0,17.0
205,4674,3.369565217391304,2.6277044959192795,2.0,10.0,46,46,2.0,0.6081424442132037,Erratic,6,0.8571428571428571,131.992,77.77111111111111,139.0,Kerr: Revolution Formula 2 Flow - 4gm Syringes : Kerr: Revolution Formula 2 Flow - 4gm Syringes A2 29494,1.3269122945068412,1.1373533952915782,7.961473767041047,9.098827162332626,3.211631236854927,0.26088640509657085,,7.0,9.0,17.0
206,4675,1.947368421052632,2.040525101550696,1.0,10.0,19,73,4.842105263157895,1.0979628276925568,Lumpy,6,0.8571428571428571,131.992,151.99,151.99,Kerr: Revolution Formula 2 Flow - 4gm Syringes : Kerr: Revolution Formula 2 Flow - 4gm Syringes A3 29495,0.4760051787671465,0.34472049689441003,2.41304347826087,3.2640355115461475,1.7110123593945308,0.3439187730008745,0.20652173913043478,0.0,1.0,4.0
207,4682,2.1627906976744184,1.5107587585640776,2.0,8.0,43,49,2.13953488372093,0.4879341955304494,Erratic,10,1.4285714285714286,78.501,90.92666666666666,90.86,Pulpdent: Etch-Rite EtchGel-38% 24x1.2ml ET-24,0.8990237954725374,1.2843197078179107,5.394142772835225,6.678462480653136,39.1104651162791,0.8541467810855526,,3.0,5.0,11.0
208,4697,2.2758620689655173,2.21837378861405,1.0,11.0,29,63,3.1724137931034484,0.9501180637544278,Erratic,3,0.4285714285714285,52.96,39.28,0.0,ProEdge: Blutab Waterline Tablets 750ml 50/Pk - BT50,0.43209720681256014,0.18518451720538287,2.592583240875361,2.777767758080744,1.9580042381044096,0.4134498535152573,,4.0,5.0,8.0
209,6167,1.25,0.5,1.0,2.0,4,88,23.0,0.16,Sparse,,0.0,570.0,299.4,0.0,Flight: Bold E-Surgical Handpiece 45degree 4hole - F-160,0.07158529895776193,0.0,0.42951179374657156,0.42951179374657156,,,,0.0,0.0,0.0
210,6185,1.1428571428571428,0.3779644730092272,1.0,2.0,7,85,13.142857142857142,0.109375,Intermittent,,0.0,169.36,157.08,220.4533333333333,DentMate: LED Curing Light : Dentmat: LED Curing Light - Black - LEDBLK,0.053207545331978905,0.0,0.3192452719918734,0.3192452719918734,,,,0.0,0.0,1.0
211,6186,1.125,0.3535533905932738,1.0,2.0,8,84,11.5,0.0987654320987654,Intermittent,,0.0,168.17,167.675,210.18,DentMate: LED Curing Light : DentMat: LED Curing Light - White - LEDWHI,0.10338617496425556,0.0,0.6203170497855334,0.6203170497855334,,,,0.0,0.0,1.0
212,6191,1.8857142857142857,1.3009369603443188,1.0,6.0,35,57,2.628571428571429,0.4759493329012045,Erratic,7,1.0,285.13,363.42,374.905,Temporary Suspension of Sales in Canada MouthWatch: Intraoral Camera - MWCAM,1.3178912996800418,1.3178912996800418,7.9073477980802505,9.225239097760292,,,,0.0,2.0,10.0
213,6210,3.7777777777777777,3.527668414752788,2.0,10.0,9,83,10.22222222222222,0.8719723183391007,Lumpy,7,1.0,201.61,181.6757142857143,0.0,Sable: Kavo Coupler w/H20 2000119 - 2000119,0.3571942059196982,0.3695652173913044,2.2173913043478266,2.5003594414378876,1.6467236467236457,0.3970799744583039,0.09782608695652176,0.0,1.0,4.0
214,6214,1.4,0.5477225575051661,1.0,2.0,5,87,18.4,0.1530612244897959,Sparse,,0.0,256.54,,256.54,Sable: Straight Nosecone 1610310 - 1610310,0.08996824650123489,0.0,0.5398094790074093,0.5398094790074093,,,,0.0,0.0,0.0
215,7777,2.967741935483871,1.663006734156378,2.0,6.0,31,61,2.967741935483871,0.3140044108380592,Smooth,10,1.4285714285714286,115.0663,126.4875,127.60333333333334,Pulpdent: Activa BioACTIVE Restorative Refill A1 Ea - VR1A1,1.2564938342399237,1.7949911917713195,7.538963005439542,9.333954197210861,,,,0.0,2.0,10.0
216,7779,1.2,0.6324555320336759,1.0,3.0,10,82,9.2,0.2777777777777778,Intermittent,4,0.5714285714285714,147.99,106.66,0.0,Ivoclar: Adhese Viva Pen Kit Ea - 754798,0.16338890862813582,0.09336509064464904,0.9803334517688149,1.073698542413464,,,,0.0,1.0,2.0
217,7780,2.15,1.3869694338832113,1.5,5.0,20,72,4.6,0.416156670746634,Smooth,3,0.4285714285714285,139.19,67.5,0.0,Ivoclar: Adhese Viva Pen Refill ea - 665156WW,0.3669839589553374,0.15727883955228744,2.2019037537320245,2.359182593284312,,,,1.0,2.0,5.0
218,7784,8.833333333333334,8.727351641057364,6.5,26.0,6,86,15.333333333333334,0.9761480954076182,Sparse,4,0.5714285714285714,111.99,0.0,112.0,Voco: Admira Fusion Syringe refill ea : Voco: Admira Fusion Syringe refill ea A2 - 2755,0.4989380809123973,0.28510747480708415,2.9936284854743835,3.278735960281468,1.1588283828382837,0.2611406377994262,,0.0,0.0,0.0
219,7785,14.8,8.408329203831164,17.0,26.0,5,87,18.4,0.3227720964207451,Sparse,4,0.5714285714285714,111.99,112.0,112.0,Voco: Admira Fusion Syringe refill ea : Voco: Admira Fusion Syringe refill ea A3 - 2756,0.49541346588341606,0.28309340907623776,2.9724807953004966,3.2555742043767344,3.9184257602862242,0.5461981850553739,,0.0,0.0,0.0
220,7787,12.0,,12.0,12.0,1,91,92.0,,Sparse,,0.0,111.99,,105.0,Voco: Admira Fusion Syringe refill ea : Voco: Admira Fusion Syringe refill ea A4 - 2759,0.16875,0.0,1.0125000000000002,1.0125000000000002,,,,0.0,0.0,0.0
221,7818,2.625,1.685018016012207,2.0,6.0,8,84,11.5,0.4120505344995141,Intermittent,3,0.4285714285714285,160.79,0.0,0.0,Dentsply: Aquasil Ultra Rigid Fast Cartridges 4/Pk - 678778,0.17264867223350017,0.07399228810007148,1.0358920334010011,1.1098843215010725,32.15624999999998,0.9666362099432841,,0.0,1.0,3.0
222,7831,3.0526315789473686,1.747178176073456,2.0,5.0,19,73,4.842105263157895,0.3275862068965517,Intermittent,,0.0,43.22,43.510714285714286,43.345,Shofu: Beautifil Flow Plus F00 Syringe : Shofu: Beautifil Flow Plus F00 Syringe A1 2.2 - 2001,0.817131760817518,0.0,4.902790564905108,4.902790564905108,,,,0.0,0.0,5.0
223,7832,3.0476190476190474,1.774153050787628,3.0,7.0,21,71,4.380952380952381,0.3388916015625,Smooth,10,1.4285714285714286,43.22,43.11142857142857,43.28,Shofu: Beautifil Flow Plus F00 Syringe : Shofu: Beautifil Flow Plus F00 Syringe A3 - 2003,0.745239773981292,1.064628248544703,4.471438643887752,5.536066892432455,92.87981859410421,0.9437482387618227,,1.0,3.0,8.0
224,7839,1.6944444444444444,0.9507724512038902,1.0,4.0,36,56,2.555555555555556,0.3148462394901523,Smooth,5,0.7142857142857143,167.97,158.69,158.69,Micrylium: BioSON  5L Bag in Box - 02-SON2-005,0.8182686753565424,0.5844776252546732,4.909612052139254,5.494089677393927,,,,0.0,1.0,6.0
225,7866,2.1666666666666665,1.465284553774253,2.0,6.0,18,74,5.111111111111111,0.4573616428820049,Intermittent,3,0.4285714285714285,28.35,99.99,99.99,Metrex: Cavicide1 Disinfectant 2.5 Gallon Bottle Ea - 11-5025,0.5320775067267838,0.22803321716862157,3.1924650403607027,3.4204982575293243,,,,0.0,1.0,5.0
226,7871,3.25,2.9154759474226504,2.5,10.0,8,84,11.5,0.804733727810651,Lumpy,20,2.857142857142857,280.79,,181.025,Dentsply: Cavitron Insert 30K 1000 FitGrip Slim ea - 82008,0.229926195270935,0.8074534161490683,1.6956521739130435,2.0364891581139957,2.011904761904762,0.4969636852669318,0.08695652173913043,0.0,1.0,3.0
227,7874,4.666666666666667,3.055050463303893,4.0,8.0,3,89,30.666666666666668,0.4285714285714285,Sparse,,0.0,310.39,234.705,0.0,Dentsply: Cavitron Inserts 25K-FSI-SLI-10S - 80392,0.08102893890675242,0.0,0.4861736334405145,0.4861736334405145,4.666666666666669,0.9056493884682587,,0.0,0.0,0.0
228,7905,5.214285714285714,2.044827298653527,4.0,9.0,14,78,6.571428571428571,0.1537884146253446,Intermittent,7,1.0,124.42,116.87142857142857,117.386,Kuraray: Clearfil Majesty ES-2 PLT Classic 20/Bx : Kuraray: CLEARFIL MAJESTY ES 2 Classic PLT A2 - 0.25 g x 20 -Each   - 3111KA,0.7641225888686476,0.7641225888686476,4.5847355332118855,5.348858122080533,,,,0.0,1.0,6.0
229,7908,2.125,0.7187952884282609,2.0,3.0,16,76,5.75,0.1144175317185697,Intermittent,7,1.0,153.23,138.13,151.64,Kuraray: CLEARFIL Photo Bond Catalyst (6 ml) - Each   - 073KA,0.4984734253775362,0.4984734253775362,2.990840552265217,3.489313977642753,,,,0.0,1.0,4.0
230,7911,2.4444444444444446,1.4240006242195884,2.0,5.0,9,83,10.22222222222222,0.3393595041322312,Intermittent,,0.0,88.99,90.455,92.1125,Accutron: ClearView Nasal Hoods Pedo Bubblegum - 33037-12,0.17036766774958195,0.0,1.0222060064974916,1.0222060064974916,,,,0.0,0.0,2.0
231,7929,1.4736842105263157,1.172292201564078,1.0,5.0,19,73,4.842105263157895,0.6327947845804989,Lumpy,3,0.4285714285714285,133.59,119.166,0.0,Garrison: Composi-Tight 5.6mm Molar 100/pk - FX175,0.27176863015832076,0.13043478260869562,1.826086956521739,1.7470840510177763,,,0.20652173913043478,0.0,1.0,3.0
232,7980,2.8461538461538463,3.791488443261381,2.0,19.0,26,66,3.5384615384615383,1.7746092037983925,Erratic,3,0.4285714285714285,90.39,43.61,43.61,Dentsply: Nupro Prophy Gems 200/Box : Dentsply: Nupro Prophy Gems 200/Box Medium Mint - 801222,1.0954312061283902,0.4694705169121671,6.572587236770341,7.042057753682508,0.702613372749482,0.09072217028706545,,0.0,1.0,8.0
233,8014,2.111111111111111,1.0540925533894598,3.0,3.0,9,83,10.22222222222222,0.2493074792243767,Intermittent,10,1.4285714285714286,221.0084,,244.5,Pulpdent: Embrace Varnish 5% Sodium Flu200 x 0.4ml - Fv200,0.16808543590311734,0.24012205129016762,1.008512615418704,1.2486346667088717,,,,0.0,1.0,3.0
234,8047,2.1875,1.5152007567755943,1.5,6.0,16,76,5.75,0.4797823129251702,Lumpy,1,0.1428571428571428,75.5,77.13,77.13,J&J: Ethicon Sutures 3-0 Plain Gut 612G 12/Bx- 612G,0.43075934585091347,0.05434782608695649,2.282608695652174,2.6460931245127544,44.170673076922874,0.9434797971067124,0.17391304347826086,0.0,1.0,4.0
235,8049,1.5,0.5477225575051661,1.5,2.0,6,86,15.333333333333334,0.1333333333333333,Sparse,1,0.1428571428571428,239.95,,217.41,J&J: Ethicon Sutures Chromic 4 635H - 635H,0.09752018035051994,0.013931454335788558,0.5851210821031196,0.5990525364389082,,,,0.0,0.0,0.0
236,8106,1.5714285714285714,0.5345224838248488,2.0,2.0,7,85,13.142857142857142,0.115702479338843,Intermittent,,0.0,219.53,217.86,217.86,EDS: Flexi-Post Ref 10Post Rem&Drill-0 Yell-Tita - 135-0,0.08860433860998759,0.0,0.5316260316599255,0.5316260316599255,,,,0.0,0.0,1.0
237,8122,1.2857142857142858,0.5606119105813882,1.0,3.0,21,71,4.380952380952381,0.1901234567901235,Smooth,3,0.4285714285714285,159.75,,200.95,GC: Fuji II LC Caps A3 Refill 50/pk - 442003,0.35550703736341427,0.15236015887003465,2.1330422241804854,2.28540238305052,,,,0.0,1.0,4.0
238,8140,2.458333333333333,1.5597983890531346,2.0,6.0,24,68,3.8333333333333335,0.4025829659143426,Smooth,6,0.8571428571428571,121.9,,70.787,Clinical: G5 All Purpose Desensitizer 10ml - 226110,0.6562385076323061,0.5624901493991195,3.9374310457938364,4.499921195192956,,,,1.0,2.0,6.0
239,8151,2.630434782608696,2.719139534257719,2.0,16.0,46,46,2.0,1.068582139957046,Erratic,21,3.0,19.45,27.88375,27.96,Keystone: Gelato Prophy Paste Cups 200 cups x 2g : Keystone: Gelato Prophy Paste Cups Medium Assorted - 24-02677,1.0905263281394322,3.2715789844182965,6.543157968836593,9.81473695325489,1.4526082546961816,0.12892196235108816,,7.0,11.0,18.0
240,8171,4.583333333333333,4.561864318522206,4.0,18.0,12,80,7.666666666666667,0.9906536438767848,Lumpy,4,0.5714285714285714,105.59,55.0,0.0,Voco: Grandio SO Heavy Flow Syringe : Voco: Grandio SO Heavy Flow Syringe A1 - 2684,0.9597132871903299,0.34161490683229806,3.58695652173913,6.306687315822168,1.2945455960161834,0.1703073186982635,0.13043478260869565,0.0,1.0,5.0
241,8236,6.96875,15.730562762937303,2.0,90.0,32,60,2.875,5.095405484824524,Erratic,7,1.0,9.91,9.86,9.869,J.Morita: Plastic Needles 100/Box 30 : J.Morita: Plastic Needles 100/Box 30 Short - 20-30GS,2.1380830202276324,2.1380830202276324,12.828498121365794,14.966581141593426,0.20194237355276284,0.013313251837010888,,5.0,8.0,21.0
242,8270,1.0,0.0,1.0,1.0,7,85,13.142857142857142,0.0,Intermittent,7,1.0,705.11,587.305,701.9,Kuraray: CLEARFIL SE Protect Value kit 5ml (Bond ) x3 - 6ml (Primer) x3  - Each   - 2872KA,0.0770528501443727,0.0770528501443727,0.46231710086623623,0.5393699510106089,,,,0.0,1.0,2.0
243,8274,3.163265306122449,3.2167979600289263,2.0,20.0,49,43,1.8775510204081636,1.0341328477280611,Erratic,5,0.7142857142857143,59.97,66.11,66.11,Micrylium: Lines 5L Bag in Box - 03-BLUE-005,1.3059982999517983,0.9328559285369988,7.83598979971079,8.768845728247788,1.392750259057345,0.13706018826150004,,7.0,8.0,16.0
244,8320,2.272727272727273,1.848832555474351,1.0,5.0,11,81,8.363636363636363,0.6617600000000001,Lumpy,3,0.4285714285714285,239.99,,230.0,Ivoclar: Multilink Automix Ref W-Opa - 615218WW,0.31876209095122376,0.11645962732919254,1.630434782608696,2.0491848704007243,4.509379509379507,0.6875558808695585,0.11956521739130435,0.0,1.0,3.0
245,8326,5.666666666666667,6.035249988545829,4.0,22.0,12,80,7.666666666666667,1.134318968229003,Lumpy,21,3.0,64.5,78.63166666666666,78.15,Keystone: Niteguard Laminate 12/Pk - 9602550,0.9964182936445467,2.217391304347826,4.434782608695652,8.96776464280092,1.0440065681444994,0.10427790908796776,0.13043478260869565,0.0,3.0,8.0
246,8356,2.375,1.3024701806293193,2.5,4.0,8,84,11.5,0.3007518796992482,Intermittent,4,0.5714285714285714,97.16,133.16,133.16,Ultradent: Opalescence 40% Boost In Office Patient Kit Each #4751-CN,0.23610958745674732,0.13491976426099847,1.4166575247404838,1.5515772890014823,,,,0.0,1.0,3.0
247,8372,2.631578947368421,2.361979544454408,2.0,10.0,19,73,4.842105263157895,0.8056000000000001,Lumpy,3,0.4285714285714285,60.79,37.52352941176471,60.79,Dentsply: Oraqix Dispenser - 66400,0.47643047610259015,0.23291925465838503,3.2608695652173907,3.0627673463737937,2.349624060150375,0.43411939079611034,0.20652173913043478,0.0,1.0,5.0
248,8399,1.7777777777777777,1.6414763002993509,1.0,6.0,9,83,10.22222222222222,0.8525390625000002,Lumpy,3,0.4285714285714285,123.89,,230.0,SDI: Permite 50 Capsules 2 Spill Regular Set - 4002303,0.17838532046866246,0.07453416149068323,1.0434782608695654,1.1467627744414013,3.4478114478114463,0.7504093482944951,0.09782608695652176,0.0,1.0,3.0
249,8466,5.0,10.21028892833107,1.0,32.0,9,83,10.22222222222222,4.17,Lumpy,4,0.5714285714285714,399.99,80.938,0.0,Voco: ProFluorid Varnish-200 Unidose : Voco: ProFluorid Varnish-200 Unidose Mint - 2231,0.7191088891006814,0.27950310559006214,2.934782608695653,4.725572699804478,0.251889168765743,0.050605946447581394,0.09782608695652176,0.0,1.0,4.0
250,8515,2.4761904761904763,0.9283882603225668,2.0,4.0,21,71,4.380952380952381,0.1405695266272189,Smooth,7,1.0,64.01,91.224,91.22428571428571,Flow X-Ray: Safe 'n' Sure OPT Barrier Envelopes #2 each - 80161,0.5788114010538349,0.5788114010538349,3.472868406323009,4.051679807376844,,,,0.0,1.0,5.0
251,8518,3.264705882352941,2.6777288378503266,2.0,10.0,34,58,2.7058823529411766,0.6727366186825648,Erratic,6,0.8571428571428571,89.38,78.54333333333334,81.8625,Air Techniques: ScanX Barrier Env 300/box Size #2 - 73248-2,0.7800768625887106,0.6686373107903233,4.680461175532264,5.349098486322587,2.729031868338388,0.3378296398452858,,7.0,8.0,13.0
252,8520,1.4,0.8944271909999159,1.0,3.0,5,87,18.4,0.4081632653061225,Sparse,,0.0,255.99,87.5,0.0,SDI: Riva Light Cure HV Caps A2 50/bx - 8730002,0.05756706466118778,0.0,0.3454023879671267,0.3454023879671267,,,,0.0,0.0,0.0
253,8548,24.0,38.89499341586926,6.5,141.0,40,52,2.3,2.626424501424502,Erratic,3,0.4285714285714285,55.19,15.42460251046025,0.0,Dentsply: Surefil SDR Flow Syr. Universal 2/pk - 61C130,16.286629862111052,6.979984226619021,97.7197791726663,104.69976339928533,0.38688343896390187,0.0036815661228528683,,19.0,26.0,124.0
254,8589,3.2033898305084745,2.398129019399895,3.0,11.0,59,33,1.5593220338983051,0.5604353278135434,Erratic,8,1.1428571428571428,51.28,,41.584,Bisco: Theracal LC Syringe - H3301P,2.2913053504791745,2.6186346862619136,13.747832102875048,16.36646678913696,4.027937522600814,0.19750209229119672,,2.0,5.0,19.0
255,8601,1.93939393939394,1.1973771841872225,1.0,5.0,33,59,2.787878787878788,0.3811798095703125,Smooth,3,0.4285714285714285,124.99,108.646,108.648,Premier: Traxodent Starter 7/Pk  - 9007093,0.8453184909724593,0.36227935327391103,5.071910945834755,5.434190299108666,,,,0.0,1.0,7.0
256,8622,1.8333333333333333,1.6020819787597222,1.0,5.0,6,86,15.333333333333334,0.7636363636363639,Sparse,,0.0,125.93,,87.99,Ultradent: Ultra-Etch 35% Indispence 30ml ea - 773685,0.1379315401988678,0.0,0.8275892411932069,0.8275892411932069,4.583333333333329,0.8470521006733085,,0.0,0.0,0.0
257,8654,1.5172413793103448,0.9110703930453145,1.0,4.0,29,63,3.1724137931034484,0.3605740850059032,Smooth,6,0.8571428571428571,36.37,,68.665,Ultradent: Viscostat Clear 30ml Syringe - 716408,0.5336262668037864,0.45739394297467406,3.2017576008227184,3.6591515437973925,,,,0.0,1.0,5.0
258,8728,1.9230769230769231,0.7595545253127499,2.0,3.0,13,79,7.076923076923077,0.1559999999999999,Intermittent,7,1.0,153.23,148.87,151.64,Kuraray: CLEARFIL Photo Bond Universal (6ml) - Each   - 074KA,0.40297178605642403,0.40297178605642403,2.4178307163385444,2.8208025023949683,,,,0.0,1.0,4.0
259,8835,10.142857142857142,17.6864220183033,4.0,50.0,7,85,13.142857142857142,3.0406004099715664,Lumpy,3,0.4285714285714285,637.59,450.9066666666667,0.0,Dentsply: Palodent Plus EZ Coat Intro Kit Ea - 659670,0.6466780945507038,0.3307453416149068,4.630434782608695,4.157216322111667,0.339903802930864,0.07558254916031387,0.07608695652173914,0.0,1.0,6.0
260,8918,3.733333333333333,4.697272380445055,2.0,25.0,30,62,3.066666666666667,1.583062104152006,Erratic,3,0.4285714285714285,53.59,54.39,54.39,Dentsply: XCP BAI Posterior Arm Yellow-540858 - 540858,2.131428508916986,0.9134693609644224,12.788571053501915,13.702040414466337,0.7603377644009698,0.052573494828947936,,0.0,1.0,14.0
261,11460,5.333333333333333,5.499311251640903,3.0,20.0,12,80,7.666666666666667,1.0632102272727275,Lumpy,,0.0,39.45,45.675,0.0,PDT: Cruise Line Scaler DE Yellow 204S EaÂ  - R135,0.8439293763471132,0.0,4.17391304347826,5.063576258082679,1.1419302514193026,0.184018862871348,0.13043478260869565,0.0,0.0,5.0
262,11503,3.28,1.884848285996645,3.0,10.0,50,42,1.84,0.3302213211280943,Smooth,3,0.4285714285714285,27.19,20.0,20.0,Dentsply: AimRight Adhesive : Dentsply: AimRight Adhesive WHITE B1073054 - B1073054,1.8894562533551502,0.8097669657236357,11.336737520130901,12.146504485854537,39.45820359281428,0.7646241023718652,,0.0,1.0,13.0
263,11624,1.625,1.1349200316590018,1.0,5.0,24,68,3.8333333333333335,0.4877797787496784,Erratic,,0.0,57.96,55.16,58.63,Microcopy: Neo Diamond Burs 25/pkg 0112M - ND0112.M,0.5412926336219395,0.0,3.247755801731637,3.247755801731637,,,,0.0,0.0,4.0
264,11630,2.090909090909091,1.3914118498945367,2.0,7.0,55,37,1.6727272727272726,0.4428341384863125,Smooth,5,0.7142857142857143,57.96,55.15111111111111,58.625,Microcopy: Neo Diamond Burs 25/pkg 0710C - ND0710C,1.2312090542359866,0.8794350387399904,7.3872543254159195,8.26668936415591,,,,2.0,3.0,11.0
265,11660,2.0,1.1881770515720091,2.0,5.0,35,57,2.628571428571429,0.3529411764705882,Smooth,5,0.7142857142857143,57.96,54.57833333333333,53.34,Microcopy: Neo Diamond Burs 25/pkg 1900F - ND1900F,0.7492123023426918,0.5351516445304941,4.495273814056151,5.030425458586644,,,,1.0,2.0,7.0
266,11672,1.5806451612903225,1.0574873852167097,1.0,6.0,31,61,2.967741935483871,0.4475912814105237,Smooth,5,0.7142857142857143,75.95,71.99428571428571,76.825,Microcopy: Neo Diamond Burs 3314.10VF- 25/pkg - ND3314.10VF,0.6632468318621646,0.4737477370444033,3.979480991172988,4.4532287282173915,,,,0.0,1.0,5.0
267,11703,2.357142857142857,1.6458405781822274,2.0,7.0,14,78,6.571428571428571,0.4875326693508511,Lumpy,,0.0,82.99,32.85,0.0,Premier: Two Striper FG 245 Diamond 5/Pk - 2013251,0.3554308245725086,0.0,2.1521739130434785,2.1325849474350513,15.800223214285731,0.8810791411917711,0.15217391304347827,0.0,0.0,3.0
268,11728,19.585365853658537,23.95514100329624,8.0,80.0,41,51,2.2439024390243905,1.4960085854881051,Erratic,20,2.857142857142857,280.79,126.31658536585364,133.3766666666667,Dentsply: Cavitron Powerline 30K-FSI-PWR-1000 Insert - 80799,11.171527398670007,31.918649710485735,67.02916439202004,98.94781410250577,0.6920654430616687,0.006945667198896727,,29.0,61.0,129.0
269,11762,9.975609756097562,6.973119118723158,10.0,30.0,41,51,2.2439024390243905,0.4886245299824844,Erratic,14,2.0,4.3,6.136666666666667,6.16,Crosstex: Comfort Plus Saliva Ejector 100/pk White - ZWWCP,6.323459424598227,12.646918849196455,37.940756547589366,50.58767539678582,2.5747976714905363,0.04843261652225497,,1.0,14.0,52.0
270,11782,2.1739130434782608,1.874522337048791,1.0,8.0,23,69,4.0,0.7435272727272726,Erratic,14,2.0,58.75,,82.906,Crosstex: CSR Wrap 15x15 500/cs - SW15,0.5386753900272587,1.0773507800545175,3.2320523401635524,4.30940312021807,3.5269975631653216,0.4500787677490897,,2.0,4.0,8.0
271,11826,1.4615384615384617,0.7762500258061847,1.0,3.0,13,79,7.076923076923077,0.2820867959372114,Intermittent,,0.0,86.45,85.754,87.57,Zirc: Crystal HD Mouth Mirrors Size 5 12/Pk - 50R381,0.2473641551596175,0.0,1.4841849309577049,1.4841849309577049,,,,0.0,0.0,2.0
272,11921,1.0,0.0,1.0,1.0,2,90,46.0,0.0,Sparse,,0.0,520.79,,554.82,Centrix: Encore D/C MiniMix Natural 36/Pk - 310254,0.0548780487804878,0.0,0.3292682926829268,0.3292682926829268,,,,0.0,0.0,0.0
273,12014,3.024390243902439,2.2966040677274866,2.0,10.0,41,51,2.2439024390243905,0.5766291623309051,Erratic,7,1.0,73.26,73.26,73.26,Germiphene: E20-S Waterline Cleaner 236ml Ea - E20-S,1.3279411383732864,1.3279411383732864,7.967646830239719,9.295587968613006,4.065305043294337,0.3042689616383652,,4.0,6.0,14.0
274,12094,15.565217391304348,6.07398391769447,15.0,30.0,23,69,4.0,0.1522779052974739,Smooth,7,1.0,5.4,5.257894736842105,5.4,DiaDent: H-Files 6/pk 25mm 15 - SS 503-203,3.8703705168442353,3.8703705168442353,23.22222310106541,27.092593617909646,11.359493344506399,0.29541942302402024,,8.0,12.0,36.0
275,12320,1.4444444444444444,0.8006407690254357,1.0,4.0,27,65,3.4074074074074074,0.3072371415566682,Smooth,3,0.4285714285714285,77.592,,93.09,Kerr: KWIK TRAYS -disposable crown and bridge 24/pk - 9244,0.4275383887835916,0.18323073805011067,2.5652303327015495,2.7484610707516604,,,,0.0,1.0,4.0
276,12443,17.192307692307693,35.32983989104675,5.0,202.0,52,40,1.7692307692307692,4.222940751554989,Erratic,3,0.4285714285714285,127.99,0.0,0.0,Dentsply: Palodent Plus Matrices 5.5mm 100/pk - 659740,7.5712464508587285,3.244819907510883,45.42747870515237,48.67229861266325,0.2401089977605634,0.004908958881619095,,53.0,57.0,103.0
277,12448,14.875,28.45180898963384,2.0,113.0,24,68,3.8333333333333335,3.658523255849656,Erratic,3,0.4285714285714285,239.19,144.43769230769232,0.0,Dentsply: Palodent Plus Dark Blue Narrow Ring 2/Pk - 659770,7.642105623139042,3.2751881242024456,45.85263373883425,49.127821863036694,0.27845098213552916,0.005635943901458218,,0.0,4.0,50.0
278,12485,1.0,0.0,1.0,1.0,15,77,6.133333333333334,0.0,Intermittent,6,0.8571428571428571,214.54,236.895,236.895,Whaledent: ParaPost Fiber Lux Intro Kit - PF170,0.11671655796120921,0.10004276396675074,0.7002993477672552,0.8003421117340059,,,,0.0,1.0,2.0
279,12504,1.6363636363636365,0.8090398349558905,1.0,3.0,11,81,8.363636363636363,0.2444444444444443,Intermittent,,0.0,77.46,85.13,85.13,Whaledent: ParaPost XP - Pack of 10 Steel 0.030 - P7443,0.16713104377286236,0.0,1.0027862626371742,1.0027862626371742,,,,0.0,0.0,2.0
280,12585,1.7,0.4830458915396479,2.0,2.0,10,82,9.2,0.0807381776239907,Intermittent,7,1.0,137.21,151.02,151.01666666666668,Dentamerica: Prophy Angles Bulk- 500/pk - 408B,0.2684845896248762,0.2684845896248762,1.6109075377492572,1.8793921273741334,,,,0.0,1.0,3.0
281,12656,14.029411764705882,9.624732327226898,10.0,40.0,34,58,2.7058823529411766,0.470650361319243,Smooth,14,2.0,164.0,5.68,5.68,Crosstex: Saliva Ejectors 100/PK Clear w/ Blue - ZCB,4.099051310814027,8.198102621628054,24.594307864884165,32.79241048651222,2.5039340853126593,0.07094032301892847,,19.0,28.0,53.0
282,12810,7.166666666666667,8.207719943240427,3.0,20.0,6,86,15.333333333333334,1.3116279069767436,Sparse,,0.0,42.85,41.63153846153846,41.546,ADA: Tri-Bite Posterior Metal Tray 10/pk  - 310-40055,0.6894766943094081,0.0,4.136860165856448,4.136860165856448,0.8531746031746035,0.17097568306929253,,0.0,0.0,0.0
283,12881,4.230769230769231,9.407163279400928,2.0,67.0,52,40,1.7692307692307692,4.944002592772647,Erratic,3,0.4285714285714285,54.39,11.61,0.0,Dentsply: XCP-DS Fit Anterior Bite Blocks 559901 - 559901,4.292730031110057,1.8397414419043099,25.756380186660344,27.596121628564653,0.21242070797264376,0.0076386854586601915,,0.0,2.0,28.0
284,12884,18.47058823529412,66.9213105714767,3.0,391.0,68,24,1.3529411764705883,13.127058528607316,Erratic,3,0.4285714285714285,54.39,33.99375,54.39,Dentsply: XCP-DS Fit Horizontal Bite Blocks Red 2/pk - 559903,42.15856809335275,18.06795775429403,252.95140856011648,271.0193663144105,0.07649401375493711,0.00028216592338348515,,0.0,19.0,272.0
285,12885,10.552238805970148,42.17685836184863,3.0,327.0,67,25,1.373134328358209,15.975675563110968,Erratic,3,0.4285714285714285,54.39,27.33086956521739,0.0,Dentsply: XCP-DS Fit Posterior Bite Blocks 559902 - 559902,15.558539170287396,6.667945358694597,93.35123502172438,100.01918038041897,0.0629686879732102,0.0006291700224200811,,0.0,7.0,101.0
286,12886,2.9,2.64365067451978,2.0,9.0,10,82,9.2,0.8310212709737086,Lumpy,3,0.4285714285714285,316.79,,299.0,Dentsply: XCP-DS Fit Sensor Holder Kit 559900 - 559900,0.3976359524758294,0.13509316770186333,1.891304347826087,2.556231123058903,2.05679347826087,0.4458665747571403,0.10869565217391305,0.0,1.0,3.0
287,13052,2.2222222222222223,1.7159383568311666,1.0,5.0,9,83,10.22222222222222,0.5962499999999998,Lumpy,20,2.857142857142857,284.79,113.17888888888888,0.0,Dentsply: Cavitron Inserts 30K-FSI-SLI-10L ea - 80396,0.20860114950804953,0.6211180124223604,1.304347826086957,1.8476101813570103,6.837606837606846,0.7872695434871898,0.09782608695652176,0.0,1.0,3.0
288,13568,1.6071428571428572,1.1001442906807544,1.0,6.0,28,64,3.2857142857142856,0.4685871056241425,Smooth,6,0.8571428571428571,343.49,233.7925,0.0,Air Techniques: ScanX Intraoral Phospher Plate Size 2 4/Pk 73445-2,0.3850223617880536,0.33001916724690306,2.310134170728322,2.640153337975225,,,,1.0,2.0,5.0
289,13858,2.891891891891892,1.8824302227555592,3.0,7.0,37,55,2.4864864864864864,0.4237148319600935,Smooth,7,1.0,122.99,61.55,61.75,Ace Surgical: W&H Irrigation Tubing 2.2M 6/Pk - 04363600,1.2342890035076228,1.2342890035076228,7.4057340210457365,8.64002302455336,12.833603188441893,0.5976448998947065,,1.0,3.0,11.0
290,13969,212.0,163.62558887085277,150.0,500.0,10,82,9.2,0.5957042838495313,Lumpy,7,1.0,0.0905,,0.9795,Beavers: Burs Friction Grip Carbide 57 - FG57,22.026088043285025,23.043478260869566,138.2608695652174,154.18261630299517,1.6920837307364087,0.010855409700036237,0.10869565217391305,4.0,28.0,167.0
291,13972,27.33333333333333,30.81434421700078,10.0,100.0,15,77,6.133333333333334,1.270927169202006,Lumpy,7,1.0,1.15,1.336,1.3246,Beavers: Burs Friction Grip Carbide 8 Surgical - FG8S,5.249558091486432,4.456521739130434,26.739130434782606,36.74690664040503,0.8101483699955246,0.021571136761686264,0.16304347826086957,0.0,5.0,32.0
292,14158,19.296703296703296,12.01526298366143,17.0,77.0,91,1,1.010989010989011,0.387704037039151,Smooth,6,0.8571428571428571,16.17,19.4,22.63283333333333,Whaledent: Endo Ice 6oz Mint Scent Can ea-H05032,25.93288790219077,22.228189630449233,155.59732741314463,177.82551704359386,2.9772385919769264,0.01646677663463217,,0.0,23.0,179.0
293,14166,3.608695652173913,3.555766901931222,2.0,12.0,46,46,2.0,0.9708811148207284,Erratic,14,2.0,111.7,12.819811320754717,13.27,Crosstex: Articulating Paper Horseshoe Red/Blue 12 sheets/book 6book/bx - TPH,1.6758294362480777,3.3516588724961554,10.054976617488466,13.406635489984621,1.4413943172783206,0.09707646980700832,,7.0,11.0,22.0
294,14175,2.736842105263158,2.0505312391117334,2.0,10.0,19,73,4.842105263157895,0.5613494411571336,Lumpy,3,0.4285714285714285,79.99,49.38333333333333,61.329,Dentsply: TPH Spectra Caps 20/box : Dentsply: TPH Spectra Caps 20/box A1 - TPHCAPSA1,0.6029495481299132,0.24223602484472045,3.391304347826087,3.8761042379780135,5.102956594673931,0.5683174097804597,0.20652173913043478,0.0,1.0,5.0
295,14176,6.666666666666667,6.2511537396646295,4.0,28.0,27,65,3.4074074074074074,0.8792307692307693,Erratic,3,0.4285714285714285,87.99,,71.10333333333334,Dentsply: Spectrum TPH3 Hybrid Composite Compules A2 20pk   - TPHCAPSA2,1.5819433152047762,0.6779757065163325,9.491659891228657,10.169635597744989,1.371308016877637,0.11882113479353282,,8.0,9.0,19.0
296,14198,5.444444444444445,10.865674994300218,2.0,68.0,54,38,1.7037037037037035,3.982963073562117,Erratic,3,0.4285714285714285,99.19,56.54176470588235,76.92,Dentsply: Surefil SDR Flow CompulaTip 15/pk : Dentsply: Surefil SDR Flow CompulaTip 15/pk A2 - 61C107,7.666105903334107,3.2854739585717594,45.996635420004644,49.2821093785764,0.26320710032245986,0.005312451691262455,,0.0,4.0,50.0
297,14199,3.4545454545454546,6.345056363795382,2.0,23.0,22,70,4.181818181818182,3.3735654926790675,Erratic,4,0.5714285714285714,167.99,129.0,0.0,Voco: Structur 2 SC 75 g Cartridges w/ 10 tips : Voco: Structur 2 SC 75 g Cartridges w/ 10 tips A3 - 1481,1.068810660052274,0.6107489486012994,6.4128639603136435,7.023612908914943,0.32424456277667274,0.04412776976497688,,0.0,1.0,8.0
298,14209,5.428571428571429,10.089707518169089,1.0,32.0,14,78,6.571428571428571,3.454506712124441,Lumpy,3,0.4285714285714285,195.95,147.9475,149.99,GC: G-Premio Bond 5ml Btl Ea - 012696,0.6658373968307718,0.35403726708074534,4.9565217391304355,4.280383265340676,0.30578270076559694,0.06667501852864938,0.15217391304347827,0.0,1.0,6.0
299,14215,11.384615384615383,18.836715805792107,5.0,90.0,39,53,2.358974358974359,2.737623024874093,Erratic,3,0.4285714285714285,99.19,61.383658536585365,0.0,Dentsply: Surefil SDR Flow CompulaTip 15/pk : Dentsply: Surefil SDR Flow Rll Univ 15/pk #61C101 - 61C101,12.20833084819846,5.232141792085053,73.24998508919076,78.48212688127582,0.3773890822895289,0.004785587099772336,,0.0,6.0,80.0
300,14221,17.75,33.46106479391917,5.5,100.0,8,84,11.5,3.553716666194349,Lumpy,6,0.8571428571428571,71.992,43.89,43.91,Kerr: Optibond S 6ml Btl. - 34614,0.8908859068487728,1.322981366459627,9.26086956521739,6.108931932677299,0.28592843483615854,0.04471222488120368,0.08695652173913043,0.0,2.0,12.0
301,14222,10.719101123595506,7.037220467635809,9.0,37.0,89,3,1.0337078651685394,0.431008245102822,Smooth,5,0.7142857142857143,55.0,39.40571428571429,45.973,HK: G-Desensitizer  5ml Btl,8.103131845048138,5.787951317891527,48.61879107028882,54.40674238818035,2.9610605101810092,0.05161537239672793,,26.0,32.0,81.0
302,14230,1.8857142857142857,1.4094518870286914,1.0,7.0,35,57,2.628571428571429,0.558661481121374,Erratic,3,0.4285714285714285,156.95,200.95,200.94666666666663,GC: Fuji II LC Caps A2 Refill 48/Pk - 442002,0.7656003399151483,0.32811443139220636,4.593602039490889,4.921716470883096,35.26285714285727,0.8775222422865224,,2.0,3.0,8.0
303,14483,14.22222222222222,20.33947994527993,4.0,50.0,9,83,10.22222222222222,2.0452423095703134,Lumpy,,0.0,108.0,2.16,2.16,"Flight Dental: Thermal Paper 2.25""x1 1/8  2/pk - 90012043",2.0064616667057633,0.0,8.347826086956523,12.03877000023458,0.5063471092259074,0.04036208708199801,0.09782608695652176,0.0,0.0,9.0
304,14498,51.6,27.48939189335892,50.0,100.0,25,67,3.68,0.2838120705887068,Smooth,7,1.0,0.6621,0.9794166666666668,0.97945,Beavers: Burs Friction Grip Carbide 1557 - BURS-FGCAR1557,13.682607031481522,13.682607031481522,82.09564218888913,95.77824922037065,3.7816873402139928,0.03798402721874721,,34.0,48.0,131.0
305,14517,3.675,2.2576082192875875,4.0,10.0,40,52,2.3,0.3773831179078992,Smooth,7,1.0,28.61,22.732307692307693,22.7322,ADA: Mynol Thin Blue  - 140-11003,1.1117045931378298,1.1117045931378298,6.670227558826978,7.781932151964808,9.498996844003605,0.5496809139265425,,6.0,8.0,15.0
306,14526,42.0,26.648294109517938,36.0,112.0,77,15,1.1948051948051948,0.4025689223057644,Smooth,14,2.0,17.0,12.657535211267604,13.25,Scican: Optim 33 TB 160 wipes can each SCI33W12-ALOE,31.6515537959586,63.3031075919172,189.9093227757516,253.2124303676688,2.640198511166253,0.010319215881172674,,66.0,130.0,320.0
307,14527,2.756097560975609,2.199778259335223,2.0,9.0,41,51,2.2439024390243905,0.637042838123581,Erratic,3,0.4285714285714285,41.57,67.6774358974359,69.16525,Metrex: Cavicide Disinfectant 2.5 Gallon Bottle (13-1025) Ea - 11-1025,1.0049888909887115,0.4307095247094477,6.029933345932269,6.460642870641717,3.6468269834923133,0.3608051308706831,,4.0,5.0,12.0
308,14670,1.7142857142857142,0.8967902788460658,1.5,4.0,28,64,3.2857142857142856,0.2736625514403293,Smooth,7,1.0,153.18,170.98,170.98,Brasseler: BC Endo Sequence Sealer ea - 5017560U0,0.21087685715895838,0.21087685715895838,1.2652611429537504,1.4761380001127087,,,,3.0,4.0,6.0
309,14673,1.0,0.0,1.0,1.0,6,86,15.333333333333334,0.0,Sparse,,0.0,309.99,257.5933333333333,383.99,GC: FujiCEM 2 Automix 2x13.3g With Mixing Tips Ea - 451000,0.05538925103885616,0.0,0.33233550623313696,0.33233550623313696,,,,0.0,0.0,0.0
310,14799,1.7777777777777777,1.301708279317776,1.0,5.0,9,83,10.22222222222222,0.5361328125000004,Lumpy,4,0.5714285714285714,236.79,192.75,0.0,Garrison: Compositight 3D Short Blue Ring 2/Pk - FX400,0.15397092026798923,0.09937888198757765,1.0434782608695654,1.011808904618215,,,0.09782608695652176,0.0,1.0,3.0
311,14803,1.5,0.5477225575051661,1.5,2.0,6,86,15.333333333333334,0.1333333333333333,Sparse,,0.0,209.59,,198.0,Dentsply: Maxiprobe Endoperio 30GA Probe-100/bx - MAXP301,0.10918442530038534,0.0,0.655106551802312,0.655106551802312,,,,0.0,0.0,0.0
312,14837,1.7777777777777777,0.7320844981409595,2.0,3.0,18,74,5.111111111111111,0.1695772058823529,Intermittent,14,2.0,98.0,,176.2,Silmet: Spherodon M- 50 Capsules Fast Set 2 Spill - 120472,0.29730630440072214,0.5946126088014443,1.7838378264043329,2.378450435205777,,,,0.0,1.0,3.0
313,14842,2.183673469387755,1.550181029586479,2.0,9.0,49,43,1.8775510204081636,0.5039523102454364,Erratic,3,0.4285714285714285,91.99,77.93,0.0,Dentsply: Palodent 100 STD Matrices 100/pk - 659010,1.2601766301502682,0.5400756986358292,7.5610597809016085,8.101135479537438,21.735168485999022,0.7284805956899032,,1.0,2.0,10.0
314,14855,1.4545454545454546,1.2135597524338355,1.0,5.0,11,81,8.363636363636363,0.6960937499999997,Lumpy,,0.0,177.59,104.93,163.0,Dentsply: I.R.M CAPS 50 Capsules - .34gm/cap - 610200,0.30172974029932165,0.0,1.0434782608695654,1.8103784417959299,116.36363636363988,0.9846804016536412,0.11956521739130435,0.0,0.0,2.0
315,14856,2.0307692307692307,1.4574081314231997,2.0,9.0,65,27,1.4153846153846157,0.5150403179522501,Erratic,3,0.4285714285714285,115.99,42.02111111111111,41.587,Dentsply: I.R.M Kit 1-1 Pkg - 38gm Pwd - 14ml Liq - 610007,1.2976598792495173,0.5561399482497931,7.785959275497104,8.342099223746898,44.216336241077926,0.8412795367676057,,2.0,3.0,11.0
316,14858,1.105263157894737,0.3153017676423058,1.0,2.0,19,73,4.842105263157895,0.0813807004283194,Intermittent,3,0.4285714285714285,158.08,145.04,96.41,GC: Fuji II LC 1-1 Pkg -15g pwd 6.8mL liq A2 - 003117,0.22876774038004888,0.09804331730573522,1.3726064422802933,1.4706497595860284,,,,0.0,1.0,3.0
317,14859,2.8,3.856240168258989,2.0,23.0,35,57,2.628571428571429,1.8967587034813924,Erratic,3,0.4285714285714285,178.19,0.0,204.415,GC: FujiCEM 2 Automix Paste  2x7.2ml Ea - 441000/004714,0.6189638200092618,0.26527020857539785,3.7137829200555705,3.9790531286309685,0.649512670565302,0.14032698221079346,,5.0,6.0,10.0
318,14860,2.0,1.224744871391589,2.0,4.0,9,83,10.22222222222222,0.3749999999999999,Intermittent,3,0.4285714285714285,339.99,,172.54,GC: Fuji IX GP Fast set 48 Caps A2 Ea - 442061,0.1444210115003596,0.06189471921443982,0.8665260690021577,0.9284207882165975,,,,0.0,1.0,2.0
319,14862,1.181818181818182,0.6030226891555273,1.0,3.0,11,81,8.363636363636363,0.2603550295857987,Intermittent,6,0.8571428571428571,107.78,124.03,124.03,GC: Fuji Type I Luting Yellow 35gmPwd -25gm liq Kit Ea - 901007,0.21119370069470522,0.18102317202403304,1.2671622041682313,1.4481853761922643,,,,0.0,1.0,3.0
320,14868,1.8205128205128205,1.232707650315799,1.0,5.0,39,53,2.358974358974359,0.4584929890685848,Smooth,6,0.8571428571428571,138.392,,62.41,Kerr: TempBond Automix Syringe 2x11.8gm each - 33215,0.597440035330333,0.5120914588545711,3.5846402119819976,4.096731670836569,,,,2.0,3.0,7.0
321,14869,2.796610169491525,1.9456375696178847,2.0,10.0,59,33,1.5593220338983051,0.4840163389379688,Erratic,6,0.8571428571428571,100.792,52.932,52.93142857142857,Kerr: TempBond Clear Automix Syringe 6gm eac - 33351,1.2300073109265826,1.0542919807942135,7.380043865559495,8.434335846353708,7.908853227551402,0.4839234981487997,,8.0,10.0,18.0
322,14870,1.3823529411764706,0.6969503213613096,1.0,3.0,34,58,2.7058823529411766,0.2541942741127892,Smooth,6,0.8571428571428571,79.992,38.875,38.87625,Kerr: TempBond NE Tubes 50gm Base-15gm Accelerator - 21370,0.5991870604955396,0.5135889089961768,3.5951223629732376,4.1087112719694145,,,,0.0,1.0,5.0
323,14871,1.6756756756756757,1.1560001454741848,1.0,7.0,37,55,2.4864864864864864,0.4759220719158284,Smooth,6,0.8571428571428571,79.992,39.6825,41.11,Kerr: TempBond Tubes Pkg - 50g Base 15g Accel - 00370,1.008584169058399,0.8645007163357705,6.0515050143503935,6.916005730686164,,,,0.0,1.0,8.0
324,14903,6.884615384615385,2.268513576365336,6.0,11.0,26,66,3.5384615384615383,0.1085733903436222,Smooth,3,0.4285714285714285,35.15,54.5,54.5,Denmat: Splash Cart : Denmat: Splash Cartridge Half-Time Heavy Body - SPD1233,1.3910059689548397,0.5961454152663598,8.346035813729038,8.942181228995398,,,,7.0,8.0,17.0
325,14913,3.6458333333333335,2.1975768408934435,3.0,9.0,48,44,1.9166666666666667,0.3633243595310464,Smooth,14,2.0,24.19,19.45673469387755,20.46727272727273,Mark 3: Bite Registration Super Fast Set - 0220,1.795802092960467,3.591604185920934,10.774812557762802,14.366416743683736,11.231078339575518,0.43875692926377924,,4.0,8.0,19.0
326,14914,3.5294117647058822,2.5493349592399293,3.0,10.0,34,58,2.7058823529411766,0.5217340067340068,Erratic,6,0.8571428571428571,79.992,,90.0,Kerr: Take 1 Advance 2 Cartridges Tray Fast Set Heavy Body - 33965,1.0012257935274247,0.8581935373092211,6.007354761164548,6.865548298473769,4.19461902408022,0.3792545719924613,,7.0,8.0,15.0
327,14917,3.8125,4.276247224211978,3.0,20.0,32,60,2.875,1.2580731853213234,Erratic,7,1.0,62.08,62.598333333333336,62.647,Parkell: Blu Mousse Bite Registration Super Fast Set - S457S,1.5676892284243904,1.5676892284243904,9.406135370546343,10.973824598970733,1.004239796629057,0.08383990630389082,,4.0,6.0,16.0
328,14977,2.6666666666666665,0.9128709291752768,2.0,5.0,21,71,4.380952380952381,0.1171875,Smooth,3,0.4285714285714285,85.59,67.5,0.0,Ivoclar: Tetric EvoCeram 3 gm Syringe : Ivoclar: Tetric EvoCeram 3g Syr A3 - 590314WW,0.4165348218289654,0.17851492364098515,2.4992089309737926,2.677723854614778,,,,2.0,3.0,6.0
329,14978,1.6415094339622642,0.9626553745248588,1.0,5.0,53,39,1.7358490566037736,0.3439180056302529,Smooth,6,0.8571428571428571,160.0,164.9575,171.71,Bisco: Theracal LC Kit #H33014P - 33014P,1.1940547513351762,1.0234755011444368,7.1643285080110575,8.187804009155494,,,,0.0,2.0,10.0
330,15010,2.3448275862068964,1.6317357556769658,2.0,7.0,29,63,3.1724137931034484,0.4842591448344042,Erratic,14,2.0,48.09,48.41888888888889,48.419,Silmet: ProFil Flow Syringe 1gm. 4/pk : Silmet: ProFil Flow Syringe 1gm. 4/pk A1 - 160003,1.140755426747183,2.281510853494366,6.844532560483099,9.126043413977465,17.304464047046284,0.6547155431111052,,0.0,3.0,10.0
331,15011,5.191780821917808,3.9988107059980815,4.0,16.0,73,19,1.2602739726027397,0.5932380417537861,Erratic,14,2.0,48.09,47.625,47.343,Silmet: ProFil Flow Syringe 1gm. 4/pk : Silmet: ProFil Flow Syringe 1gm. 4/pk A2 - 160004,2.9660946065948623,5.932189213189725,17.796567639569176,23.7287568527589,2.4960942081907938,0.0951804912977226,,19.0,25.0,43.0
332,15012,3.629032258064516,3.0040075471284444,3.0,12.0,62,30,1.4838709677419355,0.6852047763610605,Erratic,14,2.0,48.09,43.60166666666667,47.344,Silmet: ProFil Flow Syringe 1gm. 4/pk : Silmet: ProFil Flow Syringe 1gm. 4/pk A3 - 160005,1.4848428278716899,2.9696856557433797,8.90905696723014,11.878742622973519,2.4411129063877417,0.17047049821016091,,14.0,17.0,26.0
333,15020,5.888888888888889,4.361765697512878,5.0,25.0,81,11,1.1358024691358024,0.5486027055891776,Erratic,6,0.8571428571428571,34.94,43.89507462686567,45.37,Kavo: Kavo Spray- 500ml Bottle - 0.411.9660,4.172224007676381,3.5761920065797552,25.03334404605829,28.609536052638045,2.6399755644839176,0.08448053834663595,,17.0,21.0,47.0
334,15021,6.0,3.454776963997494,6.0,16.0,63,29,1.4603174603174602,0.3315412186379929,Smooth,3,0.4285714285714285,50.74,0.0,31.35,Kavo: Kavo Quattro Care Plus 500ml- 1.005.3845 - 1.005.4524,4.789792023311645,2.0527680099907046,28.738752139869874,30.791520149860578,6.065217391304348,0.1645619714585472,,0.0,3.0,32.0
335,15227,1.8125,1.0606601717798212,1.0,4.0,32,60,2.875,0.3424494649227109,Smooth,14,2.0,142.99,,90.3,Accutron: ClearView Nasal Hoods Adult Fresh Mint - 33035-16,0.7231866469932154,1.4463732939864309,4.339119881959292,5.7854931759457235,,,,0.0,2.0,7.0
336,15232,9.266666666666667,2.3135213317324204,10.0,10.0,15,77,6.133333333333334,0.0623304028924855,Intermittent,7,1.0,16.23,15.82125,16.23,Medicom: SafeMask TailorMade Level 3 Procedure Earloop Face Mask - Blue - 50/Box  - 2072,1.6589792040804332,1.6589792040804332,9.9538752244826,11.612854428563033,,,,0.0,2.0,12.0
337,15275,8.0,4.195235392680607,7.0,13.0,6,86,15.333333333333334,0.2750000000000001,Sparse,,0.0,51.99,52.454,0.0,PDT: Curette Queen of Hearts DE Ea  - R144,0.5185716040787911,0.0,3.1114296244727466,3.1114296244727466,6.666666666666661,0.6817959721574615,,0.0,0.0,0.0
338,15312,4.521739130434782,3.087652318177139,4.0,10.0,23,69,4.0,0.466278913394298,Smooth,42,6.0,113.99,147.35,147.7725,Young : Elite Flex Cups- 144/pk - 059901,0.9052059391941016,5.43123563516461,5.43123563516461,10.86247127032922,4.079550130297629,0.27302531705157934,,6.0,12.0,18.0
339,15379,22.857142857142858,17.04336206492693,20.0,60.0,7,85,13.142857142857142,0.5559895833333331,Lumpy,7,1.0,0.0904727273,0.66425,0.96315,Beavers: Burs Friction Grip Carbide 1558 - BURS-FGCAR1558,1.6212464211998137,1.7391304347826089,10.434782608695652,11.348724948398695,1.9522114895780378,0.1467724846804093,0.07608695652173914,0.0,2.0,13.0
340,15469,1.9285714285714288,1.3323893290032802,1.0,7.0,42,50,2.1904761904761907,0.4772993408946433,Erratic,14,2.0,0.0,,142.8,SciCan: HIP Hydrim Ultra Washer Detergent 8x750ml ea - CS-HIPC-U,0.9188449473413828,1.8376898946827656,5.513069684048297,7.350759578731062,,,,2.0,4.0,10.0
341,15484,5.655172413793103,3.2544020963805487,6.0,12.0,29,63,3.1724137931034484,0.3311697968896065,Smooth,7,1.0,0.477083333333333,11.45,11.45,Germiphene: IC-Gel HandSan 480m GingerCitrus Sc - IC-GEL-G-C,1.6933018635013537,1.6933018635013537,10.159811181008122,11.853113044509476,6.479179571890698,0.3534298577633649,,4.0,6.0,17.0
342,15489,4.181818181818182,3.186019099652305,3.0,18.0,77,15,1.1948051948051948,0.5804521938115612,Erratic,14,2.0,146.54,136.5,136.5,SciCan: Hydrim Cleaning Solution 2 x 3.8 L  - CS-HIPL,3.0253727397511176,6.050745479502235,18.152236438506705,24.20298191800894,2.9297868464201113,0.10797964895720667,,11.0,18.0,37.0
343,15552,2.764705882352941,1.4374200745044,3.0,6.0,17,75,5.411764705882353,0.2703146220009053,Intermittent,7,1.0,12.125,48.5,48.5,Germiphene: Microvac 4L. - G-MICROVAC-XXL,0.4679884990740274,0.4679884990740274,2.807930994444164,3.2759194935181917,,,,0.0,1.0,4.0
344,15554,1.813953488372093,1.0523401123547818,2.0,6.0,43,49,2.13953488372093,0.3365580288657212,Smooth,7,1.0,17.9125,63.66833333333334,93.59,Germiphene: Oro-clense Chlorhexidine 4l Ea  - OC-O,0.5740681878097176,0.5740681878097176,3.4444091268583055,4.018477314668023,,,,2.0,3.0,7.0
345,15557,43.51219512195122,30.98117465133096,41.0,124.0,82,10,1.1219512195121952,0.5069600925286657,Erratic,14,2.0,223.16,12.8671375464684,13.25,Scican: Optim 33 TB SciCan 160 wipes/can - SCI33W12-Unscented,41.733682301480535,83.46736460296107,250.4020938088832,333.8694584118443,2.0662094940959723,0.006150610642137878,,50.0,134.0,385.0
346,15564,11.175,7.909382613917051,10.0,30.0,40,52,2.3,0.5009450692077599,Erratic,7,1.0,15.9,15.785,15.895,Medicom: SafeMask Premier Elite Level 3 Procedure Earloop Face Mask - Pink - 50/Box  - 2046,4.600454118827926,4.600454118827926,27.602724712967557,32.20317883179548,2.43037220240026,0.07017392470095286,,18.0,23.0,51.0
347,15577,2.5531914893617023,1.874410175498669,2.0,9.0,47,45,1.9574468085106385,0.5389673913043478,Erratic,3,0.4285714285714285,82.49,61.36,61.36,Premier: Triple Tray Posterior Bite Registration - 1006203,1.241624316752619,0.5321247071796938,7.4497459005157145,7.9818706076954085,6.788832861886606,0.45961472829423194,,3.0,4.0,12.0
348,15583,2.5789473684210527,2.27360386560535,2.0,11.0,38,54,2.421052631578948,0.7772212028771796,Erratic,7,1.0,6.44,5.5425,5.542,Plasdent: Retainer Boxes - 12/box : Plasdent: Retainer Boxes - 12/box Assorted - TC2002-TCA,1.1951467112867546,1.1951467112867546,7.170880267720528,8.366026979007282,2.5676175612011902,0.23483638522898542,,2.0,4.0,12.0
349,15617,4.053333333333334,2.967815345995759,3.0,12.0,75,17,1.2266666666666666,0.5361040793217038,Erratic,3,0.4285714285714285,25.17,34.094166666666666,35.68,Bunzl: White Swan 01890 Paper Towel 90 x 24 rolls/cs - 01890,2.9797177544577877,1.277021894767623,17.878306526746726,19.155328421514348,3.4555019958567037,0.15282508125849156,,6.0,8.0,26.0
350,15619,1.5777777777777775,0.6567443424294808,1.0,3.0,45,47,2.0444444444444443,0.1732610773475681,Smooth,3,0.4285714285714285,28.95,40.56142857142857,41.4,Bunzl: White Swan 01900 Value Singlefold 250 x 16/cs - 01900,0.8013263914349523,0.3434255963292652,4.807958348609714,5.151383944938979,,,,0.0,1.0,6.0
351,15630,2.484848484848485,1.4384010807134668,2.0,6.0,66,26,1.393939393939394,0.3350890037981056,Smooth,3,0.4285714285714285,25.84,33.695454545454545,35.11,Bunzl: White Swan 05144 2 ply Bathroom Tissue 48 rolls/cs - 05144,1.5827742439086907,0.6783318188180102,9.496645463452143,10.174977282270154,,,,1.0,2.0,12.0
352,15631,2.4776119402985075,1.6729416022993016,2.0,8.0,67,25,1.373134328358209,0.455926663939438,Smooth,3,0.4285714285714285,23.5,36.60727272727273,37.82,Bunzl: White Swan 8301 FacialTissue 100x30 bxs/cs - 8301,1.2505934000822563,0.5359686000352526,7.503560400493537,8.03952900052879,19.11599747740169,0.7039450143946728,,4.0,5.0,13.0
353,15670,3.579710144927536,2.5345019066373786,3.0,14.0,69,23,1.3333333333333333,0.50129055211719,Erratic,3,0.4285714285714285,13.86,18.388823529411766,18.3892,"Ultradent: Ultrapack Retraction Cord #00, Purple/Yellow (Orange) #710136",3.3912594264648974,1.4533968970563844,20.347556558789385,21.80095345584577,4.505756264553576,0.1712778341511717,,0.0,2.0,23.0
354,15671,2.5416666666666665,1.934659608669815,2.0,9.0,48,44,1.9166666666666667,0.5793912640733735,Erratic,3,0.4285714285714285,13.86,21.006666666666668,21.205,"Ultradent: Ultrapack Retraction Cord #000, Black #710137",1.0603597657935144,0.4544398996257918,6.362158594761087,6.816598494386878,5.377829028290275,0.4410070926486291,,5.0,6.0,13.0
355,16477,3.7222222222222223,3.667381291138296,3.0,19.0,54,38,1.7037037037037035,0.9707503036773328,Erratic,3,0.4285714285714285,51.19,28.06888888888889,49.0,Ivoclar: Tetric Evo Flow 2gm Syringe : Ivoclar: Tetric Evo Flow 2gm Syringe A3 - 595955WW,1.7556065893586625,0.7524028240108552,10.533639536151975,11.286042360162831,1.424311542145594,0.11205915689624614,,8.0,9.0,20.0
356,16675,9.594594594594597,7.998148619539672,8.0,37.0,74,18,1.2432432432432432,0.6949053922221343,Erratic,3,0.4285714285714285,,37.15708333333333,49.0,Ivoclar: Tetric Evo Flow 2gm Syringe : Ivoclar: Tetric Evo Flow 2gm Syringe A2 Ea - 595954WW,4.02496829435322,1.7249864118656655,24.149809766119322,25.874796177984987,1.692963926484956,0.061411007643325084,,36.0,38.0,63.0
357,16692,1.948717948717949,1.1227015807445038,2.0,6.0,39,53,2.358974358974359,0.3319179180638575,Smooth,6,0.8571428571428571,137.592,61.25,61.25,Kerr: TempBond NE Automix Syringe 2 x 11.8g ea - 33217,0.6924627991768297,0.5935395421515683,4.154776795060979,4.748316337212547,,,,2.0,3.0,8.0
358,16697,2.986666666666667,1.9486192848058128,3.0,10.0,75,17,1.2266666666666666,0.4256772916092113,Smooth,7,1.0,10.75,10.144444444444444,11.0,Almedic: Surgical Blade 100/box #15 - M90-15,1.856728769813897,1.856728769813897,11.140372618883383,12.99710138869728,11.006444345635096,0.45853410439660713,,7.0,9.0,21.0
359,16721,4.535714285714286,3.282751136844678,3.0,14.0,28,64,3.2857142857142856,0.5238229735718731,Erratic,3,0.4285714285714285,87.99,33.79,69.204,Dentsply: TPH Spectra Caps 20/box : Dentsply: TPH Spectra Caps 20/box A3 - TPHCAPSA3,2.1152129427548974,0.9065198326092415,12.691277656529383,13.597797489138625,3.2965163810331255,0.19512579240364336,,0.0,1.0,14.0
360,16731,3.0384615384615383,3.883099475736044,1.5,16.0,26,66,3.5384615384615383,1.6332382630988624,Erratic,14,2.0,151.99,,26.67,Dentsply: Zoe B&T Cement Standard Pk Ea - 610103,1.4735326371116246,2.9470652742232493,8.841195822669748,11.788261096892997,0.7667980498928619,0.061074825767679884,,0.0,3.0,12.0
361,16739,1.4444444444444444,0.5113099925649136,1.0,2.0,18,74,5.111111111111111,0.1253045596936999,Intermittent,4,0.5714285714285714,511.99,498.975,0.0,Voco: Futurabond DC Single Dose - 200/kit- 1165,0.21844145425610342,0.12482368814634481,1.3106487255366206,1.4354724136829655,,,,0.0,1.0,3.0
362,16954,1.85,0.8750939799154206,2.0,4.0,20,72,4.6,0.2237514897543346,Smooth,4,0.5714285714285714,127.99,,135.0,Voco: Grandio 20 X .25gm Compule : Voco: Grandio 20 X .25gm Compule A3.5 - 1843,0.2932110977090091,0.16754919869086235,1.7592665862540546,1.926815784944917,,,,2.0,3.0,5.0
363,16958,4.173913043478261,2.7741038505998734,4.0,8.0,23,69,4.0,0.4417317708333333,Smooth,3,0.4285714285714285,96.79,105.0,105.0,Kerr: Elements Obturation Unit Cartridges Silver - Gutta Percha 23 Gauge Medium Body - 10/Pack - 972-1002,0.7578406490618509,0.324788849597936,4.547043894371106,4.871832743969041,4.9468599033816405,0.5038206287795781,,3.0,4.0,9.0
364,16981,12.636363636363637,8.185617203627897,12.0,24.0,22,70,4.181818181818182,0.4196223699355006,Smooth,3,0.4285714285714285,11.19,,12.22,Sunstar: GUM End-Tuft Brush Soft Tapered 12/Pk - 308PD,3.7890598466981196,1.623882791442051,22.734359080188717,24.358241871630767,2.9369810856394194,0.10760055304318894,,0.0,2.0,25.0
365,17115,1.8928571428571428,1.227441956515157,2.0,6.0,28,64,3.2857142857142856,0.4205002439249502,Smooth,6,0.8571428571428571,118.95,128.84333333333333,128.845,Clinical: Template 4 Pack- 028904,0.5362621554725022,0.4596532761192876,3.2175729328350133,3.677226208954301,,,,1.0,2.0,6.0
366,17133,9.2,7.636379097077732,6.0,30.0,15,77,6.133333333333334,0.6889684039967595,Lumpy,7,1.0,15.9,15.894545454545456,15.895,Medicom: Safe Masks Premier Elite 50/box : Medicom: Safe Masks Premier Elite 50/box : Medicom: SafeMask Premier Elite Level 3 Procedure Earloop Face Mask - White - 50/Box  - 2047,2.0241156480184457,1.5,9.0,14.16880953612912,1.7233275159976722,0.10843900416571382,0.16304347826086957,0.0,2.0,11.0
367,17146,2.076923076923077,1.0377490433255416,2.0,4.0,13,79,7.076923076923077,0.2496570644718792,Intermittent,20,2.857142857142857,280.79,187.03,265.0,Dentsply: Cavitron FSI SlimLINE 30K 10S FITGRIP Ea - 82005,0.27930907895211254,0.7980259398631787,1.6758544737126753,2.473880413575854,,,,0.0,1.0,3.0
368,17232,1.4615384615384617,1.126601424298216,1.0,5.0,13,79,7.076923076923077,0.5941828254847643,Lumpy,7,1.0,286.08,150.275,300.55,Sable: Bio-Pure eVac Cleaner 48 oz # 2801003 - 2801003,0.19437338540710386,0.20652173913043484,1.2391304347826089,1.360613697849727,,,0.14130434782608697,0.0,1.0,3.0
369,17240,4.352941176470588,3.2004135762153507,3.0,11.0,17,75,5.411764705882353,0.5405633674214757,Lumpy,3,0.4285714285714285,34.85,16.595,0.0,Sunstar: GUM Proxabrush Interdental Cleaners Wide 36/Bx - 1614PE,0.9546361427895576,0.3447204968944098,4.826086956521739,6.136946632218583,3.217155026804728,0.3439298763341258,0.18478260869565216,0.0,1.0,6.0
370,17295,1.318181818181818,0.7162311170195085,1.0,4.0,22,70,4.181818181818182,0.2952267708510278,Smooth,7,1.0,149.99,140.26,170.39,NSK: Surg Irrigation Tube Z263001 Y900114 10/Pk,0.27143011345187723,0.27143011345187723,1.6285806807112633,1.9000107941631406,,,,1.0,2.0,4.0
371,17394,1.6296296296296295,0.6877023141843227,2.0,3.0,27,65,3.4074074074074074,0.1780832803560076,Smooth,7,1.0,104.8,103.17,105.02666666666669,Kuraray: CLEARFIL SE Protect - Primer(6ml) - Each   - 2882KA,0.8093906502271995,0.8093906502271995,4.856343901363196,5.665734551590396,,,,0.0,1.0,6.0
372,17414,4.416666666666667,3.3698754585385804,3.0,12.0,12,80,7.666666666666667,0.5821547622900417,Lumpy,20,2.857142857142857,280.79,148.0,148.0,Dentsply: Cavitron THINsert 30K Insert Ultrasonic Ea -81551,0.7543729390879228,1.6459627329192548,3.4565217391304346,6.681588889064459,2.8110443959243083,0.2961290414925825,0.13043478260869565,0.0,2.0,6.0
373,17573,47.5,43.996753126955696,25.0,100.0,8,84,11.5,0.8579343094578552,Lumpy,7,1.0,2.29,3.162555555555556,3.1626,Beavers: Burs Friction Grip Finishing 7008 - TF7008,4.388300287573784,4.130434782608695,24.782608695652172,30.71810201301649,1.1949120484206543,0.03744278262530379,0.08695652173913043,0.0,5.0,30.0
374,17715,3.2142857142857144,2.082105865503681,2.5,8.0,14,78,6.571428571428571,0.4196011396011394,Intermittent,7,1.0,153.18,,170.98,Brasseler: BC Sealer HiFlow 1.5gm ea - 5026825U0,0.7341392921904643,0.7341392921904643,4.404835753142786,5.13897504533325,9.217436974789935,0.6420432181710848,,0.0,1.0,6.0
375,17733,2.142857142857143,1.7032612545052803,1.5,7.0,14,78,6.571428571428571,0.6317948717948719,Lumpy,10,1.4285714285714286,82.1863,90.594,90.30666666666669,Pulpdent: Embrace Wetbond Sealant Natural Kit 4x1.2ml - EMS,0.34848936900385996,0.46583850931677023,1.9565217391304348,2.5887781697429597,6.055900621118009,0.7005350652843482,0.15217391304347827,0.0,1.0,3.0
376,17822,1.375,0.5175491695067657,1.0,2.0,8,84,11.5,0.1416765053128689,Intermittent,,0.0,118.76,,204.79,DenMat: Perfectemp II Cartridge A2 - SPD1301,0.05897764436087265,0.0,0.35386586616523585,0.35386586616523585,,,,0.0,0.0,1.0
377,17927,1.4,0.6746646676632054,1.0,4.0,30,62,3.066666666666667,0.2322308233638283,Smooth,14,2.0,131.19,128.0,128.0,SciCan: Hydrim Refill Indicator Strip 96/pk - WTI-RK,0.6196132627887388,1.2392265255774777,3.717679576732433,4.956906102309911,,,,0.0,2.0,6.0
378,18004,2.0,1.3130643285972254,2.0,7.0,30,62,3.066666666666667,0.4310344827586206,Smooth,3,0.4285714285714285,55.99,,58.0,Ivoclar: Optrasculpt Pad 4mm 60/pk - 639792AN,0.8685280089035129,0.37222628953007686,5.211168053421077,5.583394342951154,,,,0.0,1.0,7.0
379,18126,8.734375,8.808801852656527,5.5,45.0,64,28,1.4375,1.0171148945538429,Erratic,14,2.0,2.42,,3.4585,Mark 3: Surgical Aspirator 25/pkg White - 2601,4.163929258298595,8.32785851659719,24.983575549791574,33.31143406638876,1.1078801220799148,0.03218774540403487,,33.0,42.0,67.0
380,18289,2.5609756097560976,1.5499803303236608,2.0,8.0,41,51,2.2439024390243905,0.3663038548752835,Smooth,3,0.4285714285714285,111.19,110.135,110.132,Tokuyama: Omnichroma PLT Refill 20/pk - 10126,1.0621259402918506,0.45519683155365015,6.3727556417511035,6.827952473304753,,,,2.0,3.0,10.0
381,18547,1.680851063829787,1.5618604148888175,1.0,10.0,47,45,1.9574468085106385,0.8634276836906014,Erratic,5,0.7142857142857143,167.97,158.69,158.69,Micrylium: BioVAC 5L Bag in Box - 03-VAC2-005,0.9750693704442344,0.6964781217458818,5.850416222665406,6.546894344411288,3.724519979242346,0.36261023670959275,,1.0,2.0,8.0
382,18548,19.2987012987013,26.581089902343088,11.0,167.0,77,15,1.1948051948051948,1.8970964009583056,Erratic,14,2.0,9.59,3.1908,3.1356,Mark 3: Tofflemire Matrix Band 36/pk Adult #1 Univ.0015- 810015,24.74314311414125,49.4862862282825,148.4588586848475,197.94514491313,0.5419233406443177,0.002730270266027836,,0.0,50.0,199.0
383,18549,4.307692307692308,3.221260346296692,4.0,16.0,39,53,2.358974358974359,0.5591937432867884,Erratic,14,2.0,,3.1533333333333333,3.136,Mark 3: Tofflemire Matrix Band 36/pk Pedo #13 Univ.0015- 8130015,1.6064169157346304,3.212833831469261,9.638501494407782,12.851335325877043,3.0576281623646544,0.19219530955769337,,8.0,12.0,22.0
384,18551,4.173913043478261,3.3751006426218,3.0,15.0,46,46,2.0,0.6538628472222222,Erratic,14,2.0,,6.244285714285715,6.343,Mark 3: Dead Soft  Matrix Band 36/pk Adult Univ.001- 81001DS,1.2539025659646517,2.5078051319293033,7.52341539578791,10.031220527717213,2.4138292299633313,0.19395898585890511,,13.0,16.0,24.0
385,19273,9.961538461538462,15.74923685574833,3.0,63.0,26,66,3.5384615384615383,2.499575140501782,Erratic,3,0.4285714285714285,309.59,223.57,0.0,Dentsply: Surefil SDR Flow CompulaTip 15/pk : Dentsply: Surefil SDR Flow+ Bulk Refill Universal 50/pk - 61C103,7.901457355155281,3.38633886649512,47.40874413093169,50.79508299742681,0.41680750590282084,0.008138881455190984,,0.0,4.0,52.0
386,19641,1.0714285714285714,0.2672612419124244,1.0,2.0,14,78,6.571428571428571,0.0622222222222222,Intermittent,,0.0,,130.535,129.04,Accutron: Personal Inhaler Plus Small #1 24/Pk - 33017-1,0.14244001077828394,0.0,0.8546400646697037,0.8546400646697037,,,,0.0,0.0,1.0
387,19659,20.214285714285715,22.32646186637953,16.0,120.0,28,64,3.2857142857142856,1.219896568770945,Erratic,14,2.0,17.0,10.03125,10.03,Scican: Optim Blue 160 wipes can/each-OPTEUBLUE-12W,2.8857609470491132,5.7715218940982265,17.314565682294678,23.086087576392906,0.85438932820848,0.03568806634943289,,46.0,52.0,70.0
388,19728,3.342857142857143,2.071414082823859,3.0,10.0,35,57,2.628571428571429,0.3839708138350673,Smooth,7,1.0,6.75,6.912857142857143,6.95,3D: Anterior Arm Blue - 3D-VXA-A,1.8307738477357847,1.8307738477357847,10.984643086414708,12.815416934150493,11.78890577507597,0.479139617635368,,0.0,2.0,13.0
389,19729,4.945945945945946,3.807492218901701,4.0,20.0,37,55,2.4864864864864864,0.5926241120633311,Erratic,7,1.0,6.75,6.8945,6.95,3D: Bite Wing Arm Red - 3D-VXA-BW,2.5350105931225393,2.5350105931225393,15.210063558735236,17.745074151857775,2.561224012882556,0.12612953833849647,,3.0,6.0,22.0
390,19730,3.40625,2.284017046995872,2.0,9.0,32,60,2.875,0.4496200222094916,Smooth,7,1.0,6.75,6.949166666666667,6.949166666666667,3D: Posterior Arm Yelow - 3D-VXA-P,1.5385756843740723,1.5385756843740723,9.231454106244435,10.770029790618507,6.408529370824047,0.3730539511839884,,0.0,2.0,12.0
391,19743,5.972972972972973,3.854913794154205,5.0,17.0,37,55,2.4864864864864864,0.416531875541724,Smooth,180,25.714285714285715,71.0,70.10781617854789,70.11,Generic: Disposable Isolation Gown Blue 20/bx - DISGOW,1.8481545248409377,47.52397349590983,11.088927149045626,58.61290064495545,4.014273777071542,0.06409795450806187,,29.0,77.0,89.0
392,19779,5.5,2.8809720581775866,4.5,10.0,6,86,15.333333333333334,0.2743801652892562,Sparse,,0.0,81.59,,85.0,Miltex: Self-Aspirating Syringe 1.8cc Ea - 76-100,0.21902782219379593,0.0,1.3141669331627757,1.3141669331627757,10.803571428571432,0.891550147896187,,0.0,0.0,0.0
393,19888,3.4285714285714284,2.914579475527089,2.0,14.0,42,50,2.1904761904761907,0.7226456639566394,Erratic,7,1.0,29.75,29.288,29.198,3D: Ultrasonic Cleaning Tablets 64/Box - PRST-UT,1.7617691751689157,1.7617691751689157,10.570615051013494,12.332384226182409,2.3202986834348605,0.1583531628813134,,3.0,5.0,16.0
394,19896,3.8181818181818175,4.147705775903494,2.0,20.0,22,70,4.181818181818182,1.1800561494439048,Erratic,6,0.8571428571428571,103.19,,96.633,Air Techniques: Monarch Cleanstream Evacuation System Cleaner 2.5L/Bottle - 57850,2.2113737349585216,1.8954632013930184,13.26824240975113,15.163705611144149,1.0891450076443605,0.06701255264016852,,0.0,2.0,16.0
395,20242,3.357142857142857,2.3603873774083293,3.0,10.0,28,64,3.2857142857142856,0.4943413309189678,Erratic,6,0.8571428571428571,181.592,81.72,81.14875,Kerr: Optibond Universal Bottle 5ml Ea - 36519,0.7555659503410792,0.6476279574352107,4.533395702046475,5.181023659481686,5.0898617511520765,0.49556212027079827,,5.0,6.0,11.0
396,20319,3.3846153846153846,2.529982157367753,3.0,14.0,39,53,2.358974358974359,0.5587483688560243,Erratic,7,1.0,58.08,,58.083333333333336,Medicom: Duraflor Ultra 5% Sodium Fluoride White Varnish Unit Dose Bubble Gum 0.4mL x 30/Packs  - 1031-BG30,1.6454862804317139,1.6454862804317139,9.872917682590284,11.518403963021997,3.798038203407332,0.2479713083585361,,3.0,5.0,15.0
397,20354,1.1764705882352942,0.3929526239966879,1.0,2.0,17,75,5.411764705882353,0.1115625,Intermittent,6,0.8571428571428571,303.99,226.5,226.5075,Air Techniques: ScanX Barrier Envelopes IO 1000/pk Size #2 - 73248-2K,0.2433826939338256,0.2086137376575648,1.4602961636029537,1.6689099012605184,,,,0.0,1.0,3.0
398,20398,17.555555555555557,7.927778579313021,12.0,36.0,18,74,5.111111111111111,0.203926595473953,Intermittent,14,2.0,23.0,14.587412280701754,14.52,"Scican: Optim1 Disinfectant Wipes - 6""x 7"" Large -160/ Can - SCI1W12",3.4788556257910774,6.957711251582155,20.873133754746465,27.83084500632862,6.804361071027739,0.19645793519549065,,5.0,12.0,33.0
399,20470,45.82222222222222,25.40396225743198,40.5,134.0,90,2,1.022222222222222,0.3073623183760935,Smooth,90,12.857142857142858,12.5,19.457975528364848,19.50135,Integron: Chemical Integrator Strips Class V 250/pk - IT26-C,24.17056265948737,310.7643770505519,145.0233759569242,455.7877530074761,3.502150456729464,0.007625141398307271,,453.0,764.0,910.0
400,20512,5.596491228070176,6.657057611294968,3.0,34.0,57,35,1.6140350877192982,1.4149235533680462,Erratic,14,2.0,31.17,19.415128205128205,19.029545454545456,Mark 3: Bite Registration Regular Set - 0218,1.4416510284706598,2.8833020569413197,8.649906170823959,11.533208227765279,0.8089043100655825,0.06554018265399388,,29.0,32.0,41.0
401,20537,1.0,0.0,1.0,1.0,3,89,30.666666666666668,0.0,Sparse,6,0.8571428571428571,686.14,,662.83,Whaledent: Affinis Heavy Body 20x75ml System Ea - 6585,0.04261363636363636,0.036525974025974024,0.2556818181818182,0.2922077922077922,,,,0.0,0.0,0.0
402,20651,2.5,2.1213203435596424,2.5,4.0,2,90,46.0,0.7199999999999998,Sparse,,0.0,399.99,,0.0,Dentsply: Cavitron H/P Steri-Mate Grey Single Pack - 8183001,0.02696629213483146,0.0,0.16179775280898878,0.16179775280898878,3.1250000000000013,0.950773438167678,,0.0,0.0,0.0
403,20665,1.3846153846153846,0.6504436355879909,1.0,3.0,13,79,7.076923076923077,0.220679012345679,Intermittent,3,0.4285714285714285,255.99,,260.0,Garrison: Composi-Tight 3D Fusion Matrix 2/Pk - FX500,0.20938752539023361,0.08973751088152868,1.2563251523414016,1.3460626632229302,,,,0.0,1.0,3.0
404,20671,2.2222222222222223,0.9336995618478524,2.0,4.0,27,65,3.4074074074074074,0.1765384615384614,Smooth,10,1.4285714285714286,115.0663,126.8225,126.32833333333332,Pulpdent: Activa BioActive Syringe Refill A3 Ea - VR1A3,0.435291741044261,0.6218453443489443,2.611750446265566,3.2335957906145105,,,,2.0,3.0,6.0
405,20703,1.380952380952381,0.6690433824641326,1.0,3.0,21,71,4.380952380952381,0.2347205707491082,Smooth,7,1.0,359.2,,347.9,Medicom: Duraflor Ultra 5% Sodium Fluoride White Varnish Unit Dose Bubble Gum 0.4mL x 200/Packs  - 1031-BG200,0.2763297414561866,0.2763297414561866,1.6579784487371196,1.9343081901933061,,,,1.0,2.0,4.0
406,20787,4.235294117647059,3.302049274581575,3.0,16.0,51,41,1.803921568627451,0.6078549382716049,Erratic,6,0.8571428571428571,12.0,,6.49,HSB: High Performance Mixing Tips Green 50/ Bag - GE-8104,2.5227161038988384,2.162328089056147,15.13629662339303,17.298624712449175,2.690024492506953,0.1345776027646715,,5.0,8.0,24.0
407,20797,1.2,0.4472135954999579,1.0,2.0,5,87,18.4,0.1388888888888889,Sparse,,0.0,381.59,,408.0,SciCan: Ensure Bowie Dick Test Cards 120/pk - SCI-BD120,0.09986684420772304,0.0,0.5992010652463382,0.5992010652463382,,,,0.0,0.0,0.0
408,20814,1.3333333333333333,0.8876253645985945,1.0,4.0,12,80,7.666666666666667,0.4431818181818182,Intermittent,,0.0,109.35,183.794,183.795,Pacdent: ProAngle Disposable Prophy Angle 500/pk Soft - PAC-247-500,0.18055220395430926,0.0,1.0833132237258556,1.0833132237258556,,,,0.0,0.0,2.0
409,20851,3.733333333333333,2.5855478087369352,3.5,10.0,30,62,3.066666666666667,0.4796358198451794,Erratic,7,1.0,2.77,3.784545454545455,3.83,3D: Ring Bite Wing Red - 3D-VXR-BW,1.6204956321159054,1.6204956321159054,9.722973792695432,11.343469424811339,4.72191069574247,0.2939183922390562,,2.0,4.0,14.0
410,20852,2.888888888888889,1.4500221041639685,2.0,7.0,27,65,3.4074074074074074,0.2519344560764679,Smooth,7,1.0,2.77,3.8145454545454553,3.829,3D: Ring Posterior Yellow - 3D-VXR-P,1.4217973653109401,1.4217973653109401,8.53078419186564,9.95258155717658,,,,0.0,2.0,11.0
411,20879,3.263157894736842,2.30960638422895,2.5,8.0,38,54,2.421052631578948,0.500956211153922,Erratic,14,2.0,0.55,,39.39857142857143,"Mark 3: Toothbrush Premium Adult wide cash case, 72/per case 100-8895",1.103697737917059,2.207395475834118,6.622186427502354,8.829581903336472,5.14126662810873,0.367999596913309,,6.0,9.0,16.0
412,20907,3.321428571428572,3.243838277794806,2.0,16.0,28,64,3.2857142857142856,0.9538246767984306,Erratic,14,2.0,8.0,,38.0,Scican: Optim 33 TB Solution Disinfectant- 4L Bottle - SCI334X4,1.0418046492675255,2.083609298535051,6.250827895605153,8.334437194140204,1.5319814737063087,0.15527229537692888,,4.0,7.0,14.0
413,20924,7.7894736842105265,6.69642481202902,4.0,28.0,19,73,4.842105263157895,0.7390430971512053,Lumpy,7,1.0,207.22,,0.0,Sable: One Piece 1:1 BB PB Latch Contra Angle - 1600214,2.108747853572125,1.608695652173913,9.652173913043478,14.761234975004875,1.63755980861244,0.09985854632734298,0.20652173913043478,0.0,2.0,12.0
414,20968,6.2,3.5637059362410923,5.0,12.0,5,87,18.4,0.3303850156087408,Sparse,,0.0,92.69,,75.0,H.S: C-Type Impression Tray Regular Set Perforated Non Water Cooled Bx - 101-0220,0.39751027013569035,0.0,2.385061620814142,2.385061620814142,5.913846153846154,0.7126053589730642,,0.0,0.0,0.0
415,20980,4.818181818181818,3.1246818019818217,5.0,10.0,11,81,8.363636363636363,0.4205767176931291,Intermittent,3,0.4285714285714285,35.0,25.645714285714284,26.04,Halyard: Sterling PF Nitrile Gloves Grey Large 200/bx - 50708,0.810548884406427,0.3473780933170401,4.863293306438562,5.2106713997556025,4.69418449197861,0.4739275910006924,,0.0,1.0,6.0
416,20984,5.666666666666667,3.669695718539436,5.0,12.0,6,86,15.333333333333334,0.4193771626297578,Sparse,,0.0,50.39,,50.0,H.S: Orthodontic Pliers 139 Ea - 1007712,0.37752983509798343,0.0,2.2651790105879006,2.2651790105879006,4.116809116809117,0.6450668717380105,,0.0,0.0,0.0
417,20985,6.6,3.2093613071762426,5.0,12.0,5,87,18.4,0.236455463728191,Sparse,,0.0,50.39,,45.0,H.S: Clasp Adjusting Pliers 200 Ea - 1008740,0.4548736462093863,0.0,2.729241877256318,2.729241877256318,11.772972972972969,0.8118051686971686,,0.0,0.0,0.0
418,20992,8.107142857142858,8.314820706800802,5.0,36.0,28,64,3.2857142857142856,1.051889514929745,Erratic,3,0.4285714285714285,10.96,5.87,5.87,Oral-B: Crest Toothbrush Star Wars 6+ Years Extra Soft 6/Pk - 6830510017,4.092527595620336,1.7539403981230006,24.555165573722014,26.309105971845014,1.0769577912226056,0.03932503044395057,,0.0,2.0,27.0
419,21058,3.6,1.6733200530681511,4.0,6.0,5,87,18.4,0.2160493827160493,Sparse,,0.0,127.99,,116.0,Ivoclar: Tetric PowerFill Bulk Fill IVB Cavifil Refill 20/pk - 668076WW,0.20115326951908663,0.0,1.2069196171145198,1.2069196171145198,,,,0.0,0.0,0.0
420,21135,1.0,,1.0,1.0,1,91,92.0,,Sparse,,0.0,948.0,,995.4,Flight: Handpiece Maintenance System 2- Low Speed Attachment & 1 -4 Hole High Speed - HPL-3002,0.01139240506329114,0.0,0.06835443037974684,0.06835443037974684,,,,0.0,0.0,0.0
421,21212,1.5,0.5222329678670935,1.5,2.0,12,80,7.666666666666667,0.1212121212121211,Intermittent,3,0.4285714285714285,237.99,116.5,0.0,Ivoclar: IPS e.Max CAD MT C14 A2 For CEREC 5/Bx - 680029,0.20653297760294068,0.08851413325840313,1.2391978656176441,1.3277119988760473,,,,0.0,1.0,3.0
422,21309,1.4736842105263157,0.7723284457212329,1.0,4.0,19,73,4.842105263157895,0.2746598639455782,Intermittent,3,0.4285714285714285,237.99,,233.0,Ivoclar: IPS e.max CAD MT C14 A3 For CEREC 5/Bx - 680030,0.34473274362193623,0.1477426044094012,2.0683964617316173,2.2161390661410185,,,,0.0,1.0,4.0
423,21411,7.742857142857143,4.571927493782394,8.0,20.0,35,57,2.628571428571429,0.3486552230401836,Smooth,14,2.0,9.95,16.00194968553459,16.524,Unipack: Curved Utility #412 Syringe 12cc 50/Bx - 5212,3.4981136440154827,6.9962272880309655,20.988681864092896,27.984909152123862,4.555727057106367,0.1400011673961717,,1.0,8.0,29.0
424,21417,6.1454545454545455,6.2640011524352746,4.0,30.0,55,37,1.6727272727272726,1.0389523657616513,Erratic,14,2.0,2.05,,3.458571428571429,Mark 3: Surgical Aspirator  25/pkg Green - 2600,3.763400514330234,7.526801028660468,22.580403085981402,30.10720411464187,1.141252252285584,0.03652187611716576,,12.0,20.0,43.0
425,21429,4.0,,4.0,4.0,1,91,92.0,,Sparse,,0.0,240.0,,224.79,EMS: Periodontal Piezon Scaling Tip - Each - DS-016A,0.05625,0.0,0.3375,0.3375,,,,0.0,0.0,0.0
426,21473,1.3333333333333333,0.8876253645985945,1.0,4.0,12,80,7.666666666666667,0.4431818181818182,Intermittent,7,1.0,359.2,,359.2,Medicom: Duraflor Ultra 5% Sodium Fluoride White Varnish Unit Dose Strawberry 0.4mL x 200/Packs  - 1031-ST200,0.130445857457359,0.130445857457359,0.782675144744154,0.913121002201513,,,,0.0,1.0,2.0
427,21474,2.627906976744186,1.6478449969574764,2.0,7.0,43,49,2.13953488372093,0.3931993033723789,Smooth,7,1.0,359.2,359.2,359.2,Medicom: Duraflor Ultra 5% Sodium Fluoride White Varnish Unit Dose Mint 0.4mL x 200/Packs  - 1031-M200,0.752955371468394,0.752955371468394,4.517732228810364,5.270687600278758,78.93700323815081,0.9374084772091459,,5.0,6.0,11.0
428,21489,10.24390243902439,21.37355061903469,4.0,129.0,82,10,1.1219512195121952,4.353338932280727,Erratic,14,2.0,11.0,15.231714285714286,15.466,Mark 3: Mouth Mirrors #5 Front Surface Cone Socket 12/Pk - 101-707-220,16.056534333074712,32.113068666149424,96.33920599844828,128.4522746645977,0.23497787145346802,0.0018259607445394795,,0.0,33.0,130.0
429,21650,44.61538461538461,56.80601268284087,20.0,200.0,13,79,7.076923076923077,1.6211355529131992,Lumpy,7,1.0,1.5764,1.309153846153846,1.3076,Beavers: Burs Friction Grip Carbide 703 Surgical FG703S,5.2366051844054,6.304347826086957,37.82608695652174,36.6562362908378,0.6254997117941278,0.016777644467789003,0.14130434782608697,1.0,8.0,46.0
430,21717,3.327272727272727,2.31784179192424,3.0,9.0,55,37,1.6727272727272726,0.4852781952725217,Erratic,3,0.4285714285714285,60.79,61.95263157894737,61.95,Bunzl: Tork XPress Hand Towel 2 Ply Interfold White 21x100/ca (1504/cs)  - 101298 (Uline-24411),1.7009548730683948,0.7289806598864548,10.205729238410369,10.934709898296823,5.413254707097316,0.3311271364822487,,6.0,7.0,18.0
431,21739,3.125,2.2320714274285347,3.0,7.0,8,84,11.5,0.5101714285714285,Lumpy,3,0.4285714285714285,199.67,183.75,0.0,ProEdge: QuickPass Water Test Kit Pack 12/Bx - 61201,0.3215434638857418,0.11645962732919253,1.6304347826086956,2.0670651249797687,5.258413461538463,0.7178252450585298,0.08695652173913043,0.0,1.0,3.0
432,21761,2.1944444444444446,1.348426478623869,2.0,6.0,36,56,2.555555555555556,0.3775768535262204,Smooth,7,1.0,69.19,63.05,63.05,Medicom: SafeMatrix Single Use Straight Matrix Bands Wide 6mm - Blue - 50/Pack  - 30045,1.2357825943716507,1.2357825943716507,7.414695566229904,8.650478160601555,,,,0.0,2.0,10.0
433,21846,1.8235294117647056,0.8089572082044157,2.0,4.0,17,75,5.411764705882353,0.1968002081165453,Intermittent,14,2.0,79.99,20.14,20.14,Dentsply: ProTaper Gold Conform Fit Gutta-Percha Points – PTGGPF2,0.3517784166030243,0.7035568332060486,2.110670499618146,2.8142273328241942,,,,0.0,1.0,4.0
434,21860,9.5,6.363961030678928,9.5,14.0,2,90,46.0,0.448753462603878,Sparse,,0.0,82.99,57.42666666666667,0.0,Premier: Two Striper Diamond Bur Friction Grip Very Fine 260.8VF 5/Pk - 2015183,0.11291512915129152,0.0,0.6774907749077491,0.6774907749077491,2.911290322580645,0.8112198107090203,,0.0,0.0,0.0
435,21869,1.0,0.0,1.0,1.0,8,84,11.5,0.0,Intermittent,3,0.4285714285714285,935.0,,1784.93,SDI: Permite Alloy Capsules 2 Spill Regular Set 500/Jr - 4022303,0.15285969515432352,0.06551129792328149,0.9171581709259411,0.9826694688492226,,,,0.0,1.0,2.0
436,21895,3.0,1.4142135623730951,4.0,4.0,5,87,18.4,0.2222222222222222,Sparse,,0.0,101.75,134.625,134.6233333333333,Young: Traditional Web Prophy Cups Soft Screw Type Purple Latex-Free 144/Pk - 054101,0.15245512143611403,0.0,0.9147307286166841,0.9147307286166841,,,,0.0,0.0,0.0
437,21915,5.166666666666667,3.537676004830221,4.5,14.0,12,80,7.666666666666667,0.4688298174250306,Intermittent,14,2.0,152.0,,140.96,Citagenix: Neomem Resorbable Bovine Collagen Membrane -  N1520,0.6318692457971811,1.2637384915943621,3.7912154747830864,5.0549539663774485,3.6326460481099665,0.4181414938593141,,0.0,2.0,6.0
438,21918,3.7142857142857135,1.2535663410560174,4.0,6.0,7,85,13.142857142857142,0.113905325443787,Intermittent,,0.0,110.0,,100.46,Citagenix: Raptos .5cc Cortico-Cancellous Blend allograft .25-1mm Jar - 152-CCB02J-05,0.37667739931061794,0.0,2.260064395863708,2.260064395863708,,,,0.0,0.0,3.0
439,21923,11.884615384615383,9.070069120252272,10.0,36.0,26,66,3.5384615384615383,0.5824396476785958,Erratic,7,1.0,15.9,,15.895,Medicom: Safe Masks Premier Elite 50/box : Medicom: Safe Masks Premier Elite 50/box : Medicom: SafeMask Premier Elite Level 3 Procedure Earloop Face Mask - Lavender - 50/Box  - 2044,4.602561007609649,4.602561007609649,27.615366045657893,32.217927053267545,2.006834262615936,0.05863691039635031,,6.0,11.0,39.0
440,22046,1.375,0.7440238091428449,1.0,3.0,8,84,11.5,0.2927981109799291,Intermittent,,0.0,213.7063,232.335,232.335,Pulpdent: Activa BioActive A3 8g Syringe Refill Ea -  VR2A3,0.05069681984323169,0.0,0.30418091905939015,0.30418091905939015,,,,0.0,0.0,1.0
441,22051,1.8571428571428568,0.3779644730092273,2.0,2.0,7,85,13.142857142857142,0.0414201183431953,Intermittent,,0.0,237.99,276.125,275.415,Ivoclar: IPS e.max CAD LT C14 A3 For CEREC 5/Bx - 605330,0.21613216282965103,0.0,1.296792976977906,1.296792976977906,,,,0.0,0.0,2.0
442,22080,2.0,,2.0,2.0,1,91,92.0,,Sparse,,0.0,538.0,,507.55,Medicom: Duraflor Halo 5% Sodium Fluoride White Varnish Unit Dose Spearmint 0.5mL x 250/Pack  - 1030-SM250,0.026470588235294117,0.0,0.1588235294117647,0.1588235294117647,,,,0.0,0.0,0.0
443,22089,16.783783783783782,19.73453703414276,10.0,100.0,37,55,2.4864864864864864,1.3825286269411772,Erratic,3,0.4285714285714285,79.19,52.664,72.99,Dentsply: Uni-Grip 360 Holder Kit 50/PK - 550052,18.263508973185164,7.827218131365069,109.58105383911098,117.40827197047605,0.755888004831384,0.006396931226772488,,0.0,8.0,118.0
444,22112,1.75,0.4629100498862757,2.0,2.0,8,84,11.5,0.0699708454810495,Intermittent,3,0.4285714285714285,223.99,,498.0,DenMat: NV Pro3 Microlaser Laser Tip 25/Box - ZLR1012A,0.1609018236625811,0.06895792442682046,0.9654109419754866,1.034368866402307,,,,0.0,1.0,2.0
445,22163,5.166666666666667,2.228601953392904,5.5,7.0,6,86,15.333333333333334,0.1860561914672216,Sparse,,0.0,25.0,,40.0,Generic: SS Dental Luxating Elevators L3S - 40-4188,0.4062750716332378,0.0,2.437650429799427,2.437650429799427,,,,0.0,0.0,0.0
446,22183,2.4166666666666665,1.8319554050414568,2.0,6.0,12,80,7.666666666666667,0.5746405793968223,Lumpy,1,0.1428571428571428,130.55,134.18,134.18,"J&J: Monocryl Plus Suture 5-0 Triclsn/PCL 25 P-3 Violet 18"" Monofilament 12/Bx - MCP463G",0.31245305870897033,0.04503105590062109,1.8913043478260867,1.9193545034979607,6.217069892473102,0.7641034427299082,0.13043478260869565,0.0,1.0,3.0
447,22307,6.769230769230769,8.227533512074423,4.0,30.0,13,79,7.076923076923077,1.4772727272727273,Lumpy,7,1.0,,1.556190476190476,1.568,"Plasdent: Spatula Spectrum  Alginate Soft Nylon, Blue - 905SA2",1.0776189881452223,0.9565217391304349,5.739130434782609,7.543332917016556,0.7521367521367521,0.0906683746833011,0.14130434782608697,0.0,1.0,7.0
448,22365,4.571428571428571,1.6183471874253743,5.0,6.0,7,85,13.142857142857142,0.1253255208333334,Intermittent,1,0.1428571428571428,152.79,137.12,137.12,"J&J: Monocryl Suture 6-0 Poliglecaprone 25 P-3 Undyed 18"" Monofilament 12/Bx - MCP492G",0.5853303158225592,0.08361861654607985,3.5119818949353556,3.5956005114814356,,,,0.0,1.0,5.0
449,22410,2.1666666666666665,0.8348471099367218,2.0,4.0,12,80,7.666666666666667,0.1484669176976869,Intermittent,,0.0,99.58,104.49333333333334,100.61666666666666,Tokuyama: Estelite Sigma Quick Syringe 3.8gm : Tokuyama: Estelite Sigma Quick Syringe 3.8gm : Tokuyama: Estelite Sigma Quick Syringe 3.8gm A1 - 13110,0.41458763304251284,0.0,2.487525798255077,2.487525798255077,,,,0.0,0.0,3.0
450,22540,3.0,,3.0,3.0,1,91,92.0,,Sparse,,0.0,137.99,,140.99,GC: G-aenial Sculpt Unitip Refill 20/pk : GC: G-aenial Sculpt Unitip Refill 20/pk : GC: G-aenial Sculpt Unitip A1 Refill 20/pk - 009169,0.03802816901408451,0.0,0.22816901408450707,0.22816901408450707,,,,0.0,0.0,0.0
451,22541,2.5,0.7071067811865476,2.5,3.0,2,90,46.0,0.08,Sparse,,0.0,137.99,,0.0,GC: G-aenial Sculpt Unitip Refill 20/pk : GC: G-aenial Sculpt Unitip Refill 20/pk : GC: G-aenial Sculpt Unitip A2 Refill 20/Pk - 009170,0.046046511627906975,0.0,0.2762790697674419,0.2762790697674419,,,,0.0,0.0,0.0
452,22674,85.49411764705883,109.67545451070104,52.0,607.0,85,7,1.0823529411764703,1.6456838862644216,Erratic,3,0.4285714285714285,30.69,,11.62,Halyard: Aquasoft Nitrile Powder Free Glove : Halyard: Aquasoft Nit Powder Free glove 300/bx Small - 43933,14.225083265278084,6.096464256547749,85.3504995916685,91.44696384821624,0.611999907487718,0.006647912191492582,,586.0,593.0,679.0
453,22675,85.70238095238095,121.17723550197589,54.0,678.0,84,8,1.0952380952380951,1.999200288713058,Erratic,3,0.4285714285714285,30.69,,11.615,Halyard: Aquasoft Nitrile Powder Free Glove : Halyard: Aquasoft Nit Powder Free glove 300/bx Medium - 43934,20.82647158101415,8.925630677577491,124.95882948608491,133.8844601636624,0.5031365529058047,0.003743921055206836,,540.0,549.0,674.0
454,22676,26.766666666666666,39.210586025934056,12.0,215.0,60,32,1.5333333333333334,2.145942520727002,Erratic,3,0.4285714285714285,30.69,,11.615,Halyard: Aquasoft Nitrile Powder Free Glove : Halyard: Aquasoft Nit Powder Free glove 300/bx Large - 43935,12.949200238971445,5.549657245273475,77.69520143382867,83.24485867910215,0.4742522253324831,0.005664802459188107,,83.0,89.0,167.0
455,22678,15.6,15.254507530562892,10.0,83.0,45,47,2.0444444444444443,0.9561965811965812,Erratic,3,0.4285714285714285,30.69,,11.615,Halyard: Aquasoft Nitrile Powder Free Glove : Halyard: Aquasoft Nit Powder Free glove 300/bx X-Small - 43932,8.726105201056441,3.7397593718813313,52.35663120633865,56.09639057821998,1.1209580838323354,0.019591227312071822,,13.0,17.0,70.0
456,22691,4.0,0.0,4.0,4.0,4,88,23.0,0.0,Sparse,,0.0,207.22,163.28,0.0,Sable: One Piece 4:1 Snap-On Prophy C/A - 1600217,0.1546923341354417,0.0,0.9281540048126502,0.9281540048126502,,,,0.0,0.0,0.0
457,22692,3.6666666666666665,2.958039891549808,2.0,11.0,9,83,10.22222222222222,0.6508264462809917,Lumpy,7,1.0,207.22,,0.0,Sable: One Piece 4:1 BB PB Latch Prophy C/A - 1600218,0.5180652359936568,0.3586956521739131,2.152173913043479,3.626456651955598,2.6448087431693983,0.4217344629084515,0.09782608695652176,0.0,1.0,4.0
458,22924,3.911111111111111,3.00622250297175,3.0,11.0,45,47,2.0444444444444443,0.5908019698534935,Erratic,14,2.0,79.99,,47.66,Dentsply: WaveOne Gold Glider File 25mm 3pk - TSTW1GG325015,2.6270799564566945,5.254159912913389,15.762479738740167,21.016639651653556,2.9840043787630015,0.124330179431073,,0.0,6.0,22.0
459,22925,2.2666666666666666,1.3345232785352157,2.0,5.0,15,77,6.133333333333334,0.3466386554621848,Intermittent,,0.0,79.99,47.66,47.66,Dentsply: WaveOne Gold Glider File 21mm 3pk - TSTW1GG321015,0.380707959851805,0.0,2.28424775911083,2.28424775911083,,,,0.0,0.0,3.0
460,22927,5.4375,4.528426761709878,3.5,21.0,48,44,1.9166666666666667,0.6935793536345056,Erratic,14,2.0,75.19,47.66,47.66,Dentsply: ProGlider Rotary Glide Path File 25mm 3/pk - PROGLIDE25,3.3193546966669505,6.638709393333901,19.916128180001703,26.554837573335604,1.962048843981645,0.06880305287431959,,5.0,12.0,32.0
461,22930,6.0,1.0,6.0,7.0,5,87,18.4,0.0277777777777777,Sparse,,0.0,54.99,,40.0,Generic: SS Dental Luxating Elevators L–3C Ea - 40-4186,0.25938337801608585,0.0,1.556300268096515,1.556300268096515,,,,0.0,0.0,0.0
462,22940,3.891891891891892,3.7990041369327874,2.0,15.0,37,55,2.4864864864864864,0.952835648148148,Erratic,14,2.0,26.18,27.985625,27.803,Mark 3: Impression Material 4x50ml Cart : Mark 3: Impression Material 4x50ml Cart Light Body Regular Set Ea - 3010,0.9196699575006171,1.8393399150012342,5.518019745003702,7.357359660004937,1.437006237006237,0.16340077884348814,,11.0,13.0,19.0
463,22941,3.892857142857143,6.810896540714129,3.0,51.0,56,36,1.6428571428571428,3.061058527366077,Erratic,14,2.0,26.51,28.04117647058824,27.8025,Mark 3: Impression Material 4x50ml Cart : Mark 3: Impression Material 4x50ml Cart Light Body Fast Set Ea - 3011,1.1810884584524866,2.362176916904973,7.086530750714919,9.448707667619892,0.3566107692408443,0.036369116570477894,,11.0,14.0,22.0
464,22943,3.674418604651162,3.714328307107351,2.0,22.0,43,49,2.13953488372093,1.0218409748132555,Erratic,14,2.0,26.02,28.064,28.1215,Mark 3: Impression Material 4x50ml Cart : Mark 3: Impression Material 4x50ml Cart Medium Body Fast Set Ea - 3013,1.152037973744564,2.304075947489128,6.912227842467384,9.216303789956513,1.3338863162180035,0.12643244366159284,,9.0,12.0,19.0
465,22944,4.03125,3.0961765976458,3.5,15.0,64,28,1.4375,0.5898912897290398,Erratic,14,2.0,28.66,28.12857142857143,27.805,Mark 3: Impression Material 4x50ml Cart : Mark 3: Impression Material 4x50ml Cart Heavy Body Regular Set Ea - 3014,1.734126911166504,3.468253822333008,10.404761466999025,13.873015289332033,2.925436980980445,0.1741491974323434,,16.0,20.0,31.0
466,22945,7.626506024096385,9.27718266129652,5.0,63.0,83,9,1.108433734939759,1.4797248933833416,Erratic,14,2.0,27.9,27.31,27.8028,Mark 3: Impression Material 4x50ml Cart : Mark 3: Impression Material 4x50ml Cart Heavy Body Fast Set Ea - 3015,4.530912399156642,9.061824798313284,27.185474394939853,36.247299193253134,0.7415079265851483,0.020046819141335697,,34.0,44.0,72.0
467,22953,2.6607142857142856,1.540682088784477,2.0,7.0,56,36,1.6428571428571428,0.3352969358464608,Smooth,14,2.0,48.64,43.89909090909091,43.899166666666666,Mark 3: VPS Putty Base & Catalyst : Mark 3: VPS Putty Base & Catalyst 300ml Fast Set - 3005,1.4770923278360562,2.9541846556721123,8.862553967016337,11.81673862268845,,,,3.0,6.0,15.0
468,22955,8.233333333333333,6.273553320437135,5.0,21.0,30,62,3.066666666666667,0.5805983402109695,Erratic,3,0.4285714285714285,4.49,,3.238333333333333,Baxter: Saline Sodium Chloride 0.9% bag : Baxter: Saline Sodium Chloride 0.9% 1000ml bag Ea - JB1324,1.467888083389108,0.6290948928810461,8.807328500334648,9.436423393215694,2.1779808946992643,0.18752411580553477,,16.0,17.0,26.0
469,22956,12.454545454545457,12.154587888283451,9.0,56.0,55,37,1.6727272727272726,0.9524116796214404,Erratic,3,0.4285714285714285,2.93,2.998333333333333,3.071,Baxter: Saline Sodium Chloride 0.9% bag : Baxter: Saline Sodium Chloride 0.9% 250ml bag Ea - JB1322P,6.3853856908894135,2.736593867524034,38.31231414533648,41.048908012860515,1.146631580376416,0.027174236694918277,,24.0,27.0,66.0
470,22957,23.745098039215687,27.830805333123152,14.0,163.0,51,41,1.803921568627451,1.3737370552484414,Erratic,3,0.4285714285714285,3.53,2.99,2.99,Baxter: Saline Sodium Chloride 0.9% bag : Baxter: Saline Sodium Chloride 0.9% 500ml bag Ea - JB1323,8.86507421857681,3.7993175222472035,53.19044531146086,56.98976283370806,0.7509632418665523,0.013005781064887293,,60.0,64.0,118.0
471,22960,7.387755102040816,4.685155309283657,8.0,22.0,49,43,1.8775510204081636,0.4021823458787379,Smooth,14,2.0,31.0,31.786153846153844,31.78625,Silmet: ProFil Syringe 4gm Hybrid Composite : Silmet: ProFil Syringe 4gm Hybrid Composite A2 - 184A02,2.538066305240597,5.076132610481194,15.228397831443582,20.304530441924776,3.747799622009261,0.1558185677664971,,18.0,24.0,40.0
472,22961,3.15,2.824344716376363,2.0,12.0,40,52,2.3,0.8039227086846137,Erratic,14,2.0,31.0,31.684,31.425,Silmet: ProFil Syringe 4gm Hybrid Composite : Silmet: ProFil Syringe 4gm Hybrid Composite A3 - 184A03,0.8380244677788183,1.6760489355576367,5.02814680667291,6.704195742230547,2.0556573705179275,0.23466801829431005,,9.0,11.0,17.0
473,22976,15.694444444444445,12.510996727824317,12.5,55.0,72,20,1.2777777777777777,0.6354654262799765,Erratic,14,2.0,61.95,61.55230769230769,60.988,Silmet: Profil Unidose 0.315gm 20/Pack : Silmet: Profil Unidose 0.315gm 20/Pack-A2 - 18UA02,14.300839777129953,28.601679554259906,85.80503866277972,114.40671821703963,1.7490204240127138,0.015057546398267802,,12.0,41.0,127.0
474,22977,2.792452830188679,1.6332893964450736,3.0,7.0,53,39,1.7358490566037736,0.3421011968309265,Smooth,14,2.0,61.95,60.955,60.988,Silmet: Profil Unidose 0.315gm 20/Pack : Silmet: Profil Unidose 0.315gm 20/Pack-A3,1.1901324897835095,2.380264979567019,7.140794938701057,9.521059918268076,,,,5.0,8.0,16.0
475,22985,7.875,6.694745719828689,6.0,38.0,80,12,1.15,0.7227149650296124,Erratic,14,2.0,23.81,,28.162,Mark 3: Ultrasonic Bio-Enzymatic Tablet 64/box -7640,1.686788582235662,3.373577164471324,10.120731493413972,13.494308657885297,1.6786104329949891,0.11063200317227827,,56.0,60.0,71.0
476,23003,11.244444444444444,9.0768394131897,9.0,58.0,90,2,1.022222222222222,0.6516183380813196,Erratic,90,12.857142857142858,,79.0119170984456,79.0713,BioNova: STEAM Biological Indicators : BioNova: STEAM Biological Indicators -24 hrs 100/Bx - BT-20,9.237709007420445,118.77054438112002,55.42625404452267,174.1967984256427,1.777191599146157,0.010099172036139034,,66.0,185.0,241.0
477,23007,4.9393939393939394,4.543393472111373,3.0,23.0,66,26,1.393939393939394,0.8460837818510293,Erratic,5,0.7142857142857143,14.49,14.223333333333333,14.656666666666666,Microcopy: Neo Drys 50/Pkg : Microcopy: Neo Drys 50/Pkg Large -DYL,1.928971569306022,1.3778368352185872,11.573829415836133,12.951666251054721,1.55368817468393,0.10711135550931648,,21.0,23.0,35.0
478,23008,4.425,6.320043411081029,3.0,41.0,40,52,2.3,2.039922051413003,Erratic,5,0.7142857142857143,15.75,15.375813953488372,15.931333333333331,Microcopy: Neo Drys 50/Pkg : Microcopy: Neo Drys 50/Pkg Reflective Small - DYRS,2.659964839553011,1.899974885395008,15.959789037318068,17.859763922713075,0.5512881713831935,0.029943327983954316,,0.0,2.0,18.0
479,23009,5.2,4.7827373199023215,3.0,29.0,60,32,1.5333333333333334,0.8459532644669542,Erratic,5,0.7142857142857143,15.75,15.912307692307692,15.931333333333331,Microcopy: Neo Drys 50/Pkg : Microcopy: Neo Drys 50/Pkg Reflective Large - DYRL,4.162575322051554,2.9732680871796813,24.975451932309323,27.948720019489002,1.5298810893747603,0.05189802201688426,,5.0,8.0,33.0
480,23027,3.942857142857143,2.013817813227887,4.0,9.0,35,57,2.628571428571429,0.2608664763952209,Smooth,10,1.4285714285714286,43.22,43.413125,43.281,Shofu: Beautifil Flow Plus F03 Syringe - : Shofu: Beautifil Flow Plus F03 Syringe A2 - 2015,1.6763335468651923,2.3947622098074177,10.058001281191153,12.45276349099857,138.058848614073,0.9172637691083573,,0.0,3.0,14.0
481,23028,3.272727272727273,1.162174406295953,3.0,6.0,22,70,4.181818181818182,0.1261022927689594,Smooth,10,1.4285714285714286,43.22,43.63428571428572,43.344,Shofu: Beautifil Flow Plus F03 Syringe - : Shofu: Beautifil Flow Plus F03 Syringe A3 - 2016,0.8048398106531761,1.149771158075966,4.829038863919057,5.978810021995023,,,,1.0,3.0,8.0
482,23096,3.272727272727273,1.9408878006070969,3.0,8.0,33,59,2.787878787878788,0.3517071759259258,Smooth,14,2.0,79.99,,0.0,Dentsply: ProTaper Gold Files Sterile S1 : Dentsply: ProTaper Gold Files Sterile S1 6/pk 25mm - PTGRS125,1.462943660137033,2.925887320274066,8.777661960822197,11.703549281096263,21.66771159874613,0.6492925657428279,,0.0,3.0,12.0
483,23098,3.15625,2.065216929947538,2.5,10.0,32,60,2.875,0.4281427184558123,Smooth,14,2.0,79.99,,53.79,Dentsply: ProTaper Gold Files Sterile S2 : Dentsply: ProTaper Gold Files Sterile S2 6/pk 25mm - PTGRS225,1.4669906646662756,2.933981329332551,8.801943987997653,11.735925317330205,8.983835227272738,0.43358779209506054,,0.0,3.0,12.0
484,23126,5.0,2.449489742783178,4.5,9.0,6,86,15.333333333333334,0.24,Sparse,10,1.4285714285714286,81.4602,88.378,90.18333333333334,Pulpdent: Embrace Varnish 5% Sodium Economy Pack 100 x 0.4 ml Unit (No Brush) - FVX100,0.2691874628943436,0.38455351842049085,1.6151247773660615,1.9996782957865524,25.00000000000002,0.9259369584378118,,0.0,0.0,0.0
485,23198,4.2,4.984420171338332,2.0,15.0,10,82,9.2,1.4084152179390277,Lumpy,6,0.8571428571428571,183.992,,181.0,Kerr: Herculite Ultra Unidose Refill 20/Bx : Kerr: Herculite Ultra Unidose Refill 20/Bx A2 Enamel - 34348,0.4276106470866505,0.39130434782608703,2.739130434782609,2.93218729430846,0.8544671689989234,0.2256522683225247,0.10869565217391305,0.0,1.0,4.0
486,23223,3.6666666666666665,2.081665999466133,3.0,6.0,3,89,30.666666666666668,0.3223140495867769,Sparse,,0.0,75.387,137.23666666666668,137.23666666666668,Practicon: Pike Anesthetic Syringe 1/Ea - 7094199,0.08145695364238413,0.0,0.48874172185430476,0.48874172185430476,20.166666666666615,0.9763383171776977,,0.0,0.0,0.0
487,25150,3.193548387096774,1.8333822085371736,3.0,7.0,31,61,2.967741935483871,0.3295786144270992,Smooth,7,1.0,40.43,,78.97,Flow X-Ray: Deluxe Safe 'n' Sure PSP Env 300 : Flow X-Ray: Deluxe Safe 'n' Sure PSP Env 300 - No. 2 - 80121,0.9135787650691598,0.9135787650691598,5.481472590414959,6.395051355484119,60.80024813895806,0.9048288882764327,,3.0,4.0,10.0
488,25164,2.754385964912281,2.115256669282089,2.0,12.0,57,35,1.6140350877192982,0.5897616825950633,Erratic,14,2.0,9.1667,,8.81,Mark 3: X-ray Bite Wing Tabs 500/bx - 0500,1.9575697883522143,3.9151395767044286,11.745418730113286,15.660558306817714,4.411031221039848,0.21976491771704146,,3.0,7.0,19.0
489,25266,33.82857142857143,83.70307665801064,4.0,418.0,35,57,2.628571428571429,6.122312973993467,Erratic,3,0.4285714285714285,135.99,91.31991150442478,0.0,Dentsply: TPH Spectra STHV Comp 20/bx : Dentsply: TPH Spectra STHV Comp 20/bx A2 - 642232,8.010578540922271,3.433105088966687,48.06347124553363,51.49657633450031,0.16412943990120094,0.003177065381528895,,58.0,62.0,111.0
490,25269,12.95,21.84990666004392,2.0,77.0,20,72,4.6,2.846817555210158,Erratic,3,0.4285714285714285,135.99,89.4409604519774,89.44,Dentsply: TPH Spectra STHV Comp 20/bx : Dentsply: TPH Spectra STHV Comp 20/bx A4 - 642235,6.7984414695918725,2.9136177726822305,40.79064881755124,43.704266590233466,0.3610632981676845,0.008193818112382347,,0.0,3.0,44.0
491,25271,47.0,82.46312307126541,8.0,381.0,37,55,2.4864864864864864,3.0783914290025653,Erratic,3,0.4285714285714285,135.99,73.76616071428572,0.0,Dentsply: TPH Spectra STLV Comp 20/bx : Dentsply: TPH Spectra STLV Comp 20/bx A1 - 642220,43.055719284084674,18.45245112175057,258.33431570450807,276.78676682625866,0.32710580221624425,0.0011804021181386082,,0.0,19.0,278.0
492,25272,73.78048780487805,140.41910699671928,6.0,619.0,41,51,2.2439024390243905,3.622174501741684,Erratic,3,0.4285714285714285,135.99,47.50622950819672,121.0,Dentsply: TPH Spectra STLV Comp 20/bx : Dentsply: TPH Spectra STLV Comp 20/bx A2 - 642221,52.65138860104231,22.564880829018126,315.90833160625385,338.473212435272,0.2771141830099783,0.000818048459986408,,34.0,57.0,373.0
493,25273,44.08,97.37039248833976,5.0,420.0,25,67,3.68,4.87944772360214,Erratic,3,0.4285714285714285,135.99,86.97673913043478,0.0,Dentsply: TPH Spectra STLV Comp 20/bx : Dentsply: TPH Spectra STLV Comp 20/bx A3 - 642222,9.995679829288466,4.28386278398077,59.9740789757308,64.25794175971157,0.20589851060057068,0.0031940155866791286,,3.0,8.0,68.0
494,25274,22.42105263157895,29.40581157502654,9.0,110.0,19,73,4.842105263157895,1.7201025663632288,Lumpy,3,0.4285714285714285,135.99,21.402380952380952,121.0,Dentsply: TPH Spectra STLV Comp 20/bx : Dentsply: TPH Spectra STLV Comp 20/bx A3.5 - 642223,7.619330512660319,1.9844720496894408,27.782608695652176,48.981410438530624,0.5968361854438221,0.012038267306436192,0.20652173913043478,0.0,2.0,30.0
495,25292,15.0,15.231546211727816,9.0,37.0,7,85,13.142857142857142,1.0311111111111109,Lumpy,3,0.4285714285714285,81.59,53.31619047619048,52.32,Dentsply: TPH Spectra ST Syringe 3gm Refill Ea : Dentsply: TPH Spectra ST Syringe 3gm Refill Ea A2 - 642471,0.6217732151189921,0.4891304347826087,6.847826086956522,3.997113525764949,1.0368663594470047,0.20597348084225564,0.07608695652173914,0.0,1.0,8.0
496,25398,4.4,1.1401754250991378,4.0,6.0,5,87,18.4,0.0671487603305784,Sparse,7,1.0,710.23,,497.16,Sable: H/S Fiber Optic Kavo PB 45KL - 2000023,0.26526684164479436,0.26526684164479436,1.5916010498687663,1.8568678915135606,,,,0.0,0.0,0.0
497,25410,1.7,0.9787209698591856,1.0,4.0,20,72,4.6,0.3314514660353304,Smooth,7,1.0,239.68,,273.5,Brasseler: BC Sealer 1.6g 2p - 5029291U0,0.481828920196795,0.481828920196795,2.8909735211807703,3.3728024413775652,,,,0.0,1.0,4.0
498,25736,6.652173913043479,4.107738768052474,5.0,16.0,23,69,4.0,0.3813102186804606,Smooth,7,1.0,12.27,11.983333333333333,11.58,Medicom: SafeWear Form Fit Isolation Gown Open Back Knit Cuffs  Belt on Right Side Regular - Blue - 12/Pack  - 8114,1.3668768081970053,1.3668768081970053,8.201260849182031,9.568137657379037,4.329315040855447,0.31151860235548334,,5.0,7.0,16.0
499,25751,2.097560975609756,1.5460413650478515,2.0,9.0,41,51,2.2439024390243905,0.5432666306111411,Erratic,10,1.4285714285714286,110.99,98.94,98.94,"Maxill: Steri-sox Labels rolls 1000/roll, 6 Rolls per pack  #91141",0.6493702937895736,0.9276718482708194,3.8962217627374414,4.823893611008261,15.032520325203286,0.7570611880622075,,4.0,5.0,9.0
500,25776,3.357142857142857,2.1809662438042814,3.0,9.0,28,64,3.2857142857142856,0.4220444980970105,Smooth,14,2.0,79.99,53.79,53.79,Dentsply Sirona: ProTaper Gold Rotary File Finishing 1 Yellow 25mm 6/Pk - PTGRF125,1.1510876556748992,2.3021753113497985,6.906525934049395,9.208701245399194,8.0533351336754,0.46653447813595295,,0.0,3.0,10.0
501,25777,3.36,2.196208854670551,3.0,9.0,25,67,3.68,0.4272368669690099,Smooth,14,2.0,79.99,53.79,53.79,Dentsply Sirona: ProTaper Gold Rotary File Finishing 2 Red 25mm 6/Pk - PTGRF225,1.661887563334515,3.32377512666903,9.97132538000709,13.29510050667612,7.714988610478354,0.3672039926845985,,0.0,4.0,14.0
502,25847,13.541666666666666,12.2003807637361,10.0,58.0,48,44,1.9166666666666667,0.8117130555205843,Erratic,14,2.0,5.65,7.5775,7.577361111111111,Mark 3: Barrier Envelopes Size # 2 100/pk - 7792,3.6805281826066993,7.361056365213399,22.083169095640194,29.444225460853595,1.3552579709575192,0.04400262017244571,,50.0,58.0,81.0
503,25886,2.021276595744681,1.2936191513688098,1.0,5.0,47,45,1.9574468085106385,0.4096013489100326,Smooth,90,12.857142857142858,67.95,,63.88,BioNova: Bowie-Dick Test 120 cards per box + 1 holder each #KBD8948X,1.2977474376066955,16.685324197800373,7.786484625640173,24.471808823440547,,,,0.0,17.0,25.0
504,25933,1.3571428571428572,0.4972451580988468,1.0,2.0,14,78,6.571428571428571,0.1342424888131258,Intermittent,Not operating anymore,0.0,154.0,156.0,156.0,"Uline: Sontara Dispenser Box Wipers - 9"" x 17"" - 8/Cs - S-17192",0.3342190391252715,0.0,2.005314234751629,2.005314234751629,,,,0.0,0.0,3.0
505,25945,1.0,0.0,1.0,1.0,5,87,18.4,0.0,Sparse,,0.0,258.55,,212.74,J&J: Sponge Surgifoam Absorbable Gelatine 8cm x 12.5cm x 1cm  6/Pk - EA1974,0.05320658342792281,0.0,0.31923950056753686,0.31923950056753686,,,,0.0,0.0,0.0
506,25979,58.75,26.07544000450561,72.0,76.0,8,84,11.5,0.1969915281640044,Intermittent,10,1.4285714285714286,10.0,6.5,10.45,Maxill: OraVital ® CDLx Rinse 1L Unflavoured Ea - 40427,4.767987314858194,6.811410449797421,28.607923889149166,35.419334338946584,5.556473868797792,0.13560376504660682,,6.0,13.0,42.0
507,26034,5.333333333333333,5.195046269969733,4.0,30.0,30,62,3.066666666666667,0.948814655172414,Erratic,3,0.4285714285714285,116.79,,126.39,Ivoclar: Tetric PowerFill Bulk Fill IVA Cavifil Refill 20/pk - 668107WW,2.8283358881916065,1.212143952082117,16.97001532914964,18.182159281231755,1.3135173389950456,0.06737480132555487,,0.0,2.0,19.0
508,26043,53.26315789473684,21.52219037093049,70.0,73.0,19,73,4.842105263157895,0.1632747825392609,Intermittent,12,1.7142857142857142,,12.49,12.49,Oral Science: X-PUR Remin Toothpaste 70g Ea - 80061255,9.39290834148426,16.102128585401587,56.35745004890556,72.45957863430715,6.920411442300475,0.08718080508226016,,12.0,29.0,86.0
509,26044,5.0227272727272725,4.094742155403549,4.0,20.0,44,48,2.090909090909091,0.6646207937193448,Erratic,14,2.0,79.99,53.79,53.79,Dentsply: WaveOne Gold Reciprocating Files – Primary 21mm (Red) - WGPRIME21,2.9430694469960113,5.8861388939920225,17.658416681976068,23.54455557596809,2.148108788151543,0.08360786400772914,,4.0,10.0,28.0
510,26077,9.766233766233766,8.666171533606835,7.0,49.0,77,15,1.1948051948051948,0.7874089214874556,Erratic,14,2.0,79.99,53.79,53.79,Dentsply: WaveOne Gold Reciprocating Files Small/25mm (Yellow) 3/pk - WGSMALL25,8.530768241269891,17.061536482539783,51.18460944761935,68.24614593015913,1.4598213988507651,0.020942559938383117,,14.0,32.0,84.0
511,26078,4.829268292682927,4.329563713726767,4.0,25.0,41,51,2.2439024390243905,0.803758545046424,Erratic,14,2.0,79.99,,53.79,Dentsply: WaveOne Gold Reciprocating Files Medium/25mm (Green) 3/pk - WGMEDIUM25,3.289040330420666,6.578080660841332,19.734241982523997,26.312322643365327,1.6759181876281122,0.05987936854438684,,0.0,7.0,27.0
512,26079,2.9743589743589745,2.019473348323368,2.0,10.0,39,53,2.358974358974359,0.4609878590650229,Smooth,14,2.0,79.99,,53.79,Dentsply: WaveOne Gold Reciprocating Files Large/25mm (White) 3/pk - WGLARGE25,1.6225602074530627,3.2451204149061255,9.735361244718376,12.980481659624502,8.014043006708036,0.3817206216418703,,0.0,4.0,14.0
513,26081,12.879518072289155,14.113129668263024,10.0,115.0,83,9,1.108433734939759,1.2007357405527108,Erratic,14,2.0,79.99,,53.79,Dentsply: WaveOne Gold Reciprocating Files Primary/25mm (Red) 3/pk - WGPRIME25,13.107179763180323,26.214359526360646,78.64307857908193,104.85743810544258,0.8903981463044084,0.008420012908677351,,8.0,35.0,114.0
514,26084,1.7297297297297298,1.3259933100352572,1.0,6.0,37,55,2.4864864864864864,0.5876600477430554,Erratic,14,2.0,161.59,110.67,110.67,Dentsply: (Ribbon) AH Plus Jet Syringe Starter Kit 1-15gm Ea - 60620115,0.7739980908083756,1.5479961816167511,4.643988544850253,6.1919847264670045,104.87624466572052,0.9442506217993015,,1.0,3.0,8.0
515,26085,22.57894736842105,10.808000069257774,21.0,50.0,19,73,4.842105263157895,0.2291307069861849,Intermittent,10,1.4285714285714286,,2.957037037037037,2.957,Ortho: Chewies Aligner Tray Seater White 2/pk - AC150WDS,4.822202405310833,6.888860579015476,28.933214431864997,35.822075010880475,5.410035732249822,0.13120928409300975,,6.0,13.0,42.0
516,26100,2.945945945945946,1.747155560490408,3.0,8.0,37,55,2.4864864864864864,0.3517333931861328,Smooth,14,2.0,,94.86333333333332,94.86,Align: iTero Element Disposable Scanners Sleeves 25/Bx - 217596,1.4525416408080698,2.9050832816161396,8.715249844848419,11.620333126464558,81.4076893795208,0.8750878196328755,,0.0,3.0,12.0
517,26107,3.6875,2.6933310710093767,3.0,10.0,32,60,2.875,0.5334766613227567,Erratic,12,1.7142857142857142,,,211.99,Philips: Zoom In-Office (881055601520) Whitening Kit Ea- ZM2665,0.6778077129375317,1.161956079321483,4.06684627762519,5.228802356946673,3.8125706613906165,0.4216804962761894,,9.0,11.0,16.0
518,26161,9.28358208955224,8.209023066205413,7.0,39.0,67,25,1.373134328358209,0.7819010349355358,Erratic,3,0.4285714285714285,40.31,19.84,0.0,Oral-B: Crest GUM & Detoxify Toothpaste 20ml 36/Ca - 5610008028,5.843718379974947,2.5044507342749767,35.06231027984968,37.56676101412466,1.483274610763292,0.03798395025836927,,17.0,20.0,56.0
519,26181,5.307692307692308,4.979715940714132,3.0,25.0,39,53,2.358974358974359,0.8802330337500968,Erratic,14,2.0,79.99,53.79,53.79,Dentsply: WaveOne Gold Reciprocating Files Small/21mm (Yellow) 3/pk - WGSMALL21,2.167268499887957,4.334536999775914,13.00361099932774,17.338147999103654,1.4454475727845066,0.07695265622880997,,10.0,15.0,29.0
520,26217,10.0,,10.0,10.0,1,91,92.0,,Sparse,,0.0,159.12,191.91,224.7,"Sable: NSK Ti-Max X600L, NSK NL9000S, NL4500, X450, Sabra Power 45S Handpieces Parts - 1000168",0.13846153846153847,0.0,0.8307692307692308,0.8307692307692308,,,,0.0,0.0,0.0
521,26259,1.0,0.0,1.0,1.0,12,80,7.666666666666667,0.0,Intermittent,,0.0,,,299.99,Oral Science: Cetacaine Topical Anesthetic 24g Bottle Ea - CE-211,0.113283734381248,0.0,0.679702406287488,0.679702406287488,,,,0.0,0.0,1.0
522,26270,1.8333333333333333,0.9831920802501752,1.5,3.0,6,86,15.333333333333334,0.2876033057851241,Sparse,,0.0,113.99,143.99,143.99,Garrison: Composi-Tight 3D Fusion Ring Placement Forceps Ea - FXP01,0.12408976960725795,0.0,0.7445386176435478,0.7445386176435478,,,,0.0,0.0,0.0
523,26310,3.804347826086957,3.249749154199042,3.0,17.0,46,46,2.0,0.7296914285714282,Erratic,14,2.0,79.99,,53.79,Dentsply: WaveOne Gold Reciprocating Files Primary/31mm (Red) 3/Pk - WGPRIME31,2.7579416558822354,5.515883311764471,16.547649935293414,22.063533247057883,2.1420877399138285,0.08849546727459597,,0.0,6.0,23.0
524,26312,2.576923076923077,1.8148956316676048,2.0,8.0,26,66,3.5384615384615383,0.496021385609267,Erratic,14,2.0,79.99,53.79,53.79,Dentsply: WaveOne Gold Reciprocating Files Large/31mm (White) 3/Pk - WGLARGE31,1.048957492567883,2.097914985135766,6.293744955407298,8.391659940543065,9.262545394519641,0.5246650992624099,,0.0,3.0,10.0
525,26343,4.0,4.0,2.0,10.0,4,88,23.0,1.0,Sparse,,0.0,73.51,0.0,0.0,Septodont: Standard Aspirating Thumb Ring Gold Standard Syringe Ea - P11049,0.12636986301369865,0.0,0.7582191780821919,0.7582191780821919,1.3333333333333333,0.6374849907215369,,0.0,0.0,0.0
526,26370,1.6842105263157894,1.2042808632793345,1.0,6.0,19,73,4.842105263157895,0.5112847222222223,Lumpy,12,1.7142857142857142,,179.99,179.99,Oral Science: Advantage Arrest Silver Diamine Fluoride 5ml Ea - 80075746,0.3901684674926882,0.5962732919254659,2.0869565217391304,3.0098710349435946,,,0.20652173913043478,0.0,1.0,4.0
527,26387,3.0444444444444443,2.305680293570992,2.0,10.0,45,47,2.0444444444444443,0.5735642427794382,Erratic,14,2.0,31.99,,16.68,Dentsply: WaveOne Gold Absorbent Point Primary 180/Bx - WGAPSP,2.1981723976171272,4.3963447952342545,13.189034385702763,17.585379180937018,4.080015809495578,0.18831947496444473,,0.0,5.0,19.0
528,26407,15.31578947368421,15.761920007818183,10.0,80.0,38,54,2.421052631578948,1.0591060823816694,Erratic,7,1.0,10.18,10.18,10.18,Medicom: SafeBasics Isolation Gowns Full Back with Neck Ties and Elastic Cuffs Regular - Blue - 10/Pack  - 8023,4.858812049247883,4.858812049247883,29.152872295487295,34.01168434473518,1.0062245187976806,0.028734569009217684,,31.0,36.0,66.0
529,26519,93.71428571428572,66.76754272777127,100.0,200.0,7,85,13.142857142857142,0.507597164386278,Lumpy,12,1.7142857142857142,2.34,2.124615384615385,2.12,Oral Science: Curaprox CS SMART Kids Toothbrush Ea - CELLO,5.855560513489391,12.22360248447205,42.78260869565218,45.17146681834673,2.012370311252993,0.042649568870916976,0.07608695652173914,2.0,15.0,58.0
530,26521,267.8,75.51228961138008,288.0,400.0,35,57,2.628571428571429,0.0795086047064112,Smooth,12,1.7142857142857142,2.34,,2.54,Oral Science: Curaprox CS Ultra Soft 5460 - Each - CS5460,60.59530145314078,103.87765963395562,363.57180871884464,467.44946835280024,13.197056174715755,0.027456884636144395,,493.0,597.0,961.0
531,26553,3.4761904761904763,2.5810665938531616,2.0,10.0,21,71,4.380952380952381,0.5513041846500281,Erratic,,0.0,79.99,53.79,53.79,Dentsply: WaveOne Gold Reciprocating Files Medium/21mm (Green) 3/Pk - WGMEDIUM21,1.3598715476079906,0.0,8.159229285647942,8.159229285647942,3.7931525375471575,0.3173553684660632,,0.0,0.0,9.0
532,26554,3.419354838709677,3.836441003051197,2.0,20.0,31,61,2.967741935483871,1.2588346979945415,Erratic,14,2.0,79.99,53.79,53.79,Dentsply: WaveOne Gold Reciprocating Files Medium/31mm (Green) 3/Pk - WGMEDIUM31,1.3128242600747226,2.6256485201494453,7.876945560448336,10.502594080597781,1.0347876272456005,0.08968998802753728,,3.0,6.0,14.0
533,26559,1.25,0.4522670168666454,1.0,2.0,12,80,7.666666666666667,0.1309090909090909,Intermittent,,0.0,,493.19,566.37,NobelBiocare: NobelParallel Conical Connection RP 5.0 x 10mm Ea - 37979,0.216201037532389,0.0,1.297206225194334,1.297206225194334,,,,0.0,0.0,2.0
534,26630,4.454545454545454,1.2135597524338355,5.0,6.0,11,81,8.363636363636363,0.0742190753852561,Intermittent,,0.0,,,75.67,"NobelBiocare: creos™ allo.gain mineralized corticocancellous (0.25-1.00 mm), vial, 1.0 cc Ea- N4530",0.31222722940675945,0.0,1.8733633764405568,1.8733633764405568,,,,0.0,0.0,2.0
535,26644,2.5,1.0,2.0,4.0,4,88,23.0,0.16,Sparse,,0.0,,,251.95,NobelBiocare: 30° Multi-unit Abutment Xeal Conical Connection RP 3.5 mm Ea- 300188,0.2068085106382979,0.0,1.2408510638297874,1.2408510638297874,,,,0.0,0.0,0.0
536,26645,2.0,0.0,2.0,2.0,2,90,46.0,0.0,Sparse,,0.0,,,251.95,NobelBiocare: 17° Multi-unit Abutment Xeal Conical Connection RP 2.5 mm Ea - 300182,0.04736842105263158,0.0,0.28421052631578947,0.28421052631578947,,,,0.0,0.0,0.0
537,26655,2.0,1.1547005383792517,2.0,3.0,4,88,23.0,0.3333333333333334,Sparse,,0.0,,,371.0,NobelBiocare: NobelReplace Conical Connection TiUltra RP 5.0 x 10 mm Ea- 300348,0.13834951456310682,0.0,0.8300970873786409,0.8300970873786409,,,,0.0,0.0,0.0
538,26656,1.0,0.0,1.0,1.0,2,90,46.0,0.0,Sparse,,0.0,,,371.0,NobelBiocare: NobelReplace Conical Connection TiUltra RP 5.0 x 11.5 mm Ea - 300349,0.016666666666666666,0.0,0.1,0.1,,,,0.0,0.0,0.0
539,26659,1.5714285714285714,0.7867957924694431,1.0,3.0,7,85,13.142857142857142,0.2506887052341597,Intermittent,,0.0,,,371.02,NobelBiocare: NobelReplace Conical Connection TiUltra RP 4.3 x 11.5 mm Ea - 300344,0.2622729202904714,0.0,1.5736375217428282,1.5736375217428282,,,,0.0,0.0,2.0
540,26678,8.5,5.398412465054624,7.5,20.0,8,84,11.5,0.403361344537815,Intermittent,,0.0,,,63.85,NobelBiocare: Temporary Snap Coping Multi-unit Plus Ea - 38915,0.7946663005241142,0.0,4.767997803144685,4.767997803144685,3.500000000000001,0.42331893202351795,,1.0,1.0,6.0
541,26718,7.568965517241379,6.041122438303957,6.0,25.0,58,34,1.5862068965517242,0.6370334281071892,Erratic,14,2.0,79.99,,53.79,Dentsply: ProTaper Gold Rotary File Shaping SX 19mm 6/Pk - PTGRSX19,5.402707932519991,10.805415865039983,32.41624759511995,43.22166346015993,1.9805314664637774,0.0438149401744485,,8.0,19.0,52.0
542,26739,3.6,2.298425248009962,3.0,9.0,30,62,3.066666666666667,0.4076202639421029,Smooth,3,0.4285714285714285,,60.49,60.49,Zyris: Isolite Posterior Medium Mouthpiece 10/Pk - CIL0701,1.5073295487133245,0.645998378019996,9.043977292279948,9.689975670299944,7.701639344262299,0.44283635175994923,,0.0,1.0,11.0
543,26746,6.0,2.9154759474226504,6.0,10.0,17,75,5.411764705882353,0.2361111111111111,Intermittent,14,2.0,,,100.46,Citagenix: RAPTOS .5cc Cortical Bone Allograft .25-1mm Jar Ea- COR02J-05,1.3634691311581053,2.7269382623162106,8.180814786948632,10.907753049264842,14.4,0.5689955948269497,,2.0,5.0,14.0
544,26777,2.5,1.7320508075688772,2.0,5.0,4,88,23.0,0.48,Sparse,,0.0,,64.83,66.3,NobelBiocare: Temporary Abutment Non-engaging Conical Connection NP Ea - 36661,0.10992044922788956,0.0,0.6595226953673373,0.6595226953673373,12.50000000000001,0.9498824759351253,,0.0,0.0,0.0
545,26778,8.666666666666666,7.985280576307444,6.5,22.0,18,74,5.111111111111111,0.8489383919248175,Lumpy,,0.0,,42.705,40.3,NobelBiocare: Implant Replica Conical Connection RP Ea - 36698,2.2494749492569817,0.0,10.173913043478262,13.49684969554189,1.3632265717674967,0.09173752188381783,0.1956521739130435,0.0,0.0,11.0
546,26781,2.0,0.6324555320336759,2.0,3.0,6,86,15.333333333333334,0.1,Sparse,,0.0,,,388.3,NobelBiocare: NobelParallel Conical Connection TiUltra NP 3.75 x 11.5mm Ea - 300298,0.10821951636494878,0.0,0.6493170981896927,0.6493170981896927,,,,0.0,0.0,0.0
547,26782,2.0,1.4142135623730951,2.0,3.0,2,90,46.0,0.5000000000000001,Sparse,,0.0,,,388.27,NobelBiocare: NobelParallel Conical Connection TiUltra RP 4.3 x 13mm Ea - 300306,0.07312500000000002,0.0,0.43875000000000014,0.43875000000000014,9007199254740992.0,1.0,,0.0,0.0,0.0
548,26783,2.0,1.224744871391589,2.0,4.0,5,87,18.4,0.3749999999999999,Sparse,,0.0,,,388.27,NobelBiocare: NobelParallel Conical Connection TiUltra RP 5.0 x 10mm Ea - 300311,0.07747393062353693,0.0,0.4648435837412216,0.4648435837412216,,,,0.0,0.0,0.0
549,26784,2.75,0.957427107756338,2.5,4.0,4,88,23.0,0.1212121212121211,Sparse,,0.0,,401.76,388.27,NobelBiocare: NobelParallel Conical Connection TiUltra RP 5.0 x 11.5mm Ea - 300312,0.10895110410094637,0.0,0.6537066246056782,0.6537066246056782,,,,0.0,0.0,0.0
550,26786,2.0,1.224744871391589,2.0,4.0,5,87,18.4,0.3749999999999999,Sparse,,0.0,,,388.27,NobelBiocare: NobelParallel Conical Connection TiUltra WP 5.5 x 10mm Ea - 300318,0.10817404992129527,0.0,0.6490442995277717,0.6490442995277717,,,,0.0,0.0,0.0
551,26803,2.6666666666666665,1.8797162906495577,2.0,6.0,21,71,4.380952380952381,0.496875,Erratic,5,0.7142857142857143,77.99,73.5575,73.5575,Premier: Vac Attack Evacuation Cleaner Powder Green 800gm Ea - 9011105,0.7022567725950689,0.5016119804250493,4.213540635570413,4.715152615995462,8.205128205128213,0.6350580392736862,,2.0,3.0,8.0
552,26943,1.8823529411764703,1.21872643265298,1.0,5.0,17,75,5.411764705882353,0.419189453125,Intermittent,,0.0,,333.05,333.05,Straumann: Ø 4.1mm Bone Level Tapered Implants Ea - 021.5310,0.32412217714450337,0.0,1.9447330628670203,1.9447330628670203,,,,0.0,0.0,2.0
553,26946,2.4285714285714284,0.5345224838248488,2.0,3.0,7,85,13.142857142857142,0.0484429065743944,Intermittent,,0.0,381.5,,333.05,"Straumann: BLT, Ø 4.1mm RC, SLActive® 8mm, Roxolid®, Loxim™Bone Level Tapered Implant Ea - 021.5308",0.23643953652596547,0.0,1.4186372191557928,1.4186372191557928,,,,0.0,0.0,2.0
554,26958,2.0,1.7580981459830651,1.0,7.0,12,80,7.666666666666667,0.7727272727272727,Lumpy,,0.0,381.5,333.99,333.06,"Straumann: BLT, Ø 3.3mm NC, SLActive® 10mm, Roxolid®, Loxim™Bone Level Tapered Implant Ea- 021.3310",0.19739556747075873,0.0,1.5652173913043477,1.1843734048245524,3.666666666666667,0.7558516550327168,0.13043478260869565,0.0,0.0,2.0
555,26961,1.625,0.7440238091428449,1.5,3.0,8,84,11.5,0.209636517328825,Intermittent,,0.0,381.5,,333.06,"Straumann: BLT, Ø 4.1mm RC, SLActive® 12mm, Roxolid®, Loxim™Bone Level Tapered Implant Ea - 021.5312",0.14561077222732055,0.0,0.8736646333639233,0.8736646333639233,,,,0.0,0.0,1.0
556,27081,5.0,0.0,5.0,5.0,3,89,30.666666666666668,0.0,Sparse,,0.0,,,112.96,NobelBiocare: creos xenocote 3/4 in x 1½ in (2 cm x 4 cm) 10/Pk - WD62201,0.13066202090592335,0.0,0.7839721254355401,0.7839721254355401,,,,0.0,0.0,0.0
557,27143,3.25,2.047815515884371,2.5,8.0,32,60,2.875,0.3970223325062034,Smooth,3,0.4285714285714285,174.392,126.06166666666668,126.063,Kerr: SonicFill 3 Composite Unit Dose Refill 20/Pk - 367 : Kerr: SonicFill 3 Composite Unit Dose A2 Refill 20/Pk - 36712,0.8951140903916401,0.38362032445356,5.37068454234984,5.7543048668034,11.194444444444457,0.660487935650531,,3.0,4.0,10.0
558,27162,4.173913043478261,3.240743041177008,3.0,15.0,46,46,2.0,0.6028404706790125,Erratic,14,2.0,31.99,20.14,20.14,Dentsply: WaveOne Gold Conform Fit Gutta-Percha Points Primary 60/Pk - WGGPCP,4.114154355888776,8.228308711777553,24.68492613533266,32.91323484711021,2.752870892797873,0.07718450993424794,,0.0,9.0,34.0
559,27163,3.74,3.3673704390027224,3.0,16.0,50,42,1.84,0.8106597038426454,Erratic,14,2.0,31.99,20.141578947368423,20.14,Dentsply: WaveOne Gold Conform Fit Gutta-Percha Points Small 60/Pk - WGGPCS,4.058885851862826,8.117771703725651,24.353315111176954,32.471086814902606,1.8406713932753254,0.05364549907665811,,0.0,9.0,34.0
560,27199,1.0,0.0,1.0,1.0,2,90,46.0,0.0,Sparse,14,2.0,,,1599.99,Coltene: BioSonic Ultrasonic Scaler US100R Ea - US100R115T,0.03383458646616541,0.06766917293233082,0.20300751879699247,0.2706766917293233,,,,0.0,0.0,0.0
561,27209,50.0,0.0,50.0,50.0,2,90,46.0,0.0,Sparse,90,12.857142857142858,,52.48,52.48,Generic: Sterile Surgical Patient Pack Ea - VPP1009,1.5734265734265733,20.229770229770228,9.44055944055944,29.670329670329668,,,,0.0,0.0,0.0
562,27231,1.7142857142857142,1.1892374507581378,1.0,5.0,21,71,4.380952380952381,0.48125,Erratic,7,1.0,143.0,143.0,143.0,Germiphene: Wash-Checks U Ultrasonic Test Strips 50/Bx - WC-108,0.6737763193328384,0.6737763193328384,4.04265791599703,4.716434235329869,,,,0.0,1.0,6.0
563,27269,2.0,0.0,2.0,2.0,4,88,23.0,0.0,Sparse,,0.0,,,248.14,Vident: VITA ENAMIC HT 14 3M2 For CEREC 5/Pk - EC43M2HTEM14,0.1540041067761807,0.0,0.9240246406570842,0.9240246406570842,,,,0.0,0.0,0.0
564,27272,2.0,0.7071067811865476,2.0,3.0,5,87,18.4,0.125,Sparse,,0.0,237.99,276.125,275.415,Ivoclar: IPS e.max CAD LT C14 A2 For CEREC 5/Bx - 605329,0.149475890985325,0.0,0.8968553459119499,0.8968553459119499,,,,0.0,0.0,0.0
565,27277,11.956521739130435,25.265660948971945,6.0,133.0,46,46,2.0,4.465309972451792,Erratic,7,1.0,59.0,59.0,59.0,DiaDent: Dia-Root Root Canal Sealer Regular Kit Ea - 1003-701,2.915241397848594,2.915241397848594,17.491448387091566,20.40668978494016,0.22822329759754673,0.011060056162324264,,23.0,26.0,44.0
566,27317,20.525,19.56316200649342,12.5,96.0,40,52,2.3,0.9084724702320668,Erratic,3,0.4285714285714285,,11.51,11.51,Oral-B: Crest Gum Care Compact Toothbrush Extra Soft 12/Pk - 0041010656,8.107355985956556,3.4745811368385233,48.644135915739334,52.11871705257786,1.1631269247106293,0.02182970479036752,,28.0,32.0,81.0
567,27336,1.6666666666666667,0.5773502691896257,2.0,2.0,3,89,30.666666666666668,0.1199999999999999,Sparse,,0.0,,,472.46,Brasseler: 703L HP Long Flat-End Taper 44.5mm 100/Pk - 001408S1,0.06606851549755301,0.0,0.39641109298531807,0.39641109298531807,,,,0.0,0.0,0.0
568,27362,6.0,1.0,6.0,7.0,5,87,18.4,0.0277777777777777,Sparse,,0.0,19.0,,40.0,Generic: Stainless Steel Dental Luxating Elevators L–5C Ea - 40-4194,0.25938337801608585,0.0,1.556300268096515,1.556300268096515,,,,0.0,0.0,0.0
569,27373,3.75,2.8722813232690143,2.5,8.0,4,88,23.0,0.5866666666666668,Sparse,,0.0,,,395.0,NobelBiocare: NobelParallel Conical Connection TiUltra RP 4.3 x 11.5mm Ea - 300305,0.11433530024297117,0.0,0.686011801457827,0.686011801457827,3.125,0.8199922127778753,,0.0,0.0,0.0
570,27374,2.0,1.6035674514745464,1.0,5.0,8,84,11.5,0.6428571428571429,Lumpy,20,2.857142857142857,284.79,204.235,0.0,Dentsply: Cavitron FSI Slimline Ultrasonic Insert FSI-SLI 10R 30 kHz Ea - 80397,0.20570915038396279,0.4968944099378882,1.0434782608695652,1.821995331972242,6.999999999999997,0.7934712881371568,0.08695652173913043,0.0,1.0,3.0
571,27412,4.0,1.0,4.0,5.0,5,87,18.4,0.0625,Sparse,14,2.0,505.0,,815.66,CeraRoot: CeraRoot34 8mmx4.1x4.8x5mm Short Abutement Ea - 340.008,0.21952635458901576,0.4390527091780315,1.3171581275340944,1.756210836712126,,,,0.0,0.0,0.0
572,27459,11.0,6.324555320336759,10.0,20.0,6,86,15.333333333333334,0.3305785123966943,Sparse,,0.0,24.58,17.0,17.0,H.S: Criterion N300 Ice Blue Ultra Exam Gloves Medium 300/bx - 1126831,0.47456733268959367,0.0,2.847403996137562,2.847403996137562,4.1724137931034475,0.5943763667909353,,0.0,0.0,0.0
573,27509,2.4615384615384617,1.1266014242982163,2.0,5.0,13,79,7.076923076923077,0.20947265625,Intermittent,,0.0,381.5,,60.75,"Straumann: RC Healing abutment - conical shape, Ø 4.5mm, H 4mm, Ti -  024.0001S",0.41750101649660204,0.0,2.5050060989796124,2.5050060989796124,,,,0.0,0.0,3.0
574,27516,1.5384615384615383,1.1266014242982163,1.0,5.0,13,79,7.076923076923077,0.5362500000000003,Lumpy,,0.0,381.5,,534.96,Straumann: Emdogain® - 5 x 0.15 ml (30 mg/ml) each - 075.098W,0.1878821537620229,0.0,1.3043478260869565,1.1272929225721375,,,0.14130434782608697,0.0,0.0,2.0
575,27535,2.333333333333333,0.5773502691896258,2.0,3.0,3,89,30.666666666666668,0.0612244897959183,Sparse,,0.0,,,333.05,"Straumann: BL, Ø 4.8mm RC, SLActive® 10mm, Roxolid®, Loxim™Bone Level Implant each #021.6310",0.04886475814412635,0.0,0.2931885488647581,0.2931885488647581,,,,0.0,0.0,0.0
576,27567,2.2,1.3201731488169055,2.0,5.0,15,77,6.133333333333334,0.3600944510035419,Intermittent,12,1.7142857142857142,,,157.24,Philips: ZOOM Nightwhite 16% Syringes 25/Pk - 881010425520,0.423352638671346,0.7257473805794502,2.540115832028076,3.265863212607526,,,,0.0,1.0,4.0
577,27712,1.0,0.0,1.0,1.0,2,90,46.0,0.0,Sparse,,0.0,415.99,397.0,397.0,Garrison: Strata-G Ring Matrix System - SGMA : Garrison: Strata-G Ring Matrix System - SGMA : Garrison: Strata-G Ring Matrix System Assorted Kit 3/Pk - SGR01,0.012747875354107648,0.0,0.07648725212464588,0.07648725212464588,,,,0.0,0.0,0.0
578,27714,3.888888888888889,2.0275875100994063,4.0,8.0,9,83,10.22222222222222,0.2718367346938775,Intermittent,,0.0,109.0,,67.88,"Straumann: AlloGraft Min. Cort./Canc. Granules, 250-1000 Microns, 0.5 cc - 070.226",0.6390987794350595,0.0,3.8345926766103573,3.8345926766103573,68.05555555555593,0.9466603871197108,,1.0,1.0,5.0
579,27722,1.0,0.0,1.0,1.0,6,86,15.333333333333334,0.0,Sparse,,0.0,203.57,,209.13,Parkell: Brush & Bond Self Etch Bonding Agent Complete Kit Ea - S284,0.06549074397485155,0.0,0.3929444638491093,0.3929444638491093,,,,0.0,0.0,0.0
580,27762,3.741935483870968,2.1419730744122667,4.0,12.0,62,30,1.4838709677419355,0.3276690512855498,Smooth,10,1.4285714285714286,136.47,73.194,0.0,Septodont: BioRoot Flow Biocompatible Root Canal Sealer 2 Gm Ea - 01E0510,2.5484554812967106,3.6406506875667297,15.290732887780264,18.93138357534699,16.54870967741939,0.4664223839414257,,2.0,6.0,22.0
581,27796,16.676470588235293,15.47211374619646,8.0,61.0,68,24,1.3529411764705883,0.8607777160779347,Erratic,14,2.0,2.02,2.606822429906542,2.6068,Mark 3: Microbrush Disposable 100/Tube - 80MA : Mark 3: Microbrush Disposable Fine Yellow&Pink  100/Tube - 8095,3.7761762207027827,7.552352441405565,22.657057324216694,30.20940976562226,1.248730993600792,0.03969500305686956,,102.0,110.0,133.0
582,27799,1.3333333333333333,0.5773502691896257,1.0,2.0,3,89,30.666666666666668,0.1874999999999999,Sparse,,0.0,370.0,,398.72,NobelBiocare: NobelParallel Conical Connection TiUltra NP 3.75 x 10mm Ea - 300297,0.04959677419354838,0.0,0.2975806451612903,0.2975806451612903,,,,0.0,0.0,0.0
583,27824,1.0,,1.0,1.0,1,91,92.0,,Sparse,,0.0,535.99,,351.49,Ivoclar: IPS e.max CAD LT B32 for CEREC 3/Box - 648MA : Ivoclar: IPS e.max CAD LT B32 A2 for CEREC 3/Box - 648205,0.0125,0.0,0.07500000000000001,0.07500000000000001,,,,0.0,0.0,0.0
584,27829,4.166666666666667,2.4802248187442912,4.5,9.0,12,80,7.666666666666667,0.3543272727272727,Intermittent,,0.0,53.0,42.72444444444445,40.3,NobelBiocare: Implant Replica Conical Connection NP each - 36697,0.9785596207693857,0.0,5.871357724616314,5.871357724616314,8.746819338422391,0.598352263808479,,1.0,1.0,7.0
585,27880,2.5,0.7071067811865476,2.5,3.0,2,90,46.0,0.08,Sparse,3,0.4285714285714285,879.0,869.29,869.29,Medtronic: Bis-Quatro Sensor 25/case -E75-186-0106,0.04759615384615385,0.020398351648351645,0.2855769230769231,0.30597527472527475,,,,0.0,0.0,0.0
586,27941,2.257142857142857,0.8958149764598097,2.0,4.0,70,22,1.3142857142857145,0.157513776359697,Smooth,3,0.4285714285714285,60.8,67.8475,67.85,Kimberly: Kleenex Ultra Reveal Multi-fold Towels 9.4x8in 2400/Ca - 46321,1.5556698050657662,0.6667156307424711,9.334018830394598,10.00073446113707,,,,1.0,2.0,12.0
587,27951,1.25,0.4629100498862757,1.0,2.0,8,84,11.5,0.1371428571428571,Intermittent,12,1.7142857142857142,,,529.99,Oral Science: Cetylite Cetacaine Topical Anesthetic Liquid Clinical Kit Ea - CE-212,0.09582626234974201,0.16427359259955773,0.574957574098452,0.7392311666980098,,,,0.0,1.0,2.0
588,27996,5.35,4.112094604200919,4.0,22.0,60,32,1.5333333333333334,0.5907702693300138,Erratic,3,0.4285714285714285,49.19,,45.0,H.S: Disposable Paper Solo Funnel Evacuator Cups w/ Rolled Edges 250/Pk - 6SRX-2050,7.336558184270582,3.144239221830249,44.01934910562349,47.16358832745374,2.47614002932551,0.0498822235997862,,0.0,4.0,49.0
589,28049,2.142857142857143,0.8997354108424372,2.0,4.0,7,85,13.142857142857142,0.1762962962962962,Intermittent,,0.0,,,339.82,Nobelbiocare: NobelActive RP 5.0 x 8.5 mm each - 35225,0.12285019904745427,0.0,0.7371011942847256,0.7371011942847256,,,,0.0,0.0,1.0
590,28075,19.22222222222222,26.38075898158437,3.0,80.0,9,83,10.22222222222222,1.883507634735541,Lumpy,7,1.0,5.19,3.8235135135135137,3.803,Plasdent: Dry Oral Cup Plastic Ea - 8118,2.0531630435189028,1.880434782608696,11.282608695652177,14.372141304632319,0.5460051628674893,0.03660006717704499,0.09782608695652176,0.0,2.0,14.0
591,28100,2.176470588235294,0.7276068751089989,2.0,3.0,17,75,5.411764705882353,0.1117604090577063,Intermittent,7,1.0,,,135.4,Zimmer: Puros Cortico-Cancellous Particulate Allograft 1cc 0.25-1.0mm Ea - 68801,0.5179254027965253,0.5179254027965253,3.1075524167791517,3.625477819575677,,,,0.0,1.0,5.0
592,28158,2.56,1.083205120618128,3.0,4.0,25,67,3.68,0.1790364583333333,Smooth,3,0.4285714285714285,174.392,,170.0,Kerr: SonicFill 3 Composite Unit Dose Refill 20/Pk - 367 : Kerr: SonicFill 3 Composite Unit Dose A3 Refill 20/Pk - 36713,0.4526268903368997,0.1939829530015284,2.715761342021398,2.9097442950229264,,,,2.0,3.0,6.0
593,28264,2.5,0.7071067811865476,2.5,3.0,2,90,46.0,0.08,Sparse,,0.0,594.0,560.0173933649289,388.27,NobelBiocare: NobelParallel Conical Connection TiUltra RP 4.3 x 10 mm each - 300304,0.0642857142857143,0.0,0.3857142857142858,0.3857142857142858,,,,0.0,0.0,0.0
594,28265,1.6666666666666667,0.5773502691896257,2.0,2.0,3,89,30.666666666666668,0.1199999999999999,Sparse,,0.0,594.0,,388.27,NobelBiocare: NobelParallel Conical Connection TiUltra RP 5.0 x 8.5 mm each - 300310,0.06164383561643836,0.0,0.36986301369863017,0.36986301369863017,,,,0.0,0.0,0.0
595,28297,4.166666666666667,2.921047812892362,3.5,13.0,42,50,2.1904761904761907,0.4914731707317072,Erratic,14,2.0,79.99,,53.79,Dentsply: WaveOne Gold Reciprocating Files – Small/31mm (Yellow) 3/pk - WGSMALL31,2.090830734878715,4.18166146975743,12.544984409272292,16.72664587902972,3.9765673494723797,0.19207488738983966,,5.0,10.0,23.0
596,28378,1.0,0.0,1.0,1.0,3,89,30.666666666666668,0.0,Sparse,,0.0,,597.0,597.0,NobelBiocare: NobelActive TiUltra RP 5.0 x 11.5mm Ea - 300258,0.033185840707964605,0.0,0.19911504424778764,0.19911504424778764,,,,0.0,0.0,0.0
597,28456,2.419354838709677,1.4554310598212727,2.0,7.0,31,61,2.967741935483871,0.3618962962962964,Smooth,12,1.7142857142857142,154.99,179.99,169.99,Oral Science: Fluorimax 2.5% Sodium Fluoride Varnish Bottle 12ml Ea - 80079380BTMA : Oral Science: Fluorimax 2.5% Sodium Fluoride Varnish Bottle Mint 12ml Ea - 80079380BT-MT,0.7106124705938437,1.2181928067323033,4.263674823563062,5.4818676302953655,,,,2.0,4.0,9.0
598,28457,2.076923076923077,1.4411533842457842,2.0,5.0,13,79,7.076923076923077,0.4814814814814814,Lumpy,12,1.7142857142857142,154.99,88.32833333333333,169.99,Oral Science: Fluorimax 2.5% Sodium Fluoride Varnish Bottle 12ml Ea - 80079380BTMA : Oral Science: Fluorimax 2.5% Sodium Fluoride Varnish Bottle Bubble Gum 12ml Ea - 80079380BT-BG,0.29413089061618264,0.5031055900621119,1.7608695652173916,2.269009727610552,,,0.14130434782608697,0.0,1.0,3.0
599,28521,10.63076923076923,9.684990369718417,7.0,43.0,65,27,1.4153846153846157,0.8299826328168034,Erratic,7,1.0,2.77,2.9771428571428573,2.978,"3D: Surgical Aspirator Large Tip 25/Bx - ASPMA : 3D: Surgical Aspirator Reg Tip 1/8"" White 25/Bx - ASP18",2.1631215220951794,2.1631215220951794,12.978729132571075,15.141850654666255,1.3588506227572068,0.08235108313950323,,56.0,59.0,72.0
600,28522,9.342857142857143,10.696186393352752,6.0,53.0,35,57,2.628571428571429,1.3106855401027513,Erratic,7,1.0,2.77,2.9360714285714287,2.9395,"3D: Surgical Aspirator Large Tip 25/Bx - ASPMA : 3D: Surgical Aspirator Reg Tip 1/16"" Blue 25/Bx - ASP16",2.378185029790354,2.378185029790354,14.269110178742125,16.64729520853248,0.8308049853975567,0.04753405554260907,,22.0,25.0,40.0
601,28523,7.819672131147541,7.228435046678064,5.0,29.0,61,31,1.5081967213114753,0.8544988404408522,Erratic,7,1.0,2.77,2.978333333333333,2.978,"3D: Surgical Aspirator Large Tip 25/Bx - ASPMA : 3D: Surgical Aspirator Large Tip 1/4"" Green 25/Bx - ASP14",3.379022585009603,3.379022585009603,20.27413551005762,23.653158095067223,1.3762422910011478,0.0549850283975312,,27.0,31.0,52.0
602,28570,1.2222222222222223,0.4277926319464986,1.0,2.0,18,74,5.111111111111111,0.1225085075352454,Intermittent,,0.0,112.73,,111.66,Tokuyama: Estelite Sigma Quick PLT Composite A3 Refill 0.2g x 20/Bx - 13312,0.2917943028174465,0.0,1.750765816904679,1.750765816904679,,,,0.0,0.0,2.0
603,28618,2.6666666666666665,0.8660254037844386,2.0,4.0,9,83,10.22222222222222,0.10546875,Intermittent,,0.0,,,62.3,"Straumann: RC Closure cap - Ø 3.3mm, H 0mm, Ti each - 024.4100S",0.35056095131178305,0.0,2.103365707870698,2.103365707870698,,,,0.0,0.0,3.0
604,28696,7.333333333333333,9.0638758902495,4.0,40.0,27,65,3.4074074074074074,1.5276541640178003,Erratic,14,2.0,2.02,2.006086956521739,2.01,Mark 3: Microbrush Disposable 100/Tube - 80MA : Mark 3: Microbrush Disposable Superfine White 100/Tube - 8098,2.9519126345404625,5.903825269080925,17.711475807242774,23.6153010763237,0.7187571395933284,0.02953708474006961,,5.0,11.0,29.0
605,28773,5.133333333333334,4.373077809027588,4.0,14.0,15,77,6.133333333333334,0.7257306700720432,Lumpy,3,0.4285714285714285,,,35.0,H.S: Bendable Dispos-a-Brush 144/Pk - 751236,0.7894818419027289,0.358695652173913,5.021739130434783,5.075240412231828,1.8835035171318346,0.27066716870900437,0.16304347826086957,0.0,1.0,7.0
606,28818,4.4375,4.114506855829343,3.5,15.0,16,76,5.75,0.8597235998148516,Lumpy,,0.0,380.0,56.24666666666667,62.8,"Straumann: RB Closure Cap - H 0.4mm, Ti each - 064.4100S",1.0345826062940056,0.0,4.630434782608695,6.207495637764033,1.5763634089392928,0.2025169520004252,0.17391304347826086,0.0,0.0,5.0
607,28819,1.8148148148148149,1.110683678469362,1.0,5.0,27,65,3.4074074074074074,0.3745554736808379,Smooth,6,0.8571428571428571,90.99,,95.0,Premier: X5 Sectional Anatomical Matrix Refill 5.5mm 80/Pk - 9061162,0.7936466049026792,0.6802685184880107,4.761879629416075,5.442148147904086,,,,0.0,1.0,6.0
608,28831,9.875,14.053662682112757,4.0,58.0,24,68,3.8333333333333335,2.025372188124813,Erratic,6,0.8571428571428571,,12.12875,12.1285,HSB: Crystal Air/Water Plastic Tips 250/Pk - 100605,2.322760636220713,1.9909376881891827,13.936563817324279,15.927501505513462,0.5197217877418607,0.03159936352022339,,20.0,22.0,36.0
609,28836,13.7,10.49920631920972,10.5,30.0,10,82,9.2,0.5873159642673201,Lumpy,3,0.4285714285714285,4.5,3.4519907407407406,3.005,Baxter: Saline Sodium Chloride 0.9% bag : Baxter: Saline Sodium Chloride 0.9% 100ml  bag Ea - JB1302P,1.6137156616910968,0.638198757763975,8.934782608695652,10.373886396585622,1.9443024861878455,0.15783996370658682,0.10869565217391305,0.0,1.0,10.0
610,28865,3.2549019607843137,2.7117753391820787,3.0,17.0,51,41,1.803921568627451,0.6941152562055452,Erratic,7,1.0,58.08,0.0,0.0,Medicom: Duraflor Ultra 5% Sodium Fluoride White Varnish Unit Dose Mint 0.4mL x 30/Packs  - 1031-M30,1.2278354650075285,1.2278354650075285,7.367012790045171,8.5948482550527,2.584738449532128,0.2312016103844079,,9.0,11.0,19.0
611,28866,2.142857142857143,1.4327979804948263,2.0,7.0,28,64,3.2857142857142856,0.4470781893004115,Smooth,7,1.0,58.08,51.934444444444445,51.93333333333333,Medicom: Duraflor Ultra 5% Sodium Fluoride White Varnish Unit Dose Strawberry 0.4mL x 30/Packs  - 1031-ST30,0.48585058768622325,0.48585058768622325,2.9151035261173392,3.4009541138035626,,,,2.0,3.0,6.0
612,28973,7.85,5.949568759250759,6.0,20.0,20,72,4.6,0.5744227907185301,Erratic,14,2.0,102.6,96.65,96.65,"Zimvie: Puros Cortico-Cancallous Particles 0.5cc, 250-1000 ea #68800",1.4652829837511747,2.9305659675023494,8.791697902507048,11.722263870009398,2.2369650363011093,0.16024989999912181,,10.0,13.0,22.0
613,30040,4.111111111111111,1.4529663145135576,5.0,5.0,9,83,10.22222222222222,0.12490869247626,Intermittent,14,2.0,135.0,,95.1,BioHorizons: Resorbable Collagen Membrane 15mm x 20mm each - RCM-ML1520,0.585719669567263,1.171439339134526,3.5143180174035775,4.685757356538104,,,,0.0,2.0,6.0
614,30157,2.0,1.4142135623730951,2.0,3.0,2,90,46.0,0.5000000000000001,Sparse,,0.0,212.0,,228.0,NobelBiocare: Cytoplast™ RTM Collagen Membrane 15 mm x 20 mm 2/pkg - CLMRTM1520,0.022743682310469318,0.0,0.1364620938628159,0.1364620938628159,9007199254740992.0,1.0,,0.0,0.0,0.0
615,30160,3.28,2.8798148088606905,2.0,11.0,25,67,3.68,0.7708705135831848,Erratic,6,0.8571428571428571,,,6.835,"HSB: Cotton Tipped Applicators 3"" 1000/Bx - 100420",2.030880659461364,1.7407548509668833,12.185283956768185,13.926038807735068,2.1459574468085094,0.1335215248200325,,0.0,2.0,15.0
616,41707,3.888888888888889,1.9002923751652296,4.0,7.0,9,83,10.22222222222222,0.2387755102040815,Intermittent,3,0.4285714285714285,165.59,,106.67,Dentsply: PCD Nupro Revolv DPA (Disposable Prophy Angle) Soft Cup 200/Bx - 965250,0.5662818379243356,0.24269221625328666,3.3976910275460135,3.6403832437993002,,,,0.0,1.0,5.0
617,41937,1.3333333333333333,0.5773502691896257,1.0,2.0,3,89,30.666666666666668,0.1874999999999999,Sparse,,0.0,,,344.26,"BioHorizons: 4.2mm x 10.5mm Tapered Pro Implant, Laser-Lok, RBT - BTA4210",0.024725274725274724,0.0,0.14835164835164835,0.14835164835164835,,,,0.0,0.0,0.0
618,41938,1.5,0.7071067811865476,1.5,2.0,2,90,46.0,0.2222222222222222,Sparse,,0.0,,,344.41,"BioHorizons: 4.6mm x 10.5mm Tapered Pro Implant, Laser-Lok, RBT - BTA4610",0.029189189189189196,0.0,0.17513513513513518,0.17513513513513518,,,,0.0,0.0,0.0
619,41939,5.666666666666667,2.103388319888276,5.0,10.0,12,80,7.666666666666667,0.1377791758414596,Intermittent,14,2.0,,,91.0,BioHorizons: MinerOss-Cortical & Cancellous Chips 0.5CC - MO-C0.5,0.8778056928285503,1.7556113856571005,5.266834156971301,7.022445542628402,,,,0.0,2.0,8.0
620,42088,2.0416666666666665,1.26762930621338,2.0,5.0,24,68,3.8333333333333335,0.3854915524328633,Smooth,,0.0,31.99,,0.0,Dentsply: WaveOne Gold Conform Fit Gutta-Percha Points Large - WGGPCL,0.9513054707406793,0.0,5.7078328244440755,5.7078328244440755,,,,0.0,0.0,6.0
621,42120,1.0,0.0,1.0,1.0,3,89,30.666666666666668,0.0,Sparse,,0.0,380.0,,362.42,"Straumann: BLX Implant, 0 5.0mm WB, SLActive® 8mm, Roxolid® each - 061.7308",0.05984042553191488,0.0,0.3590425531914893,0.3590425531914893,,,,0.0,0.0,0.0
622,42159,3.0,1.6035674514745464,3.0,6.0,8,84,11.5,0.2857142857142857,Intermittent,,0.0,109.0,,100.66,"Straumann: AlloGraft C/C Mix, 250-1000 Microns 1.0 CC, Cortical/Cancellous Mix - 070.227",0.31563440691875416,0.0,1.8938064415125249,1.8938064415125249,,,,0.0,0.0,2.0
623,42222,1.6,0.5477225575051661,2.0,2.0,5,87,18.4,0.1171874999999999,Sparse,,0.0,,,339.82,NobelBiocare: NobelActive NP 3.5 x 10 mm Ea: 34125,0.08918464555898009,0.0,0.5351078733538805,0.5351078733538805,,,,0.0,0.0,0.0
624,42226,2.0,0.816496580927726,2.0,3.0,4,88,23.0,0.1666666666666666,Sparse,,0.0,,,350.7,NobelBiocare: NobelActive RP 4.3 x 8.5 mm Ea - 35223,0.10329626687847498,0.0,0.6197776012708499,0.6197776012708499,,,,0.0,0.0,0.0
625,42279,70.0,27.386127875258307,50.0,100.0,5,87,18.4,0.1530612244897959,Sparse,7,1.0,,0.5586538461538462,0.5675,DCI: Screen Disposable 1-7/8in. Diameter f/Vacuum canister Ea - 5820,4.215340533392109,4.215340533392109,25.29204320035265,29.50738373374476,7.205882352941175,0.19627462007675717,,0.0,0.0,0.0
626,42322,5.9,6.0635523141692005,3.0,20.0,10,82,9.2,1.0562099013693382,Lumpy,7,1.0,,,304.33,"Sable: Motor Air Mini 20,000 RPM ISO E-type Ea - 1600111",0.729280991732994,0.641304347826087,3.847826086956522,5.104966942130957,1.1277537796976242,0.18094084911392583,0.10869565217391305,0.0,1.0,5.0
627,42454,12.77777777777778,3.6324157862838944,10.0,20.0,9,83,10.22222222222222,0.080812854442344,Intermittent,4,0.5714285714285714,124.46,,126.84,"Geistlich: Bio-Oss 0.2-1 granule size, Vial size 0.25g Ea - GS20111",1.3058642307269812,0.7462081318439893,7.835185384361887,8.581393516205877,391.85185185185594,0.9785697276250921,,1.0,2.0,10.0
628,42592,4.75,3.774917217635375,3.5,10.0,4,88,23.0,0.631578947368421,Sparse,,0.0,,,239.21,Geistlich: Geistlich Bio-Gide 25x25 - GS20152,0.11224362958359228,0.0,0.6734617775015537,0.6734617775015537,2.375,0.7790814428208096,,0.0,0.0,0.0
629,42593,5.0,0.0,5.0,5.0,2,90,46.0,0.0,Sparse,,0.0,,,403.06,Geistlich: Geistlich Bio-Gide 30x40 - GS20154,0.07653061224489795,0.0,0.4591836734693877,0.4591836734693877,,,,0.0,0.0,0.0
630,42614,1.5,0.7071067811865476,1.5,2.0,2,90,46.0,0.2222222222222222,Sparse,,0.0,,,0.0,"TBS Dental: FRINGS Ganz Extracting Forceps – Micro Roots, Universal Ea - 33011F",0.026470588235294117,0.0,0.1588235294117647,0.1588235294117647,,,,0.0,0.0,0.0
631,42630,42.16666666666666,27.20238403099436,25.0,84.0,12,80,7.666666666666667,0.4161744300162336,Intermittent,3,0.4285714285714285,14.17,,0.0,"Metrex: CaviWipes HP Towelettes / Wipes Regular 6"" X 6.75"" 160/Cn - 11-1610",4.217474182233589,1.8074889352429664,25.304845093401536,27.1123340286445,2.5480367676329014,0.08590711104504126,,5.0,7.0,33.0
632,42650,1.3333333333333333,0.5773502691896257,1.0,2.0,3,89,30.666666666666668,0.1874999999999999,Sparse,,0.0,464.79,,484.79,CHS: PerioPlus #2 Rinse Take Home Mint 250ml 36/Ca - PP6142502,0.028935698447893572,0.0,0.17361419068736145,0.17361419068736145,,,,0.0,0.0,0.0
633,42677,4.5,0.7071067811865476,4.5,5.0,2,90,46.0,0.0246913580246913,Sparse,,0.0,328.0,250.92,0.0,Sable: Hygienist Swivel Prophy Handpiece  - 1600005,0.12413793103448276,0.0,0.7448275862068965,0.7448275862068965,,,,0.0,0.0,0.0
634,43884,17.0,10.895222914329985,10.0,40.0,18,74,5.111111111111111,0.410746997761042,Intermittent,7,1.0,9.0,9.0,9.0,Primed: Medical Face Mask Ear Loop  - PG4MA : Primed: Medical Face Mask Ear Loop 50/PK - PG4-1273,3.427969175688665,3.427969175688665,20.56781505413199,23.995784229820657,2.8415268941584735,0.10587971652717361,,5.0,9.0,30.0
635,44214,1.5,0.5773502691896257,1.5,2.0,4,88,23.0,0.1481481481481481,Sparse,,0.0,120.4,0.0,0.0,Silmet: Spherodon Plus Spill Regular set 50/Pk - 1314MA : Silmet: Spherodon Plus Spill 2 Regular set 50/Pk - 131472,0.04392764857881138,0.0,0.2635658914728683,0.2635658914728683,,,,0.0,0.0,0.0
636,44224,1.3333333333333333,0.5773502691896257,1.0,2.0,3,89,30.666666666666668,0.1874999999999999,Sparse,,0.0,,,608.21,Straumann: Emdogain multipack 3 X 0.3 ML (30 MG/ML) Prefgel® 3 X 0.6 ML (24% EDTA) - 075.114W,0.07817796610169492,0.0,0.4690677966101695,0.4690677966101695,,,,0.0,0.0,0.0
637,44785,1.6666666666666667,1.0327955589886446,1.0,3.0,6,86,15.333333333333334,0.384,Sparse,,0.0,,,333.06,"Straumann: BL, Ø 4.1MM RC, SLACTIVE® 10MM, ROXOLID®, LOXIM™BONE LEVEL IMPLANT - 021.4310",0.13188716345669052,0.0,0.7913229807401432,0.7913229807401432,,,,0.0,0.0,0.0
638,45107,8.34375,6.1361402967937,5.0,21.0,32,60,2.875,0.5408389929405929,Erratic,7,1.0,12.27,12.27,12.27,Medicom: SafeWear Form Fit Isolation Gown Open Back Knit Cuffs  Belt on Right Side Regular -Yellow - 12/Pack  - 8113,2.6136517760641547,2.6136517760641547,15.681910656384929,18.295562432449085,2.375360072573434,0.11491311391624061,,12.0,15.0,31.0
639,45205,1.0,,1.0,1.0,1,91,92.0,,Sparse,,0.0,1940.06,,1948.99,J.Morita: Tri Auto ZX2+  - 24-K352ENG,0.010975609756097562,0.0,0.06585365853658537,0.06585365853658537,,,,0.0,0.0,0.0
640,45222,5.375,5.974648824109127,4.0,20.0,8,84,11.5,1.2355713513095885,Lumpy,7,1.0,1196.58,,533.13,J.Morita: TwinPower Turbine 4H PAR-4HX-O-KV (Kavo MULTIflex LUX Coupling)  - 16-5901111,0.4517729489383076,0.46739130434782605,2.8043478260869565,3.1624106425681533,0.9528121319199059,0.23153354851814492,0.08695652173913043,0.0,1.0,4.0
641,45309,11.0,18.991226044325487,4.0,54.0,7,85,13.142857142857142,2.9807162534435263,Lumpy,7,1.0,1196.58,,533.69,J.Morita: TwinPower Turbine 4H PAR-4HUEX-O-KV (Kavo MULTIflex LUX Coupling)  - 16-5357497,1.0032010982435144,0.8369565217391305,5.021739130434783,7.022407687704601,0.34604385128693993,0.0469628997973026,0.07608695652173914,0.0,1.0,7.0
642,45318,3.375,2.1998376563477846,3.0,8.0,8,84,11.5,0.4248481285518321,Intermittent,7,1.0,1196.58,,528.5816666666667,J.Morita: TwinPower Turbine 4H PAR-4HEX-O-KV-45 (Kavo MULTIflex LUX Coupling) with Light  - 16-5350522,0.08186339806163877,0.08186339806163877,0.4911803883698326,0.5730437864314714,7.77896341463415,0.9313884946892338,,0.0,1.0,2.0
643,46321,3.1379310344827585,2.20404950960144,2.0,11.0,58,34,1.5862068965517242,0.4933508750744147,Erratic,180,25.714285714285715,,63.49666666666667,63.495916666666666,SOBE: Disposable Scanner Sleeves 25/Bx - DSLEEVE,1.392856028196551,35.81629786791131,8.357136169179306,44.173434037090615,5.725096122357396,0.11473476481297476,,29.0,65.0,74.0
644,46394,4.0,1.4142135623730951,4.0,5.0,2,90,46.0,0.125,Sparse,,0.0,,,256.61,"Geistlich: FIBRO-GIDE® 15X20X3 MM THINNER, 1 UNIT/BOX - 131200838 / GS00838 / 500838",0.05976562500000001,0.0,0.35859375000000004,0.35859375000000004,,,,0.0,0.0,0.0
645,48230,1.0,0.0,1.0,1.0,3,89,30.666666666666668,0.0,Sparse,,0.0,903.58,,1056.54,3M: Unitek Stainless Steel Crowns Size Assorted Primary Molar Set 112/Bx  - 902150,0.02416756176154672,0.0,0.1450053705692803,0.1450053705692803,,,,0.0,0.0,0.0
646,48231,1.6923076923076923,0.9501757774733924,1.0,5.0,39,53,2.358974358974359,0.3152457590256632,Smooth,10,1.4285714285714286,56.11,58.92,58.92,3M: Finishing Strips Sof-Lex 7X5/64 Cor/Med/Nar 100/Pk  - 1954N,0.5902862428846768,0.843266061263824,3.541717457308061,4.384983518571885,,,,1.0,2.0,6.0
647,48239,5.136363636363637,3.522653958181375,5.0,13.0,22,70,4.181818181818182,0.4703578980343018,Smooth,10,1.4285714285714286,55.0,,57.75,3M: Imprint 4 Bite Registration 50 mL Fast Set Refill 2/Pk  - 71529,1.7607509396415628,2.5153584852022326,10.564505637849377,13.07986412305161,3.627556818181818,0.21712248891922709,,0.0,3.0,14.0
648,48240,3.611111111111111,2.5699368014405906,2.5,8.0,18,74,5.111111111111111,0.5064810302819354,Lumpy,10,1.4285714285714286,129.97,136.48,136.48,3M: Imprint 4 Impression Material Heavy Mint Refill Ea  - 71492,0.8987523579494697,1.0093167701863355,4.239130434782609,6.676446087624632,4.356198447355652,0.39484626134231166,0.1956521739130435,0.0,2.0,7.0
649,48247,1.2666666666666666,0.5799686511904211,1.0,4.0,45,47,2.0444444444444443,0.2096449257114077,Smooth,10,1.4285714285714286,233.28,244.96,244.96,3M: Express Impression Material Putty 610 mL Kit Pk  - 7312,0.5451676826572944,0.7788109752247063,3.2710060959437666,4.049817071168473,,,,0.0,1.0,5.0
650,48252,1.8,1.3984117975602022,1.0,5.0,10,82,9.2,0.6035665294924555,Lumpy,10,1.4285714285714286,180.7,189.75,189.75,3M: Impregum F Polyether Double Package Medium Body Ea  - 31712,0.2878287085761654,0.27950310559006214,1.173913043478261,2.138156120851514,20.828571428571387,0.9069020122152649,0.10869565217391305,0.0,1.0,3.0
651,48273,11.792682926829269,9.082254852560869,9.5,49.0,82,10,1.1219512195121952,0.5931467089902279,Erratic,10,1.4285714285714286,149.28,,153.76,3M: Scotchbond Universal Adhesive Light Cure Vial Refill 5ml  - 41258,5.241881835936902,7.488402622767003,31.451291015621415,38.93969363838842,1.9671549504631107,0.04808864574816515,,54.0,62.0,94.0
652,48292,1.8333333333333333,1.2477622245867563,1.0,6.0,42,50,2.1904761904761907,0.463213061882685,Smooth,10,1.4285714285714286,167.22,175.59,175.59,3M: Relyx Luting Plus Cement Clicker Automix Luting Cement Trial Kit Ea  - 3525TK,0.8699014634781115,1.2427163763973021,5.219408780868669,6.462125157265971,,,,0.0,2.0,8.0
653,48293,1.173913043478261,0.3875533878815898,1.0,2.0,23,69,4.0,0.108991146028183,Smooth,10,1.4285714285714286,319.12,319.12,319.12,3M: Relyx Luting Plus Cement Clicker Dentin Replacement Luting Cement Kit Pk  - 3525,0.3112143103335738,0.4445918719051054,1.8672858620014425,2.311877733906548,,,,0.0,1.0,3.0
654,48303,3.608695652173913,2.3988725209941184,3.0,10.0,46,46,2.0,0.4418896469411784,Smooth,10,1.4285714285714286,27.69,29.09,29.09,3M: Clinpro Sealant 1.2 mL Refill Syringe Pk  - 12627,1.64689983130223,2.3527140447174717,9.88139898781338,12.234113032530852,6.068652976528394,0.3315702650366954,,3.0,6.0,16.0
655,48325,2.119047619047619,1.5174172690492314,1.5,7.0,42,50,2.1904761904761907,0.5127770883819179,Erratic,10,1.4285714285714286,37.79,39.68,39.68,3M: RelyX Unicem Regular Automix Cement Mixing Tips Yellow 30/Pk  - 56851,1.109186849799676,1.5845526425709657,6.655121098798055,8.239673741369021,24.46963532248339,0.7480939225807487,,1.0,3.0,10.0
656,48330,11.963855421686748,9.421622488738636,9.0,47.0,83,9,1.108433734939759,0.6201676169608054,Erratic,10,1.4285714285714286,142.17,,146.5,3M: Scotchbond Universal Plus Adhesive Light Cure 5 mL Vial Refill Ea  - 41294,13.611165543293414,19.444522204704878,81.66699325976049,101.11151546446537,1.8636462432540912,0.018098017156251613,,0.0,20.0,102.0
657,48522,2.395348837209302,1.4982455594353228,2.0,6.0,43,49,2.13953488372093,0.391226676361939,Smooth,10,1.4285714285714286,227.67,216.79,216.79,3M: Adper Adhesive Plus Single Bond Vial : 3M: Adper Adhesive Plus Single Bond Vial Refill  - 51102,1.0148952534951858,1.4498503621359797,6.089371520971115,7.5392218831070945,,,,2.0,4.0,11.0
658,48525,3.367647058823529,2.380921756565457,2.5,10.0,68,24,1.3529411764705883,0.4998470206887795,Erratic,10,1.4285714285714286,155.53,163.31,163.31,3M: Automix Resin Cement Relyx Unicem 2 Refill : 3M: Automix Resin Cement Relyx Unicem 2 Refill A2 Universal  - 56846,2.4085346873192086,3.440763839027441,14.45120812391525,17.89197196294269,4.928444183854393,0.2159664465429179,,5.0,9.0,24.0
659,48527,3.5285714285714285,2.3512033833542514,3.0,9.0,70,22,1.3142857142857145,0.443999590461944,Smooth,10,1.4285714285714286,155.53,163.31,163.31,3M: Automix Resin Cement Relyx Unicem 2 Refill : 3M: Automix Resin Cement Relyx Unicem 2 Refill Translucent  - 56848,5.441094390932835,7.7729919870469075,32.64656634559701,40.419558332643916,6.226697334556108,0.1334876132176778,,0.0,8.0,41.0
660,48528,1.434782608695652,0.5897678246195884,1.0,3.0,23,69,4.0,0.1689623507805325,Smooth,10,1.4285714285714286,399.7,419.7,419.7,3M: Automix Resin Cement Relyx Unicem 2 Value Pk : 3M: Automix Resin Cement Relyx Unicem 2 Value Pk A2 Universal  - 56849,0.6188831698790339,0.8841188141129056,3.7132990192742037,4.59741783338711,,,,0.0,1.0,5.0
661,48529,1.2,0.447213595499958,1.0,2.0,5,87,18.4,0.1388888888888889,Sparse,,0.0,399.7,,419.7,3M: Automix Resin Cement Relyx Unicem 2 Value Pk : 3M: Automix Resin Cement Relyx Unicem 2 Value Pk A3 Opaque  - 56857,0.05185216155196922,0.0,0.3111129693118153,0.3111129693118153,,,,0.0,0.0,0.0
662,48530,2.2045454545454546,1.4399538987217524,2.0,6.0,44,48,2.090909090909091,0.426637534077961,Smooth,10,1.4285714285714286,399.7,419.7,419.7,3M: Automix Resin Cement Relyx Unicem 2 Value Pk : 3M: Automix Resin Cement Relyx Unicem 2 Value Pk Translucent  - 56858,1.780097446487814,2.542996352125449,10.680584678926884,13.223581031052333,,,,0.0,3.0,14.0
663,48533,1.0,0.0,1.0,1.0,9,83,10.22222222222222,0.0,Intermittent,10,1.4285714285714286,457.83,457.83,457.83,3M: Automix Resin Cement Uni Relyx Unicem Capsule Refill 50/Pk : 3M: Automix Resin Cement Uni Relyx Unicem Capsule Refill 50/Pk A2 Universal  - 56818,0.13237061421076904,0.18910087744395576,0.7942236852646143,0.98332456270857,,,,0.0,1.0,2.0
664,48534,3.022727272727273,2.8406405792768377,2.0,12.0,44,48,2.090909090909091,0.8831503483310477,Erratic,10,1.4285714285714286,94.71,,94.71,3M: Cement Automix Relyx Luting : 3M: Cement Automix Relyx Luting Trial Pack  - 3535TK,1.1647631248432457,1.6639473212046367,6.988578749059474,8.652526070264111,1.8105338576379642,0.1730405703602799,,7.0,9.0,16.0
665,48535,1.8333333333333333,1.3423437683592194,1.0,8.0,54,38,1.7037037037037035,0.5360985498206767,Erratic,10,1.4285714285714286,257.82,,270.72,3M: Cement Automix Relyx Luting : 3M: Cement Automix Relyx Luting Value Pack  - 3535,1.1848122467303308,1.6925889239004726,7.108873480381985,8.801462404282457,,,,1.0,3.0,11.0
666,48536,1.7894736842105263,1.2727462594467416,1.0,5.0,19,73,4.842105263157895,0.5058631295655517,Lumpy,10,1.4285714285714286,267.84,281.26,281.26,3M: Cement Resin 2 W/Clicker Disp : 3M: Cement Resin 2 W/Clicker Disp Translucent  - 56874,0.3149277389222841,0.5279503105590062,2.217391304347826,2.3394632034226817,,,0.20652173913043478,0.0,1.0,4.0
667,48539,1.7096774193548387,1.1311807514597825,1.0,6.0,31,61,2.967741935483871,0.437759582295004,Smooth,10,1.4285714285714286,205.64,205.64,205.64,3M: Cement System Ultimate Relyx Resin Automix Refill : 3M: Cement System Ultimate Relyx Resin Automix Refill A1  - 56887,0.7065073003103683,1.0092961433005263,4.23904380186221,5.248339945162736,,,,0.0,2.0,7.0
668,48542,2.6666666666666665,1.7961599250040283,2.0,8.0,57,35,1.6140350877192982,0.4536830357142857,Smooth,10,1.4285714285714286,205.64,215.95,215.95,3M: Cement System Ultimate Relyx Resin Automix Refill : 3M: Cement System Ultimate Relyx Resin Automix Refill Translucent  - 56890,1.565446724051822,2.2363524629311744,9.392680344310932,11.629032807242107,12.709219858156013,0.5221911380772544,,2.0,5.0,15.0
669,48636,4.186046511627907,3.2312154130302435,3.0,14.0,43,49,2.13953488372093,0.5958318636096412,Erratic,10,1.4285714285714286,136.02,142.83,142.83,3M: Filtek Composite Restorative Universal Z250 Refill : 3M: Filtek Composite Restorative Universal Z250 Refill A1 0.2 g Capsule 20/Pk  - 6021A1,2.1969834167659057,3.1385477382370084,13.181900500595434,16.32044823883244,2.80156795572831,0.1465100712824004,,3.0,7.0,21.0
670,48637,15.217948717948715,13.866382252648194,11.5,65.0,78,14,1.1794871794871795,0.830259978344855,Erratic,10,1.4285714285714286,136.02,142.83,142.83,3M: Filtek Composite Restorative Universal Z250 Refill : 3M: Filtek Composite Restorative Universal Z250 Refill A2 0.2 g Capsule 20/Pk  - 6021A2,11.905129183989976,17.007327405699964,71.43077510393985,88.43810250963982,1.307962181118355,0.014574033810008893,,30.0,48.0,120.0
671,48638,9.41891891891892,9.209891580515086,6.0,37.0,74,18,1.2432432432432432,0.9561079263999605,Erratic,10,1.4285714285714286,136.02,142.83,142.83,3M: Filtek Composite Restorative Universal Z250 Refill : 3M: Filtek Composite Restorative Universal Z250 Refill A3 0.2 g Capsule 20/Pk  - 6021A3,7.559634020803422,10.799477172576317,45.35780412482053,56.15728129739685,1.1765555363577105,0.02052113727831012,,15.0,26.0,72.0
672,48639,3.066666666666667,1.8997607504869949,2.0,9.0,45,47,2.0444444444444443,0.3837643925073037,Smooth,10,1.4285714285714286,136.02,142.83,142.83,3M: Filtek Composite Restorative Universal Z250 Refill : 3M: Filtek Composite Restorative Universal Z250 Refill A3.5 0.2 g Capsule 20/Pk  - 6021A3.5,1.9304039077175181,2.757719868167883,11.582423446305109,14.340143314472993,17.337802607076323,0.5473146096660916,,0.0,3.0,15.0
673,48641,3.611111111111111,0.9164438231805327,4.0,5.0,18,74,5.111111111111111,0.0644065436825617,Intermittent,10,1.4285714285714286,136.02,142.83,142.83,3M: Filtek Composite Restorative Universal Z250 Refill : 3M: Filtek Composite Restorative Universal Z250 Refill B1 0.2 g Capsule 20/Pk  - 6021B1,0.8062323023624967,1.1517604319464239,4.83739381417498,5.989154246121404,,,,0.0,2.0,7.0
674,48642,2.5,2.3804761428476167,1.5,6.0,4,88,23.0,0.9066666666666668,Sparse,,0.0,136.02,142.83,142.83,3M: Filtek Composite Restorative Universal Z250 Refill : 3M: Filtek Composite Restorative Universal Z250 Refill B2 0.2 g Capsule 20/Pk  - 6021B2,0.12324465765372876,0.0,0.7394679459223725,0.7394679459223725,1.9736842105263157,0.7274506171116181,,0.0,0.0,0.0
675,48649,3.441860465116279,1.943270752664611,3.0,8.0,43,49,2.13953488372093,0.3187719572854708,Smooth,10,1.4285714285714286,141.25,141.25,141.25,3M: Filtek Composite Restorative Universal Z250 Refill : 3M: Filtek Composite Restorative Universal Z250 Refill A2 4 g Syringe 1/Pk  - 6020A2,1.396162736208346,1.9945181945833514,8.376976417250075,10.371494611833427,35.42153087940856,0.7735136628214924,,3.0,5.0,14.0
676,48650,3.710526315789474,2.2887255362690047,3.0,11.0,38,54,2.421052631578948,0.3804664782482799,Smooth,10,1.4285714285714286,141.25,148.35,148.35,3M: Filtek Composite Restorative Universal Z250 Refill : 3M: Filtek Composite Restorative Universal Z250 Refill A3 4 g Syringe 1/Pk  - 6020A3,1.3423683044977974,1.917669006425425,8.054209826986785,9.97187883341221,9.012018523963548,0.47471909241345184,,4.0,6.0,15.0
677,48651,2.4375,1.547847968417226,2.0,6.0,16,76,5.75,0.4032434801665572,Intermittent,10,1.4285714285714286,141.25,141.25,141.25,3M: Filtek Composite Restorative Universal Z250 Refill : 3M: Filtek Composite Restorative Universal Z250 Refill A3.5 4 g Syringe 1/Pk  - 6020A3.5,0.43081365584571873,0.6154480797795983,2.5848819350743124,3.2003300148539107,,,,0.0,1.0,4.0
678,48660,4.045454545454546,4.292599087546718,3.0,20.0,22,70,4.181818181818182,1.1259160399420465,Erratic,,0.0,11.63,11.710833333333332,12.22,3M: Filtek Flowable Dispensing Tips : 3M: Filtek Dispensing Tips Filtek Flow 20/Pk  - 3700T,2.434120955267604,0.0,14.604725731605626,14.604725731605626,1.1380124240599867,0.0722880869139293,,0.0,0.0,15.0
679,48664,2.2,1.398411797560202,2.0,5.0,10,82,9.2,0.404040404040404,Intermittent,,0.0,110.41,108.43727272727271,108.44,3M: Filtek Supreme Ultra Flowable Restorative Composite : 3M: Filtek Suprem Ultra Flowable Restorative Composite A3 0.2 g Capsule 20/Pk  - 6033A3,0.2683114997485739,0.0,1.6098689984914434,1.6098689984914434,,,,0.0,0.0,2.0
680,48674,4.115384615384615,2.819079575516095,3.0,14.0,52,40,1.7692307692307692,0.4692386868276878,Smooth,10,1.4285714285714286,101.5,106.58,106.58,3M: Filtek Supreme Ultra Flowable Restorative Composite : 3M: Filtek Suprem Ultra Flowable Restorative Composite A1 2 g Syringe 2/Pk  - 6032A1,2.3542552296428134,3.3632217566325906,14.12553137785688,17.48875313448947,4.419927936656925,0.20174322325947516,,2.0,6.0,21.0
681,48675,8.144578313253012,7.457411651472912,5.0,33.0,83,9,1.108433734939759,0.8383763656051529,Erratic,10,1.4285714285714286,101.5,106.58,106.58,3M: Filtek Supreme Ultra Flowable Restorative Composite : 3M: Filtek Suprem Ultra Flowable Restorative Composite A2 2 g Syringe 2/Pk  - 6032A2,9.340310528483245,13.343300754976065,56.041863170899475,69.38516392587555,1.3974379083797352,0.019742675066564797,,0.0,14.0,71.0
682,48676,6.23943661971831,4.373507218738084,5.0,21.0,71,21,1.295774647887324,0.4913250877347511,Erratic,10,1.4285714285714286,101.5,106.58,106.58,3M: Filtek Supreme Ultra Flowable Restorative Composite : 3M: Filtek Suprem Ultra Flowable Restorative Composite A3 2 g Syringe 2/Pk  - 6032A3,5.150516071140108,7.357880101628726,30.903096426840648,38.26097652846937,3.0206533483851863,0.07317185288943209,,5.0,13.0,44.0
683,48677,3.458333333333333,1.7440374613713625,3.5,7.0,24,68,3.8333333333333335,0.254318478734214,Smooth,10,1.4285714285714286,101.5,101.46333333333334,101.5,3M: Filtek Supreme Ultra Flowable Restorative Composite : 3M: Filtek Suprem Ultra Flowable Restorative Composite A3.5 2 g Syringe 2/Pk  - 6032A3.5,0.6866449819117338,0.9809214027310483,4.119869891470403,5.100791294201451,,,,2.0,3.0,8.0
684,48692,5.695652173913044,5.530368906063514,3.0,19.0,23,69,4.0,0.9428037145536124,Erratic,10,1.4285714285714286,118.76,118.76,118.76,3M: Filtek Supreme Ultra Universal Restorative Composite : 3M: Filtek Supreme Ultra Universal Restorative Composite B2 Body 0.2 g Capsule 20/Pk  - 6029B2B,1.2105442882915802,1.7293489832736861,7.263265729749481,8.992614713023167,1.3033880868046208,0.12659166009807432,,9.0,11.0,19.0
685,48713,2.393939393939394,2.1497004724407818,2.0,10.0,33,59,2.787878787878788,0.8063611600705013,Erratic,10,1.4285714285714286,118.76,124.71,124.71,3M: Filtek Supreme Ultra Universal Restorative Composite : 3M: Filtek Supreme Ultra Universal Restorative Composite B1 Body 0.2 g Capsule 20/Pk  - 6029B1B,0.43618807045105507,0.6231258149300787,2.6171284227063305,3.2402542376364094,2.5730777159348603,0.4426166846285385,,5.0,6.0,9.0
686,48715,1.894736842105263,0.936585811581694,2.0,4.0,19,73,4.842105263157895,0.2443415637860082,Intermittent,10,1.4285714285714286,118.76,,124.71,3M: Filtek Supreme Ultra Universal Restorative Composite : 3M: Filtek Supreme Ultra Universal Restorative Composite C2 Body 0.2 g Capsule 20/Pk  - 6029C2B,0.46274108430460215,0.6610586918637174,2.7764465058276127,3.43750519769133,,,,0.0,1.0,4.0
687,48719,5.681159420289855,4.444073229737585,4.0,22.0,69,23,1.3333333333333333,0.6119112823700908,Erratic,10,1.4285714285714286,118.76,124.71,124.71,3M: Filtek Supreme Ultra Universal Restorative Composite : 3M: Filtek Supreme Ultra Universal Restorative Composite A1 Body 4 g Capsule 20/Pk  - 6029A1B,4.834807575443888,6.90686796491984,29.008845452663326,35.91571341758316,2.2941521815974304,0.060040833581121736,,4.0,11.0,41.0
688,48720,21.477272727272727,17.59961942687233,15.5,104.0,88,4,1.0454545454545454,0.6715035136612708,Erratic,10,1.4285714285714286,118.76,,124.71,3M: Filtek Supreme Ultra Universal Restorative Composite : 3M: Filtek Supreme Ultra Universal Restorative Composite A2 Body 4 g Capsule 20/Pk  - 6029A2B,16.888888137588175,24.126983053697394,101.33332882552905,125.46031187922645,1.6001467856879525,0.012593585781929859,,56.0,81.0,183.0
689,48721,4.507042253521127,3.775383573461188,4.0,21.0,71,21,1.295774647887324,0.7016796875000003,Erratic,10,1.4285714285714286,118.76,118.76,118.76,3M: Filtek Supreme Ultra Universal Restorative Composite : 3M: Filtek Supreme Ultra Universal Restorative Composite A3.5 Body 4 g Capsule 20/Pk  - 6029A3.5B,2.5029477489411502,3.5756396413445004,15.017686493646902,18.593326134991404,2.0841813889115026,0.10079461397860541,,13.0,17.0,33.0
690,48722,12.752808988764045,9.107041355302556,10.0,43.0,89,3,1.0337078651685394,0.5099679791961808,Erratic,10,1.4285714285714286,118.76,,124.71,3M: Filtek Supreme Ultra Universal Restorative Composite : 3M: Filtek Supreme Ultra Universal Restorative Composite A3 Body 4 g Capsule 20/Pk  - 6029A3B,9.453911230924776,13.50558747274968,56.72346738554866,70.22905485829834,2.317207748698822,0.03194110441294221,,38.0,52.0,109.0
691,48725,2.1818181818181817,1.3280197150781925,2.0,5.0,11,81,8.363636363636363,0.3704861111111111,Intermittent,10,1.4285714285714286,118.76,118.76,118.76,3M: Filtek Supreme Ultra Universal Restorative Composite : 3M: Filtek Supreme Ultra Universal Restorative Composite A1 Body 4 g Syringe 1/Pk  - 6028A1B,0.1530912080817753,0.21870172583110756,0.9185472484906517,1.1372489743217593,,,,0.0,1.0,2.0
692,48728,2.8260869565217392,2.3287174369566115,2.0,9.0,23,69,4.0,0.6789887036040881,Erratic,10,1.4285714285714286,118.76,124.7,124.7,3M: Filtek Supreme Ultra Universal Restorative Composite : 3M: Filtek Supreme Ultra Universal Restorative Composite A2 Body 4 g Syringe 1/Pk  - 6028A2B,1.0388491269434348,1.484070181347764,6.233094761660609,7.717164943008372,3.0755740851035687,0.2849669650208899,,1.0,3.0,10.0
693,48732,2.6666666666666665,1.591644851508443,2.0,7.0,21,71,4.380952380952381,0.35625,Smooth,10,1.4285714285714286,118.76,118.76,118.76,3M: Filtek Supreme Ultra Universal Restorative Composite : 3M: Filtek Supreme Ultra Universal Restorative Composite A3 Body 4 g Syringe 1/Pk  - 6028A3B,0.6173578186912989,0.8819397409875699,3.7041469121477935,4.5860866531353635,,,,1.0,2.0,6.0
694,48762,2.8,3.783422486887463,2.0,16.0,15,77,6.133333333333334,1.8258017492711371,Lumpy,,0.0,83.0,87.16,87.16,3M: Filtek Bulk Fill Flowable Restoratives : 3M: Filtek Bulk Fill Flowable Restoratives A2 0.2 g Capsule 15/Pk  - 4861A2,0.7291801671816077,0.0,2.7391304347826084,4.3750810030896465,0.6808933002481388,0.13467103655938992,0.16304347826086957,0.0,0.0,3.0
695,48765,2.625,1.438976085247091,2.0,7.0,24,68,3.8333333333333335,0.3005028098195799,Smooth,10,1.4285714285714286,98.52,,89.47,3M: Filtek Bulk Fill Flowable Restoratives : 3M: Filtek Bulk Fill Flowable Restoratives A3 2 g Syringe 2/Pk  - 4862A3,0.8316464811238056,1.1880664016054365,4.989878886742833,6.177945288348269,,,,0.0,2.0,7.0
696,48767,4.5423728813559325,3.6166379600983447,4.0,14.0,59,33,1.5593220338983051,0.6339346755670952,Erratic,10,1.4285714285714286,98.52,103.44,103.44,3M: Filtek Bulk Fill Flowable Restoratives : 3M: Filtek Bulk Fill Flowable Restoratives A2 2 g Syringe 2/Pk  - 4862A2,3.7500451375517785,5.357207339359683,22.500270825310672,27.857478164670354,2.416711530250431,0.07982745548614606,,1.0,7.0,30.0
697,48768,2.75,1.4375905768565218,2.0,5.0,16,76,5.75,0.2732782369146005,Intermittent,10,1.4285714285714286,98.52,,98.52,3M: Filtek Bulk Fill Flowable Restoratives : 3M: Filtek Bulk Fill Flowable Restoratives Universal 2 g Syringe 2/Pk  - 4862U,0.5277818035961203,0.7539740051373147,3.1666908215767213,3.9206648267140363,,,,0.0,1.0,5.0
698,48779,1.1363636363636365,0.4675625290960757,1.0,3.0,22,70,4.181818181818182,0.1692952380952381,Smooth,10,1.4285714285714286,227.12,220.23,238.48,3M: Vitrebond Plus Light Cure Glass Ionomer Liner/Base Refill : 3M: Vitrebond Plus Light Cure Glass Ionomer Liner/Base Refill Single Pack  - 7571,0.2712017512358823,0.38743107319411757,1.6272105074152938,2.0146415806094113,,,,0.0,1.0,3.0
699,48780,1.738095238095238,1.013555052459912,1.0,5.0,42,50,2.1904761904761907,0.3400537326821945,Smooth,10,1.4285714285714286,379.41,,0.0,3M: Vitrebond Plus Light Cure Glass Ionomer Liner/Base Refill : 3M: Vitrebond Plus Light Cure Glass Ionomer Liner/Base Refill Double Pack  - 7572,0.6949897221464636,0.9928424602092337,4.169938332878782,5.162780793088015,,,,1.0,2.0,7.0
700,48833,3.5,2.5071326821120348,2.5,7.0,8,84,11.5,0.5131195335276967,Lumpy,10,1.4285714285714286,146.74,146.9075,146.74,3M: Impression Material Imprint 3 Quick Step Wash Refill 4 - 50 ml Cartridges : 3M: Impression Material Imprint 3 Quick Step Wash Refill 4 - 50 ml Cartridges Heavy Body  - 10971,0.3154278358526647,0.43478260869565216,1.826086956521739,2.3431782091912234,4.397435897435898,0.6523791197470423,0.08695652173913043,0.0,1.0,3.0
701,48837,2.15,1.631111987507134,2.0,8.0,20,72,4.6,0.5755600466824172,Erratic,10,1.4285714285714286,146.74,154.08,154.08,3M: Impression Material Imprint 3 Refill 4 - 50 ml Cartridges : 3M: Impression Material Imprint 3 Refill 4 - 50 ml Cartridges Heavy Body  - 10771,0.4650920401939597,0.6644172002770853,2.790552241163758,3.4549694414408436,9.054381443298976,0.7238090550601177,,1.0,2.0,5.0
702,48859,2.0,1.3228756555322954,1.0,4.0,9,83,10.22222222222222,0.4375,Intermittent,,0.0,129.97,129.97,129.97,3M: Impresssion Material Imprint 4 Cartridge Refill : 3M: Impresssion Material Imprint 4 Cartridge Refill Light Body  - 71488,0.19348468959752088,0.0,1.1609081375851253,1.1609081375851253,,,,0.0,0.0,2.0
703,48863,2.672727272727273,1.5641178492890635,2.0,7.0,55,37,1.6727272727272726,0.3424756145844579,Smooth,10,1.4285714285714286,81.84,85.94,85.94,3M: Polishing/Contour Disc Sof-Lex 1/2 85/Pk : 3M: Polishing/Contour Disc Sof-Lex 1/2 85/Pk Coarse Standard  - 1982C,1.6238898254567524,2.3198426077953607,9.743338952740515,12.063181560535876,,,,0.0,3.0,13.0
704,48867,7.105882352941176,4.056222525511957,6.0,20.0,85,7,1.0823529411764703,0.3258423424411211,Smooth,10,1.4285714285714286,74.4,,78.13,3M: Polishing/Contour Disc Sof-Lex 1/2 85/Pk : 3M: Polishing/Contour Disc Sof-Lex 1/2 85/Pk Coarse X-Thin  - 2382C,8.798016956701433,12.56859565243062,52.7881017402086,65.35669739263922,5.402080479768995,0.07634502237319576,,0.0,13.0,66.0
705,48868,2.842857142857143,2.184502160548484,2.0,13.0,70,22,1.3142857142857145,0.5904659851584776,Erratic,10,1.4285714285714286,74.4,,78.13,3M: Polishing/Contour Disc Sof-Lex 1/2 85/Pk : 3M: Polishing/Contour Disc Sof-Lex 1/2 85/Pk Fine X-Thin  - 2382F,2.54818352214713,3.6402621744959,15.289101132882779,18.92936330737868,4.1892328212675904,0.18120619426699136,,1.0,5.0,21.0
706,48869,3.0128205128205128,1.9439789811246109,3.0,12.0,78,14,1.1794871794871795,0.4163289494570619,Smooth,10,1.4285714285714286,74.4,78.13,78.13,3M: Polishing/Contour Disc Sof-Lex 1/2 85/Pk : 3M: Polishing/Contour Disc Sof-Lex 1/2 85/Pk Medium X-Thin  - 2382M,4.181608779087379,5.973726827267685,25.089652674524274,31.063379501791957,11.846368357124534,0.27607639168783654,,0.0,6.0,32.0
707,48870,2.4814814814814814,1.4372502669470175,2.0,7.0,54,38,1.7037037037037035,0.3354615264987369,Smooth,10,1.4285714285714286,74.4,,78.13,3M: Polishing/Contour Disc Sof-Lex 1/2 85/Pk : 3M: Polishing/Contour Disc Sof-Lex 1/2 85/Pk Super Fine X-Thin  - 2382SF,1.66000593488844,2.3714370498406288,9.960035609330639,12.331472659171268,,,,0.0,3.0,13.0
708,48871,2.6923076923076925,1.907793519582328,2.0,9.0,39,53,2.358974358974359,0.5021267454350161,Erratic,10,1.4285714285714286,81.84,85.94,85.94,3M: Polishing/Contour Disc Sof-Lex 3/8 85/Pk : 3M: Polishing/Contour Disc Sof-Lex 3/8 85/Pk Coarse Standard  - 1981C,1.543930461684605,2.2056149452637217,9.26358277010763,11.469197715371353,7.6512163050624435,0.40015955182171603,,0.0,3.0,13.0
709,48873,2.142857142857143,1.0994504121565505,2.0,4.0,14,78,6.571428571428571,0.2632478632478632,Intermittent,,0.0,81.84,81.775,81.84,3M: Polishing/Contour Disc Sof-Lex 3/8 85/Pk : 3M: Polishing/Contour Disc Sof-Lex 3/8 85/Pk Medium Standard  - 1981M,0.4027824999598033,0.0,2.41669499975882,2.41669499975882,,,,0.0,0.0,3.0
710,48875,3.724637681159421,3.484773846873476,3.0,20.0,69,23,1.3333333333333333,0.8753487829445692,Erratic,10,1.4285714285714286,74.4,,78.13,3M: Polishing/Contour Disc Sof-Lex 3/8 X-Thin 85/Pk : 3M: Polishing/Contour Disc Sof-Lex 3/8 X-Thin 85/Pk Coarse Dark Orange X-Thin  - 2381C,2.9936995481657602,4.2767136402368005,17.96219728899456,22.23891092923136,1.6478094303058604,0.06898433127291757,,4.0,9.0,27.0
711,48876,2.232558139534884,2.169454718656561,2.0,13.0,43,49,2.13953488372093,0.9442687665343912,Erratic,10,1.4285714285714286,74.4,78.13,78.13,3M: Polishing/Contour Disc Sof-Lex 3/8 X-Thin 85/Pk : 3M: Polishing/Contour Disc Sof-Lex 3/8 X-Thin 85/Pk Fine Light Orange X-Thin  - 2381F,1.203390327501169,1.7191290392873844,7.220341965007014,8.939471004294399,2.0146988403322865,0.18392072324134634,,2.0,4.0,12.0
712,48877,2.613636363636364,2.580931047896432,2.0,12.0,44,48,2.090909090909091,0.975129907240515,Erratic,10,1.4285714285714286,74.4,78.13,78.13,3M: Polishing/Contour Disc Sof-Lex 3/8 X-Thin 85/Pk : 3M: Sof-Lex Medium Orange 3/8 Disc 85/Pk - 2381M,1.4677870939704203,2.0968387056720292,8.806722563822522,10.903561269494551,1.6877032930506422,0.1340376325719496,,2.0,5.0,14.0
713,48879,2.1818181818181817,1.1677484162422844,2.0,5.0,11,81,8.363636363636363,0.2864583333333333,Intermittent,10,1.4285714285714286,178.6,,178.6,3M: Refill Cement Resin Univ Automix 3.4G : 3M: Refill Cement Resin Univ Automix 3.4G Translucent  - 56971,0.16683686180539517,0.23833837400770738,1.001021170832371,1.2393595448400785,,,,0.0,1.0,3.0
714,48880,1.3333333333333333,0.966091783079296,1.0,5.0,21,71,4.380952380952381,0.5250000000000002,Erratic,10,1.4285714285714286,178.6,125.07333333333334,187.61,3M: Refill Cement Resin Univ Automix 3.4G : 3M: Refill Cement Resin Univ Automix 3.4G A1  - 56972,0.2948208651147821,0.42117266444968876,1.7689251906886927,2.1900978551383816,,,,0.0,1.0,3.0
715,48885,1.0,0.0,1.0,1.0,7,85,13.142857142857142,0.0,Intermittent,10,1.4285714285714286,493.58,518.47,518.47,3M: Relyx Universal Automix Resin Cement : 3M: Relyx Universal Automix Resin Cement Translucent Value Pack  - 56977,0.04899233089523428,0.06998904413604898,0.2939539853714057,0.3639430295074547,,,,0.0,1.0,2.0
716,49143,3.3157894736842106,3.19813542168536,3.0,15.0,19,73,4.842105263157895,0.9302931048962794,Lumpy,10,1.4285714285714286,97.43,102.3,102.3,3M: Filtek One Bulk Fill Restorative Refill : 3M: Filtek One Bulk Fill Restorative Refill A1 0.2 g Capsule 20/Pk  - 4867A1,0.7460478742275469,0.9782608695652174,4.108695652173913,5.542069922833205,1.5905690622495328,0.22299867770905865,0.20652173913043478,0.0,1.0,6.0
717,49144,9.71875,9.038662546799754,8.0,57.0,64,28,1.4375,0.8649430705861056,Erratic,10,1.4285714285714286,97.43,,97.43,3M: Filtek One Bulk Fill Restorative Refill : 3M: Filtek One Bulk Fill Restorative Refill A2 0.2 g Capsule 20/Pk  - 4867A2,5.072689665113202,7.246699521590289,30.436137990679214,37.6828375122695,1.3122512645666364,0.03365170604114998,,26.0,34.0,65.0
718,49145,5.0,5.937171043518958,4.0,36.0,33,59,2.787878787878788,1.41,Erratic,10,1.4285714285714286,97.43,,97.43,3M: Filtek One Bulk Fill Restorative Refill : 3M: Filtek One Bulk Fill Restorative Refill A3 0.2 g Capsule 20/Pk  - 4867A3,2.0610660365295597,2.9443800521850854,12.366396219177357,15.310776271362442,0.8264462809917356,0.05121366321313884,,1.0,4.0,17.0
719,49146,4.0,2.943920288775949,3.5,8.0,4,88,23.0,0.5416666666666666,Sparse,10,1.4285714285714286,97.43,97.43,97.43,3M: Filtek One Bulk Fill Restorative Refill : 3M: Filtek One Bulk Fill Restorative Refill B1 0.2 g Capsule 20/Pk  - 4867B1,0.23551401869158875,0.3364485981308411,1.4130841121495326,1.7495327102803737,3.428571428571429,0.6621287128712872,,0.0,0.0,0.0
720,49153,3.136363636363636,2.099783538627472,2.5,10.0,22,70,4.181818181818182,0.4482251627809283,Smooth,10,1.4285714285714286,107.84,,113.24,3M: Filtek Universal Restorative Refill : 3M: Filtek Universal Restorative Refill A1 0.2 g Capsule 20/Pk  - 6550A1,1.1234260079574427,1.604894297082061,6.740556047744656,8.345450344826716,7.728896103896108,0.4808217944381933,,0.0,2.0,9.0
721,49154,7.351351351351352,4.398334383075636,8.0,21.0,37,55,2.4864864864864864,0.3579662870049979,Smooth,10,1.4285714285714286,107.84,113.24,113.24,3M: Filtek Universal Restorative Refill : 3M: Filtek Universal Restorative Refill A2 0.2 g Capsule 20/Pk  - 6550A2,3.7044254656183035,5.29203637945472,22.22655279370982,27.518589173164543,4.505785705585409,0.1406986310472921,,0.0,6.0,29.0
722,49155,4.090909090909091,1.9742662618621816,4.0,9.0,33,59,2.787878787878788,0.2329012345679012,Smooth,10,1.4285714285714286,107.84,113.24,113.24,3M: Filtek Universal Restorative Refill : 3M: Filtek Universal Restorative Refill A3 0.2 g Capsule 20/Pk  - 6550A3,1.5481880777212813,2.211697253887545,9.289128466327687,11.500825720215232,,,,2.0,5.0,15.0
723,49172,2.0,1.3713486117415123,1.5,7.0,68,24,1.3529411764705883,0.4701492537313433,Smooth,10,1.4285714285714286,37.21,,39.08,3M: Cavit Temporary Filling Material Refill 28 g : 3M: Cavit Temporary Filling Material Refill 28 g Gray - 44313,2.1386426553376485,3.0552037933394978,12.831855932025892,15.88705972536539,,,,0.0,4.0,17.0
724,49175,1.625,0.8242255917447338,1.0,4.0,24,68,3.8333333333333335,0.2572678157962438,Smooth,10,1.4285714285714286,210.55,,221.08,3M: Temporary Material Protemp Plus Refill 67 g Cartridge 16 Tips : 3M: Temporary Material Protemp Plus Refill 67 g Cartridge 16 Tips A3  - 46958,0.6137953848317907,0.8768505497597011,3.6827723089907445,4.559622858750446,,,,0.0,1.0,5.0
725,49177,1.9215686274509804,1.0553319336569316,2.0,6.0,51,41,1.803921568627451,0.3016243231986671,Smooth,10,1.4285714285714286,210.55,221.07,221.0771428571429,3M: Temporary Material Protemp Plus Refill 67 g Cartridge 16 Tips : 3M: Temporary Material Protemp Plus Refill 67 g Cartridge 16 Tips A2  - 46963,1.468609203038419,2.0980131471977415,8.811655218230515,10.909668365428256,,,,0.0,3.0,12.0
726,49356,1.0,,1.0,1.0,1,91,92.0,,Sparse,,0.0,745.29,,834.93,3M: RelyX Veneer Cement : 3M: RelyX Veneer Cement Intro Kit  - 8716,0.014516129032258065,0.0,0.08709677419354839,0.08709677419354839,,,,0.0,0.0,0.0
727,49374,1.0769230769230769,0.2773500981126146,1.0,2.0,13,79,7.076923076923077,0.0663265306122449,Intermittent,10,1.4285714285714286,341.36,,341.36,3M: Astringent Retraction Paste 0.3 g Refill : 3M: Astringent Retraction Paste 0.3 g Refill 100/Pk  - 56945,0.17953898791303294,0.2564842684471899,1.0772339274781977,1.3337181959253877,,,,0.0,1.0,3.0
728,49375,2.5,2.3804761428476167,1.5,6.0,4,88,23.0,0.9066666666666668,Sparse,,0.0,218.44,218.44,218.44,3M: Garant Dispenser Plastic : 3M: Garant Dispenser Plastic 1:1/2:1 - 77580,0.07948128693368353,0.0,0.4768877216021012,0.4768877216021012,1.9736842105263157,0.8053973787303172,,0.0,0.0,0.0
729,49383,2.317073170731707,2.066869908705479,2.0,11.0,41,51,2.2439024390243905,0.7956952908587257,Erratic,10,1.4285714285714286,56.11,,58.92,3M: Sof-Lex Finishing Strips Refill 7 in x 5/32 in (177.8 mm x 4 mm) : 3M: Sof-Lex Finishing Strips Refill 7 in x 5/32 in (177.8 mm x 4 mm) Coarse/Medium  - 1954,1.52750582819004,2.1821511831286284,9.16503496914024,11.347186152268868,2.7463749372365838,0.19486735253034299,,0.0,3.0,13.0
730,49399,2.147058823529412,1.2341689128826114,2.0,5.0,34,58,2.7058823529411766,0.3304161904274495,Smooth,,0.0,42.55,44.69,44.69,3M: Mandrels Refill 3 Mandrels : 3M: Mandrels Refill 3 Mandrels RA  - 1983RA,1.5574170470853124,0.0,9.344502282511874,9.344502282511874,,,,0.0,0.0,10.0
731,49518,1.0769230769230769,0.2773500981126146,1.0,2.0,13,79,7.076923076923077,0.0663265306122449,Intermittent,,0.0,187.77,191.1,187.77,3M: Polishing/Contour Disc Sof-Lex Right Angle : 3M: Polishing/Contour Disc Sof-Lex Right Angle X-Thin Kit - 2380,0.12578629475652345,0.0,0.7547177685391406,0.7547177685391406,,,,0.0,0.0,1.0
732,49624,1.1428571428571428,0.3779644730092272,1.0,2.0,7,85,13.142857142857142,0.109375,Intermittent,10,1.4285714285714286,808.57,,808.57,3M: Paradigm DeepCure Curing Light LED Ea  - 76974,0.04151590029797211,0.05930842899710301,0.24909540178783263,0.3084038307849356,,,,0.0,1.0,2.0
733,50413,11.88888888888889,6.05953370466315,12.0,25.0,27,65,3.4074074074074074,0.2597741153073497,Smooth,7,1.0,19.15,19.15,19.15,Ansell: MICROFLEX C52X NEOGARD SIZE (XS -XL) : Ansell: MICROFLEX C52X NEOGARD SIZE L (8.5-9.0) - C523,2.826336528587054,2.826336528587054,16.958019171522324,19.784355700109376,5.692751960221839,0.22344577085120465,,10.0,13.0,30.0
734,50414,13.75,4.7871355387816905,12.5,20.0,4,88,23.0,0.1212121212121211,Sparse,,0.0,19.15,19.15,19.15,Ansell: MICROFLEX C52X NEOGARD SIZE (XS -XL) : Ansell: MICROFLEX C52X NEOGARD SIZE M (7.5-8.0) - C522,0.7653887688984881,0.0,4.592332613390928,4.592332613390928,20.624999999999996,0.817889834591296,,0.0,0.0,0.0
735,50415,21.60606060606061,11.45354583180301,20.0,40.0,33,59,2.787878787878788,0.2810145042282279,Smooth,7,1.0,19.15,19.15,19.15,Ansell: MICROFLEX C52X NEOGARD SIZE (XS -XL) : Ansell: MICROFLEX C52X NEOGARD SIZE S (6.5-7.0) - C521,5.206840672058826,5.206840672058826,31.241044032352956,36.447884704411784,4.260192187530281,0.10465225853922769,,33.0,39.0,71.0
736,51047,15.0,5.0,15.0,20.0,5,87,18.4,0.1111111111111111,Sparse,7,1.0,12.91,15.028,12.91,Ansell: MICRO-TOUCH Dermaclean (XS - XL) - New : Ansell: MICRO-TOUCH Dermaclean Size M - 3182-1 - New,0.42718917684667196,0.42718917684667196,2.5631350610800316,2.9903242379267034,22.5,0.8826878697181325,,0.0,0.0,0.0
737,51048,8.0,2.7386127875258306,10.0,10.0,5,87,18.4,0.1171875,Sparse,,0.0,12.91,16.44,16.44,Ansell: MICRO-TOUCH Dermaclean (XS - XL) - New : Ansell: MICRO-TOUCH Dermaclean Size S - 3181-1 - New,0.2633006050919054,0.0,1.5798036305514325,1.5798036305514325,,,,0.0,0.0,0.0
738,51069,34.73770491803279,53.10740740529023,20.0,355.0,61,31,1.5081967213114753,2.337265011210065,Erratic,7,1.0,24.25,25.306456692913383,24.25,Ansell: MICROFLEX Ultraform UF-524 (XS - XL) 300/Box - New : Ansell: MICROFLEX UF-524 ULTRAFORM SIZE L (8.5-9.0) 300/Box - UF-524-L - New,8.699242346972992,8.699242346972992,52.19545408183795,60.894696428810946,0.4331858766169555,0.007063440972241363,,161.0,170.0,223.0
739,51070,78.15294117647059,128.80721159587162,50.0,812.0,85,7,1.0823529411764703,2.716374870430035,Erratic,7,1.0,24.25,25.687640845070423,24.25,Ansell: MICROFLEX Ultraform UF-524 (XS - XL) 300/Box - New : Ansell: MICROFLEX UF-524 ULTRAFORM SIZE M (7.5-8.0) 300/Box - UF-524-M - New,21.6297545196844,21.6297545196844,129.7785271181064,151.40828163779082,0.36988001267341697,0.002436977814537166,,613.0,635.0,765.0
740,51071,89.8974358974359,150.4848087206069,46.0,1086.0,78,14,1.1794871794871795,2.8021456912659306,Erratic,7,1.0,24.25,26.32251893939394,24.25,Ansell: MICROFLEX Ultraform UF-524 (XS - XL) 300/Box - New : Ansell: MICROFLEX UF-524 ULTRAFORM SIZE S (6.5-7.0) 300/Box - UF-524-S - New,21.28661963992441,21.28661963992441,127.71971783954646,149.00633747947086,0.35829170625835904,0.0023987721069680893,,588.0,610.0,738.0
741,51072,11.25,7.928850273946827,10.0,30.0,16,76,5.75,0.4967242798353909,Lumpy,7,1.0,24.25,27.16,27.16,Ansell: MICROFLEX Ultraform UF-524 (XS - XL) 300/Box - New : Ansell: MICROFLEX UF-524 ULTRAFORM SIZE XL (9.5-10.0) 250/Box - UF-524-XL - New,1.8219652485430478,1.9565217391304348,11.739130434782608,12.753756739801334,2.4519696480464965,0.1612530428014324,0.17391304347826086,0.0,2.0,14.0
742,51073,17.75,20.52392461205901,10.0,100.0,28,64,3.2857142857142856,1.3369775250354503,Erratic,7,1.0,24.25,27.16,27.16,Ansell: MICROFLEX Ultraform UF-524 (XS - XL) 300/Box - New : Ansell: MICROFLEX UF-524 ULTRAFORM SIZE XS (5.5-6.0) 300/Box - UF-524-XS - New,8.461049473664575,8.461049473664575,50.766296841987455,59.22734631565203,0.7808598769965117,0.013012551558192937,,0.0,9.0,60.0
743,51075,45.46153846153846,72.1995099067108,40.0,270.0,13,79,7.076923076923077,2.522204185168962,Lumpy,7,1.0,24.25,27.16,27.16,Ansell: MICROFLEX Ultraform UF-524 (XSS-ML) Half Sizes 300/Box - New : Ansell: MICROFLEX UF-524 ULTRAFORM SIZE M/L (8.5) 300/Box - UF-524-ML - New,6.847885868043133,6.423913043478262,38.54347826086957,47.93520107630194,0.3999667916750163,0.008274860920468688,0.14130434782608697,1.0,8.0,47.0
744,51076,28.8,17.754465709549777,20.0,60.0,20,72,4.6,0.3800408138401557,Smooth,7,1.0,24.25,26.40512195121952,24.25,Ansell: MICROFLEX Ultraform UF-524 (XSS-ML) Half Sizes 300/Box - New : Ansell: MICROFLEX UF-524 ULTRAFORM SIZE S/M (7.5) 300/Box - UF-524-SM - New,7.678421291421138,7.678421291421138,46.07052774852683,53.748949039947966,2.895876515986771,0.05112340778818705,,6.0,14.0,61.0
745,51183,7.214285714285714,2.9135907380775,6.0,13.0,14,78,6.571428571428571,0.1631061811436285,Intermittent,7,1.0,,,96.65,"Zimmer: Puros Cancellous Particles, 0.5cc, 250-1000 - 68210",1.3533043327220424,1.3533043327220424,8.119825996332255,9.473130329054296,40.82912561576344,0.811675835385068,,1.0,3.0,12.0
746,51229,13.842696629213483,9.742011735034849,12.0,53.0,89,3,1.0337078651685394,0.4952858200591469,Erratic,10,1.4285714285714286,238.53,,238.53,3M: Attest Super Rapid Readout Biological Indicator 24-Minutes 50/Box - 1492V,15.395265051955771,21.993235788508244,92.37159031173462,114.36482610024287,2.363811593357015,0.02025048557117377,,0.0,22.0,115.0
747,51230,1.818181818181818,0.9816498172140428,2.0,4.0,11,81,8.363636363636363,0.2915,Intermittent,10,1.4285714285714286,326.39,326.39,326.39,3M: Attest Super Rapid Indicator Biological Indicator 50/Bx Ea - 1491,0.17809075559646143,0.25441536513780205,1.0685445335787684,1.3229598987165705,,,,0.0,1.0,3.0
748,51253,1.7272727272727273,1.009049958219026,1.0,4.0,11,81,8.363636363636363,0.3412742382271468,Intermittent,10,1.4285714285714286,263.88,263.88,263.88,3M: Comply Label Applicator - 1256B,0.1253525022532708,0.17907500321895828,0.7521150135196248,0.9311900167385831,,,,0.0,1.0,2.0
749,51255,2.111111111111111,0.6009252125773316,2.0,3.0,9,83,10.22222222222222,0.0810249307479224,Intermittent,,0.0,148.52,148.52,148.52,3M: Filtek P60 Syringe 1 - 4G/Pkg Composite : 3M: Filtek P60 Syringe A3 1 - 4G/Pkg Composite - 4720A3,0.25401462220990506,0.0,1.5240877332594303,1.5240877332594303,,,,0.0,0.0,2.0
750,51260,3.142857142857143,2.214931905262041,2.0,10.0,42,50,2.1904761904761907,0.4966740576496672,Erratic,10,1.4285714285714286,94.21,,94.21,3M: Comply Integrators Sterigage Class 5 Refill : 3M: Comply Integrators Sterigage Class 5 Refill 500/Pk - 1243A,1.6465648801889439,2.3522355431270627,9.879389281133664,12.231624824260727,5.602484472049693,0.3141443387480391,,2.0,5.0,15.0
751,51263,2.1538461538461537,1.7364862842489186,2.0,9.0,26,66,3.5384615384615383,0.6500000000000002,Erratic,10,1.4285714285714286,191.95,,191.95,3M: Attest Rapid Readout Indicators Readout 50/Box : 3M: Attest Rapid Readout Indicators 3 Hour Readout 50/Box - 1292,0.6633200864438057,0.947600123491151,3.9799205186628344,4.927520642153985,5.384615384615379,0.5221629515589601,,2.0,3.0,7.0
752,51265,1.0869565217391304,0.2881040655200304,1.0,2.0,23,69,4.0,0.0702545454545454,Smooth,10,1.4285714285714286,176.4,,176.4,3M: Comply Load Label Sterilization 12 Rolls/Bx : 3M: Comply Load Label Sterilization Blue 12 Rolls/Bx - 1269B,0.2985256912898834,0.426465273271262,1.7911541477393003,2.2176194210105624,,,,0.0,1.0,3.0
753,51266,1.0,0.0,1.0,1.0,8,84,11.5,0.0,Intermittent,,0.0,137.48,,137.48,3M: Comply Load Label Sterilization 12 Rolls/Bx : 3M: Comply Load Label Sterilization Black 12 Rolls/Bx - 1269BL,0.03392596615669891,0.0,0.2035557969401935,0.2035557969401935,,,,0.0,0.0,1.0
754,53781,1.2857142857142858,0.4879500364742666,1.0,2.0,7,85,13.142857142857142,0.1440329218106995,Intermittent,10,1.4285714285714286,696.65,,696.65,3M: Attest Mini Auto-Reader Charcoal/White 1/Pack - 490M,0.0959424456494319,0.13706063664204557,0.5756546738965914,0.712715310538637,,,,0.0,1.0,2.0
755,53802,7.090909090909091,5.843605673959124,6.0,28.0,33,59,2.787878787878788,0.6791379026955949,Erratic,10,1.4285714285714286,4.15,4.15,4.15,3M: Autoclave Tape Lead Free 18mm X 55m Roll 1322-18MM Ea - 1322-18MM,3.93467435847847,5.620963369254957,23.60804615087082,29.22900952012578,1.8583482875797028,0.05977826417654197,,0.0,6.0,30.0
756,53804,1.631578947368421,0.6839855680567694,2.0,3.0,19,73,4.842105263157895,0.1757428604462943,Intermittent,10,1.4285714285714286,160.96,0.0,0.0,3M: Rely X Fiber Post 3D Refill 10/Pk - 56949,0.40434193257603274,0.5776313322514753,2.4260515954561965,3.003682927707672,,,,0.0,1.0,4.0
757,54160,5.352941176470588,3.828777421304284,4.5,15.0,34,58,2.7058823529411766,0.5116056105067095,Erratic,14,2.0,,,29.9775,Mark 3: BIOFLOW Waterline Cleaner Tablets 60/bx - 7680,2.2092858804469535,4.418571760893907,13.25571528268172,17.674287043575628,3.078889552373334,0.14835750749474835,,6.0,11.0,25.0
758,54357,2.5,1.3445044840729643,2.5,5.0,14,78,6.571428571428571,0.2892307692307692,Intermittent,,0.0,79.99,,49.94,Dentsply : SmartLite Pro EndoActivator small Tips 25/pk- 644435,0.5563281329234457,0.0,3.3379687975406744,3.3379687975406744,,,,0.0,0.0,4.0
759,54371,2.533333333333333,2.5597618936887376,1.0,10.0,15,77,6.133333333333334,1.0209734863474476,Lumpy,7,1.0,178.6,178.975,178.9771428571429,Kuraray: CLEARFIL SE Bond 2 - Bond (5ml)  - Each   - 3281KA,0.4319564665008528,0.41304347826086957,2.4782608695652173,3.0236952655059692,1.5968404423380727,0.34559638606995297,0.16304347826086957,0.0,1.0,4.0
760,54377,14.340909090909092,12.77341567442097,12.5,70.0,44,48,2.090909090909091,0.7933425084617224,Erratic,14,2.0,,2.9635593220338983,2.9637,Mani: K-Files 6/Pk 25mm 6 - MN0625K,5.392625614229832,10.785251228459664,32.35575368537899,43.14100491383866,1.3819562246991342,0.0310391804444236,,35.0,46.0,79.0
761,54378,18.285714285714285,14.886715074665924,15.0,70.0,21,71,4.380952380952381,0.6627868652343749,Erratic,14,2.0,,2.959712918660287,2.9637,Mani: K-Files 6/Pk 25mm 8 - MN0825K,3.10663692416166,6.21327384832332,18.639821544969962,24.85309539329328,1.6444680872419228,0.06206110567297743,,30.0,37.0,56.0
762,54379,18.416666666666668,12.60405961746372,20.0,50.0,24,68,3.8333333333333335,0.468380539158565,Smooth,14,2.0,,2.958181818181818,2.9637,Mani: K-Files 6/Pk 25mm 10 - MN1025K,3.93901867219637,7.87803734439274,23.63411203317822,31.51214937757096,2.4149812106046142,0.07118141642801627,,18.0,26.0,50.0
763,54391,3.142857142857143,1.3451854182690983,3.0,5.0,7,85,13.142857142857142,0.1831955922865013,Intermittent,,0.0,,118.95,118.95,Endo Tech: Munce Discovery Bur #2 31mm 6/pk - CJ2S6,0.13003452538871837,0.0,0.7802071523323102,0.7802071523323102,,,,0.0,0.0,1.0
764,54400,2.8,0.8366600265340756,3.0,4.0,5,87,18.4,0.0892857142857143,Sparse,,0.0,,,197.52,"BioHorizons: Cortical & Cancellous Chips, 2.5cc - MIN-C2.5",0.16338302752293576,0.0,0.9802981651376146,0.9802981651376146,,,,0.0,0.0,0.0
765,54454,5.833333333333333,6.555247086709707,4.0,30.0,30,62,3.066666666666667,1.2628289936664323,Erratic,7,1.0,,2.7158823529411764,2.716,Plasdent: Floss Waxssii Flossii Nylon Mint w/ Dispenser 200 Yards/Roll Ea - 2800B,5.4450854577036845,5.4450854577036845,32.67051274622211,38.11559820392579,0.9162539977303206,0.023474520066240772,,0.0,6.0,39.0
766,54543,1.0,0.0,1.0,1.0,8,84,11.5,0.0,Intermittent,,0.0,,,361.77,"Straumann: BLC IMPLANT, Ø 5.5MM WB, SLACTIVE® 10MM, ROXOLID® - 035.9710S",0.0922679093736047,0.0,0.5536074562416282,0.5536074562416282,,,,0.0,0.0,1.0
767,54547,1.0,0.0,1.0,1.0,3,89,30.666666666666668,0.0,Sparse,,0.0,,,361.0,"Straumann: TLC SP IMPLANT, Ø 5.5MM WT, SLACTIVE® 10MM, ROXOLID® - 035.7710S",0.022365805168986085,0.0,0.1341948310139165,0.1341948310139165,,,,0.0,0.0,0.0
768,54562,6.5,7.7781745930520225,6.5,12.0,2,90,46.0,1.4319526627218937,Sparse,4,0.5714285714285714,535.99,359.1075,0.0,Dentsply: Cavitron Steri-Mate 360 Ultrasonic Scaler Handpiece Ea - 8183201,0.1683206106870229,0.09618320610687021,1.0099236641221374,1.1061068702290076,0.7824074074074076,0.4142978513176166,,0.0,0.0,0.0
769,54810,35.0,,35.0,35.0,1,91,92.0,,Sparse,,0.0,,0.0,0.0,Septodont: Septoject Evolution Needles 30g Short 100/Bx - 01N1630,0.3888888888888889,0.0,2.3333333333333335,2.3333333333333335,,,,0.0,0.0,0.0
770,54830,6.392156862745098,5.6677276976670266,4.0,26.0,51,41,1.803921568627451,0.7861820166359292,Erratic,3,0.4285714285714285,,,4.92,NOT AVAILABLE Baxter: Saline Sodium Chloride 0.9% Bottle 500ml Ea - JF7633P,4.189763984378089,1.795613136162038,25.138583906268536,26.934197042430576,1.587956181039794,0.05567448462246859,,5.0,7.0,33.0
771,54831,12.049180327868852,10.961183375147344,9.0,48.0,61,31,1.5081967213114753,0.8275607385811466,Erratic,3,0.4285714285714285,,,5.531666666666667,(Inactive - OLD CODE) Baxter: Saline Sodium Chloride 0.9% Bottle 1000ml  Ea - JF7634,7.08504586448745,3.036448227637478,42.5102751869247,45.54672341456218,1.3430615015140444,0.02864294438368332,,23.0,27.0,70.0
772,54861,1.0,0.0,1.0,1.0,18,74,5.111111111111111,0.0,Intermittent,,0.0,,,212.01,"3M: Comply Sterilization Load Labels ""Sterilized"" Red 5/8 in x 1-1/8in 12/Bx - 1269R",0.15303166322746917,0.0,0.918189979364815,0.918189979364815,,,,0.0,0.0,1.0
773,54865,6.629032258064516,4.613713951381453,5.0,18.0,62,30,1.4838709677419355,0.4843965764964726,Erratic,3,0.4285714285714285,,23.712,24.49,Oral B: Crest GUM & Sensitivity Toothpaste 20 mL 36/Ca -5610008130,3.7886442284443347,1.623704669333286,22.731865370666007,24.355570039999293,2.9980962539585003,0.10960491444690747,,11.0,13.0,36.0
774,54893,7.086956521739131,12.44593049035511,3.0,53.0,23,69,4.0,3.084147964647795,Erratic,10,1.4285714285714286,107.84,107.84,107.84,3M: Filtek Easy Match Universal Restorative 0.2 g Capsule Ea - 6110MA : 3M: Filtek Easy Match Universal Restorative 0.2 g Bright Capsule 20/Pk - 6110B,2.3913965553409655,3.4162807933442365,14.348379332045793,17.76466012539003,0.3397842886723069,0.01876800419284808,,0.0,4.0,19.0
775,54895,11.069767441860463,23.066565526378746,4.0,134.0,43,49,2.13953488372093,4.341990577743704,Erratic,10,1.4285714285714286,107.84,,107.84,3M: Filtek Easy Match Universal Restorative 0.2 g Capsule Ea - 6110MA : 3M: Filtek Easy Match Universal Restorative 0.2 g Natural Capsule 20/Pk - 6110N,9.981159333804964,14.258799048292806,59.886956002829784,74.14575505112259,0.2352025578132831,0.003162134037718098,,0.0,15.0,75.0
776,54896,5.785714285714286,10.038286495572626,3.0,54.0,28,64,3.2857142857142856,3.010268308241178,Erratic,10,1.4285714285714286,107.84,107.84,107.84,3M: Filtek Easy Match Universal Restorative 0.2 g Capsule Ea - 6110MA : 3M: Filtek Easy Match Universal Restorative 0.2 g Warm Capsule 20/Pk - 6110W,2.2939439277809273,3.2770627539727535,13.763663566685564,17.040726320658315,0.3524317506296729,0.0202626658819053,,0.0,4.0,18.0
777,54901,1.8571428571428568,1.0690449676496976,2.0,4.0,7,85,13.142857142857142,0.3313609467455623,Intermittent,,0.0,107.84,107.84,107.84,3M: Filtek Easy Match Universal Restorative 4g Syringe Ea - 6120MA : 3M: Filtek Easy Match Universal Restorative 4g Bright Syringe Ea - 6120B,0.08262954848699113,0.0,0.4957772909219468,0.4957772909219468,,,,0.0,0.0,1.0
778,54906,3.730769230769231,2.86436998039977,2.5,10.0,26,66,3.5384615384615383,0.5894696567116587,Erratic,6,0.8571428571428571,,131.464,131.834,Bisco: All-Bond Universal 6ml Bottle Ea- B7202P,0.8577906847344787,0.7352491583438389,5.146744108406873,5.881993266750712,3.1111125806792965,0.34594417473340094,,6.0,7.0,13.0
779,54908,18.27272727272728,14.290492707327548,15.0,45.0,11,81,8.363636363636363,0.611628425038984,Lumpy,3,0.4285714285714285,,,0.0,SDI: Pola Night Tooth Whitening 1.3 Gm Mini Kit 16% Carbamide Peroxide Spearmint Bx - 7700176,1.7164070816636268,0.9363354037267083,13.10869565217392,11.034045524980456,1.7956478839435732,0.1399603113426361,0.11956521739130435,0.0,1.0,15.0
780,54915,1.6842105263157894,1.0568628408301075,1.0,5.0,19,73,4.842105263157895,0.3937717013888888,Intermittent,3,0.4285714285714285,,88.2,0.0,Sultan: Purevac SC Cleaner Evacuation System 5 Liter 5L/Bottle-21135,0.36447390441628535,0.1562031018926937,2.1868434264977124,2.3430465283904063,,,,0.0,1.0,4.0
781,54935,8.333333333333334,7.881563780053272,7.0,38.0,57,35,1.6140350877192982,0.8945142857142855,Erratic,3,0.4285714285714285,62.17,,55.0,"Verify: Steam Indicator Strip Class V Bx- PCC0MA : Verify: Steam Indicator Strip Class V 2"" 500/bx - PCC067",6.492797895371491,2.782627669444924,38.956787372228945,41.739415041673865,1.291131769219419,0.030005004930417616,,4.0,7.0,46.0
782,54937,6.695652173913044,4.342546201237406,6.0,15.0,23,69,4.0,0.4206327910578206,Smooth,3,0.4285714285714285,,,29.69,"Verify: Steam Indicator Strip Class V Bx- PCC0MA : Verify: Steam Indicator Strip Class V 4"" 250/bx - PCC064",1.4508843976200798,0.6218075989800341,8.70530638572048,9.327113984700514,3.6861991493690915,0.28326369398722984,,4.0,5.0,14.0
783,54946,1.761904761904762,0.9952267030562386,2.0,5.0,21,71,4.380952380952381,0.3190650109569028,Smooth,3,0.4285714285714285,199.99,,161.52,Miltex: Heliplug Collagen Wound Dressing 10/Bx - 62-202,0.30995251787721095,0.13283679337594753,1.8597151072632658,1.9925519006392134,,,,1.0,2.0,4.0
784,54947,1.5609756097560976,1.162944119203603,1.0,8.0,41,51,2.2439024390243905,0.55504150390625,Erratic,7,1.0,241.99,241.99,241.99,Germiphene: Gobble Plus Cleaner 10L Ea - GOB-AS-TP,0.42033798447648446,0.42033798447648446,2.5220279068589067,2.942365891335391,,,,4.0,5.0,8.0
785,54952,2.5,0.5477225575051661,2.5,3.0,6,86,15.333333333333334,0.0479999999999999,Sparse,14,2.0,207.99,,330.0,Dentsply Sirona : OSSIX Bone 5*10*10 (0.5 cc) - 32310011,0.16988339552238804,0.3397667910447761,1.0193003731343282,1.3590671641791043,,,,0.0,0.0,0.0
786,54966,12.142857142857142,25.59103551834312,2.5,73.0,14,78,6.571428571428571,4.44154378493479,Lumpy,10,1.4285714285714286,,,233.32083333333333,Pulpdent: Activa BioACTIVE Restorative Value Kit A2 Ea- VR2A2,2.405318486806537,2.639751552795031,11.08695652173913,17.868080187705704,0.2294003717299608,0.01267581810498788,0.15217391304347827,0.0,3.0,15.0
787,55012,4.956521739130435,3.971881847516114,4.0,20.0,46,46,2.0,0.642153141137444,Erratic,10,1.4285714285714286,214.5,,214.5,3M: Clinpro Clear Fluoride Treatment UD 2.1% Sodium Fluoride 0.5ml 100/Pk - 7110MA : 3M: Clinpro Clear Fluoride Treatment UD 2.1% Sodium Fluoride 0.5ml Mint 100/Pk - 7110M,4.499488520076503,6.427840742966433,26.996931120459017,33.42477186342545,2.270669451843108,0.06361230925226971,,0.0,7.0,34.0
788,55013,3.15625,4.9455706804006665,2.0,29.0,32,60,2.875,2.4552178628913675,Erratic,10,1.4285714285714286,214.5,214.5,214.5,3M: Clinpro Clear Fluoride Treatment UD 2.1% Sodium Fluoride 0.5ml 100/Pk - 7110MA : 3M: Clinpro Clear Fluoride Treatment UD 2.1% Sodium Fluoride 0.5ml Unflavoured 100/Pk - 7110FF,1.2659971370595173,1.8085673386564534,7.595982822357104,9.404550161013558,0.4676423788567102,0.0473696574462126,,0.0,2.0,10.0
789,55014,4.585365853658536,5.886321473365593,3.0,37.0,41,51,2.2439024390243905,1.647934585785424,Erratic,10,1.4285714285714286,214.5,227.38,227.38,3M: Clinpro Clear Fluoride Treatment UD 2.1% Sodium Fluoride 0.5ml 100/Pk - 7110MA : 3M: Clinpro Clear Fluoride Treatment UD 2.1% Sodium Fluoride 0.5ml Watermelon 100/Pk - 7110W,3.070613057814306,4.386590082591866,18.423678346885836,22.810268429477702,0.6993743148529974,0.029748402494191455,,0.0,5.0,24.0
790,55019,3.392857142857143,3.08327970781338,2.0,15.0,28,64,3.2857142857142856,0.8258376936493285,Erratic,10,1.4285714285714286,107.25,,107.25,3M: Clinpro Clear Fluoride Treatment UD 2.1% Sodium Fluoride 0.5ml 50/Pk - 7100MA : 3M: Clinpro Clear Fluoride Treatment UD 2.1% Sodium Fluoride 0.5ml Mint 50/Pk - 7100M,1.5835167086855237,2.2621667266936054,9.501100252113142,11.763266978806747,1.8828815602398448,0.13797897295725867,,0.0,3.0,13.0
791,55020,2.7916666666666665,2.501810938303391,2.0,10.0,24,68,3.8333333333333335,0.8031226088893626,Erratic,10,1.4285714285714286,107.25,107.25,107.25,3M: Clinpro Clear Fluoride Treatment UD 2.1% Sodium Fluoride 0.5ml 50/Pk - 7100MA : 3M: Clinpro Clear Fluoride Treatment UD 2.1% Sodium Fluoride 0.5ml Unflavoured 50/Pk - 7100FF,0.7521387378173071,1.0744839111675817,4.5128324269038425,5.587316338071425,2.247627133402995,0.28687215697039675,,3.0,5.0,10.0
792,55021,2.2413793103448274,1.8832944617230336,1.0,9.0,29,63,3.1724137931034484,0.7060016906170755,Erratic,10,1.4285714285714286,107.25,113.69,113.69,3M: Clinpro Clear Fluoride Treatment UD 2.1% Sodium Fluoride 0.5ml 50/Pk - 7100MA : 3M: Clinpro Clear Fluoride Treatment UD 2.1% Sodium Fluoride 0.5ml Watermelon 50/Pk - 7100W,0.6588452545422644,0.9412075064889491,3.953071527253586,4.894279033742535,3.8484059856863992,0.44018582130478884,,3.0,4.0,8.0
793,55037,5.666666666666667,2.6583202716502514,6.0,10.0,6,86,15.333333333333334,0.2200692041522491,Sparse,,0.0,,,53.0,EdgeEndo: EdgeTaper Platinum Rotary File 25 mm Size Assorted 6/Pk - S1.3B0.00.SLA.EE,0.33570700609319765,0.0,2.0142420365591858,2.0142420365591858,22.936507936507947,0.9192712828779319,,0.0,0.0,0.0
794,55053,6.333333333333333,4.744022251890982,5.5,19.0,30,62,3.066666666666667,0.5610851084153216,Erratic,6,0.8571428571428571,,3.5092857142857143,3.509333333333333,"HSB: Autoclave Indicating Tape Ea - 1012MA : HSB: Autoclave Indicating Tape 1"" Ea - 101247",1.1338465328922,0.9718684567647429,6.803079197353201,7.774947654117944,2.4802179578298973,0.24185060014440962,,15.0,16.0,23.0
795,55054,5.535714285714286,7.743490182833592,2.5,30.0,28,64,3.2857142857142856,1.9567086753767295,Erratic,6,0.8571428571428571,,,3.4535,"HSB: Autoclave Indicating Tape Ea - 1012MA : HSB: Autoclave Indicating Tape 3/4"" Ea - 101246",2.3764339357875954,2.0369433735322247,14.258603614725573,16.295546988257797,0.5630429272763885,0.03339798465336523,,6.0,9.0,24.0
796,55074,2.076923076923077,1.1875421719907089,2.0,4.0,13,79,7.076923076923077,0.3269318701417467,Intermittent,10,1.4285714285714286,,,106.2,"Osteogenics: CytoPlast PTFE Suture - 4-0, 18"", 3/8 Circle 16mm - CS0618RC",0.26517961431112413,0.37882802044446306,1.5910776858667448,1.969905706311208,,,,0.0,1.0,3.0
797,55133,2.066666666666667,2.282438128301359,1.0,10.0,15,77,6.133333333333334,1.2197116099301324,Lumpy,,0.0,,,88.0,Young: Pro-Matrix Straight Matrix Band Wide 6 mm 50/Bx - 19005,0.3628960886746646,0.0,2.0217391304347827,2.1773765320479876,1.3589898989898987,0.3842898991072736,0.16304347826086957,0.0,0.0,3.0
798,55173,2.9318181818181817,3.1208058535377825,2.0,17.0,44,48,2.090909090909091,1.133077031652,Erratic,6,0.8571428571428571,,29.82772727272728,0.0,Whaledent: FlexiDam Non-Latex 6x6 Purple Med 30/BX - H09945,1.1101381852041876,0.9515470158893036,6.660829111225126,7.6123761271144295,1.2626393986448332,0.14226897913362396,,7.0,8.0,15.0
799,55184,1.875,0.6408699444616557,2.0,3.0,8,84,11.5,0.1168253968253968,Intermittent,,0.0,,124.8,124.8,Defend: Temporary Crown and Bridge Material A2 76g Ea - CB-9001,0.14038687908920167,0.0,0.84232127453521,0.84232127453521,,,,0.0,0.0,1.0
800,55193,5.451612903225806,3.9903108456812335,4.0,20.0,31,61,2.967741935483871,0.5357515493154998,Erratic,3,0.4285714285714285,41.74,37.73,37.5,Oral-B: Crest Glide Floss 4m Cool Mint (3077213729) 72/Pk - 3700014302,0.9893635481640469,0.4240129492131629,5.936181288984281,6.360194238197444,2.8383320414207085,0.3085637802339934,,10.0,11.0,17.0
801,55217,5.6455696202531644,3.6516170449771694,5.0,19.0,79,13,1.1645569620253164,0.4183645873454634,Smooth,3,0.4285714285714285,,83.29,83.29,Oral-B: Crest Satin Floss 9.2 Met 10yd (6830564126) 144/box - 84860306,3.804219289859849,1.6303796956542207,22.825315739159095,24.455695434813315,4.145343322836913,0.1449368100914906,,8.0,10.0,33.0
802,55241,1.8636363636363635,0.3512500866571044,2.0,2.0,22,70,4.181818181818182,0.0355230730007648,Smooth,3,0.4285714285714285,112.73,,111.65666666666668,Tokuyama: Estelite Sigma Quick PLT Composite Refill 0.2g x 20/Bx - 133MAA : Tokuyama: Estelite Sigma Quick PLT Composite A2 Refill 0.2g x 20/Bx - 13311,0.38083995886924393,0.16321712522967594,2.2850397532154636,2.4482568784451395,,,,1.0,2.0,5.0
803,55347,2.4615384615384617,1.39136531360295,2.0,6.0,13,79,7.076923076923077,0.3194986979166666,Intermittent,7,1.0,176.76,171.02333333333334,171.17666666666668,Kuraray: CLEARFIL Universal Bond Quick 2 Bottle Refill - 5ml - Each   - 4042KA,0.3074954378995033,0.3074954378995033,1.8449726273970197,2.152468065296523,,,,0.0,1.0,3.0
804,55396,2.0,1.4142135623730951,1.5,4.0,4,88,23.0,0.5000000000000001,Sparse,,0.0,,,308.85,"BioHorizons: Tapered Pro Conical Implant, Ø4.2 x 10.5mm, Laser-Lok and RBT, Regular - CTA4210",0.10604395604395603,0.0,0.6362637362637362,0.6362637362637362,9007199254740992.0,1.0,,0.0,0.0,0.0
805,55407,1.8461538461538465,1.344504484072964,1.0,5.0,13,79,7.076923076923077,0.5303819444444441,Lumpy,,0.0,,,110.0,Locin: EZ-Floss Flosser Mint 1200/BX - 61001-D,0.3212131718835794,0.0,1.5652173913043483,1.9272790313014765,,,0.14130434782608697,0.0,0.0,2.0
806,55431,3.0,2.0,3.0,5.0,3,89,30.666666666666668,0.4444444444444444,Sparse,,0.0,,,135.4,"Zimmer: Puros Cancellous Particles, 1cc, 250-1000 - 68211",0.33246268656716416,0.0,1.994776119402985,1.994776119402985,9.0,0.8185705558949298,,0.0,0.0,0.0
807,55450,1.5,0.5773502691896257,1.5,2.0,4,88,23.0,0.1481481481481481,Sparse,10,1.4285714285714286,,,138.0,Synca: Advanced Fiber 0.5 Posts 10/Pk - 6052A,0.16850393700787403,0.24071991001124862,1.0110236220472442,1.2517435320584929,,,,0.0,0.0,0.0
808,55551,2.0,,2.0,2.0,1,91,92.0,,Sparse,,0.0,181.56,,6800.0,W&H: Sterilizer LEXA MN-111 w/TP316 Data Logger 220V - 19943101,0.02142857142857143,0.0,0.12857142857142856,0.12857142857142856,,,,0.0,0.0,0.0
809,55565,2.0,1.0,2.0,3.0,3,89,30.666666666666668,0.25,Sparse,,0.0,,,388.27,Nobel Biocare: NobelParallel Conical Connection TiUltra RP 4.3 x 15 mm Ea - 300307,0.07990654205607477,0.0,0.4794392523364486,0.4794392523364486,,,,0.0,0.0,0.0
810,55654,9.08108108108108,9.175384879539806,6.0,37.0,37,55,2.4864864864864864,1.0208771297871004,Erratic,10,1.4285714285714286,4.97,4.97,4.97,3M: Comply Indicator Tape 24mm X 55mm Lead-Free EA - 1322-24MM,3.39075720004618,4.843938857208829,20.34454320027708,25.18848205748591,1.0979864132739923,0.04177002378601567,,15.0,20.0,41.0
811,55660,9.473684210526317,7.25988738977959,7.5,41.0,76,16,1.2105263157894737,0.5872485596707818,Erratic,3,0.4285714285714285,,,13.11,Oral-B: Crest Healthy Gums Glide Floss 160m Vial Dispenser Ea - 3077213727,5.511977523201074,2.3622760813718884,33.071865139206444,35.43414122057833,2.076011051555129,0.05534531122384729,,25.0,28.0,62.0
812,55686,4.75,2.98607881119482,5.0,8.0,4,88,23.0,0.3951985226223454,Sparse,,0.0,,,60.0,"BioHorizons: 3.0mm Healing Abutment, 3mm Height Ea - TP3HA3",0.21596143545795393,0.0,1.2957686127477235,1.2957686127477235,5.414999999999994,0.8069120412993688,,0.0,0.0,0.0
813,55820,21.23809523809524,15.673201493756125,15.5,60.0,42,50,2.1904761904761907,0.5446083626916423,Erratic,7,1.0,,13.95,13.95,Germiphene: GermiCide 3 Wipes Unscented Refill Pouch 160/pkg - GERMI-3-SW-R-UN,10.440466767896162,10.440466767896162,62.64280060737697,73.08326737527312,2.009956678590036,0.026766152391437165,,25.0,36.0,99.0
814,55913,4.0,3.3166247903554,3.0,8.0,5,87,18.4,0.6875,Sparse,,0.0,,,85.0,"Straumann: RC Temporary Abutment, Crown, Ø 4.5mm, H 11mm, Tan Ea - 024.4371",0.2887605945215576,0.0,1.7325635671293456,1.7325635671293456,2.2857142857142856,0.5688293267467167,,0.0,0.0,0.0
815,55914,4.0,0.0,4.0,4.0,6,86,15.333333333333334,0.0,Sparse,14,2.0,383.19,,0.0,Dentsply: Cavitron H/P Steri-Mate Black Single Pack - 78688,0.21346033432631914,0.4269206686526383,1.2807620059579148,1.7076826746105531,,,,0.0,0.0,0.0
816,55930,1.0,0.0,1.0,1.0,2,90,46.0,0.0,Sparse,6,0.8571428571428571,,,7920.0,Carestream: Sensor RVG 6200 Size 2 Ea - 5310727,0.036585365853658534,0.0313588850174216,0.2195121951219512,0.2508710801393728,,,,0.0,0.0,0.0
817,55932,3.0,2.943920288775949,2.0,10.0,16,76,5.75,0.9629629629629628,Lumpy,3,0.4285714285714285,,,119.0,Dentsply: Prime & Bond Active Adhesive Agent LC Bottle 4ml Ea - 60667341,0.7753984202207702,0.22360248447204967,3.1304347826086953,4.984704129990666,1.5882352941176472,0.24163242525745743,0.17391304347826086,0.0,1.0,5.0
818,55939,2.5,0.7071067811865476,2.5,3.0,2,90,46.0,0.08,Sparse,,0.0,,,380.0,"BioHorizons: 3.8mm x 10.5mm Tapered Pro Implant, Laser-Lok, RBT Ea - BTA3810",0.10677966101694916,0.0,0.640677966101695,0.640677966101695,,,,0.0,0.0,0.0
819,56009,5.290322580645161,3.716571434239688,5.0,18.0,31,61,2.967741935483871,0.4935380725758477,Erratic,3,0.4285714285714285,,37.7925,0.0,Oral-B: Floss Threader 30 Envelopes of 5 No Flavor 150/Bx - 0041011312,2.395349442078821,1.0265783323194946,14.372096652472926,15.398674984792422,3.2839246904837496,0.17577450395351393,,1.0,3.0,18.0
820,56280,1.6666666666666667,0.5773502691896257,2.0,2.0,3,89,30.666666666666668,0.1199999999999999,Sparse,10,1.4285714285714286,,,813.665,OsteoGen: Bone Grafts Plug Large (20mmx10MM) 10/Pk - OPL1020-10,0.05918762088974856,0.08455374412821223,0.3551257253384914,0.43967946946670367,,,,0.0,0.0,0.0
821,56299,6.25,3.304037933599835,6.0,10.0,4,88,23.0,0.2794666666666667,Sparse,3,0.4285714285714285,,298.0,298.0,Oral-B: Crest Oral-B iO Power Electric Toothbrush Value Bag 3/Ca - 6905514121,0.3919758812615955,0.16798966339782662,2.351855287569573,2.5198449509674,8.370535714285715,0.7686173671589621,,0.0,0.0,0.0
822,56333,3.2291666666666665,2.4602333683921844,2.5,12.0,48,44,1.9166666666666667,0.5804591848030641,Erratic,7,1.0,81.64,81.64444444444445,81.64,Medicom: SafeMatrix Contour Single Use Contoured Matrix Bands Wide 6mm - Orange - 50/Pack  - 30055,2.45792845760532,2.45792845760532,14.747570745631922,17.205499203237242,3.6930108581894303,0.17671168171006543,,0.0,3.0,18.0
823,56347,20.22222222222222,9.510228411791404,24.0,32.0,9,83,10.22222222222222,0.2211689409491607,Intermittent,3,0.4285714285714285,,10.85,10.85,Scican: OPTIM OS1 Wipes 160/ Can - SCI-OS1CA-W12-CAN,0.9568566804264456,0.4100814344684766,5.741140082558673,6.15122151702715,5.823488045007031,0.4863155982897824,,1.0,2.0,8.0
824,56385,15.818181818181818,8.986859093344925,11.0,30.0,11,81,8.363636363636363,0.3227771171885322,Intermittent,14,2.0,,35.13333333333333,0.0,Dentsply Sirona: Reciproc Blue Reciprocating File R25|21mm 3/Pk - TSTRCBP321025,1.5044292705611146,3.0088585411222293,9.026575623366687,12.035434164488917,3.8526926600834766,0.2424887906940009,,2.0,6.0,16.0
825,56386,14.933333333333334,8.53954387094589,11.0,30.0,15,77,6.133333333333334,0.3270060814504373,Intermittent,14,2.0,,43.19657894736842,0.0,Dentsply Sirona: Reciproc Blue Reciprocating File R25|25mm 3/Pk - TSTRCBP325025,2.101521518191692,4.203043036383384,12.609129109150153,16.812172145533538,3.845535665407567,0.1861550032850608,,3.0,8.0,21.0
826,56387,7.5,2.7386127875258306,7.5,10.0,6,86,15.333333333333334,0.1333333333333333,Sparse,,0.0,,34.454468085106384,0.0,Dentsply Sirona: Reciproc Blue Reciprocating File R25|31mm 3/Pk - TSTRCBP331025,0.6332853025936597,0.0,3.799711815561958,3.799711815561958,,,,0.0,0.0,0.0
827,56426,2.25,0.957427107756338,2.5,3.0,4,88,23.0,0.1810699588477365,Sparse,,0.0,,,99.4,Hiossen: OssMem Hard Collagen Membrane 15x20mm - OCMH1520,0.05193604796402698,0.0,0.3116162877841619,0.3116162877841619,,,,0.0,0.0,0.0
828,56464,1.25,0.4472135954999579,1.0,2.0,16,76,5.75,0.128,Intermittent,,0.0,160.96,,160.96,3M: RelyX Fiber Post 3D Refill Size 2 Red 10/pkg - 56950,0.16314836521454737,0.0,0.9788901912872843,0.9788901912872843,,,,0.0,0.0,1.0
829,56469,2.5,0.7071067811865476,2.5,3.0,2,90,46.0,0.08,Sparse,,0.0,,,815.66,CeraRoot: CeraRoot16 10mm x4. 8x6. 5x8.0mm Implant Ea - 160.010,0.07122302158273382,0.0,0.42733812949640293,0.42733812949640293,,,,0.0,0.0,0.0
830,56514,2.75,1.6218615177038684,2.0,6.0,24,68,3.8333333333333335,0.3478260869565217,Smooth,10,1.4285714285714286,385.12,396.83,396.83,3M: Scotchbond Universal Plus Adhesive 5ml Vial Refill 3/Pk - 41295,1.5230055902555433,2.1757222717936333,9.13803354153326,11.313755813326893,,,,0.0,3.0,13.0
831,56532,1.0,0.0,1.0,1.0,11,81,8.363636363636363,0.0,Intermittent,,0.0,225.59,235.65,235.65,"J&J: Vicryl Suture 4-0 Polyglactin 910 FS-2 Violet 27"" 36/Bx - VCP397H",0.06532508994649866,0.0,0.39195053967899196,0.39195053967899196,,,,0.0,0.0,1.0
832,56535,4.7,3.164033993355809,4.5,12.0,10,82,9.2,0.4531965192897739,Intermittent,14,2.0,,101.0,101.0,Align: iTero Element 5D Disposable Scanners Sleeves 25/Bx - 221963,0.3493225522862969,0.6986451045725938,2.0959353137177814,2.794580418290375,4.159205020920505,0.5981209885291621,,1.0,2.0,5.0
833,56563,3.0,0.0,3.0,3.0,2,90,46.0,0.0,Sparse,,0.0,,255.0,0.0,Sable: Access K4 Non-Optic Mini Head - 2000028,0.09854014598540148,0.0,0.5912408759124088,0.5912408759124088,,,,0.0,0.0,0.0
834,56595,1.75,0.957427107756338,1.5,3.0,4,88,23.0,0.2993197278911563,Sparse,,0.0,135.99,115.81,115.81,J&J: Vicryl Suture 4-0 Polyglactin 18in Suture 12/Bx -VCP464G,0.057158234660925726,0.0,0.34294940796555434,0.34294940796555434,,,,0.0,0.0,0.0
835,56671,2.333333333333333,0.5773502691896258,2.0,3.0,3,89,30.666666666666668,0.0612244897959183,Sparse,,0.0,,,344.25,"BioHorizons: Tapered Internal Implant, 3.0 x 10.5mm, Mountless, RBT+Laser-Lok Ea - TLX3409",0.07776,0.0,0.46656,0.46656,,,,0.0,0.0,0.0
836,56944,4.0,2.8284271247461903,4.0,6.0,2,90,46.0,0.5000000000000001,Sparse,3,0.4285714285714285,,,316.06,Geistlich: Mucograft Collagen Tissue 15x20mm Ea - 50-1520,0.07924528301886793,0.033962264150943396,0.4754716981132076,0.509433962264151,3.9999999999999982,0.8870292887029289,,0.0,0.0,0.0
837,56947,2.75,0.9653072991634228,3.0,4.0,12,80,7.666666666666667,0.1232156273478587,Intermittent,3,0.4285714285714285,,128.2,128.2,BD: Catheter D-Port 22Gx1in NEXIVA 20/Bx - BD383532,0.2107483937893972,0.09032074019545593,1.264490362736383,1.354811102931839,,,,0.0,1.0,3.0
838,57091,2.902439024390244,2.7000451667405536,2.0,14.0,41,51,2.2439024390243905,0.8653979238754326,Erratic,30,4.285714285714286,34.99,,33.95166666666667,First Choice: Triangular Small Wooden Wedges 500/Pk - FST-3712,0.8736263184329773,3.7441127932841884,5.241757910597864,8.985870703882052,1.9199013001803167,0.17604451105938754,,10.0,14.0,20.0
839,57105,1.6666666666666667,0.5163977794943223,2.0,2.0,6,86,15.333333333333334,0.096,Sparse,7,1.0,,,1795.0,Woodpecker: i-Sensor H2 Ea - WH2,0.08653690623820562,0.08653690623820562,0.5192214374292337,0.6057583436674393,,,,0.0,0.0,0.0
840,57226,3.5,1.0,4.0,4.0,4,88,23.0,0.0816326530612244,Sparse,7,1.0,0.0,,0.0,Sable: Sable Rotamax K6-Torque Head - 2000031,0.14038657171922686,0.14038657171922686,0.8423194303153612,0.982706002034588,,,,0.0,0.0,0.0
841,57249,1.0,0.0,1.0,1.0,2,90,46.0,0.0,Sparse,,0.0,1649.99,1649.99,1649.99,Philips: DA Lamp ZME3000 LED Accel MED DV Ea - 881024201520,0.023195876288659795,0.0,0.13917525773195877,0.13917525773195877,,,,0.0,0.0,0.0
842,57272,3.2,1.6431676725154984,3.0,6.0,5,87,18.4,0.263671875,Sparse,14,2.0,,172.0,172.0,BioHorizons: Striate+ 15x20mm Ea - OCG-152,0.12832436587240584,0.2566487317448117,0.7699461952344351,1.0265949269792467,,,,0.0,0.0,0.0
843,57275,1.0,0.0,1.0,1.0,4,88,23.0,0.0,Sparse,,0.0,,,390.0,"BioHorizons: 5.2mm x 9mm Tapered Pro Implant, Laser-Lok, RBT Ea - BTA5209",0.03581661891117478,0.0,0.2148997134670487,0.2148997134670487,,,,0.0,0.0,0.0
844,57285,18.0,2.8284271247461903,18.0,20.0,2,90,46.0,0.0246913580246913,Sparse,,0.0,,,17.89,Maxill nes EARTH AF 300 Powder Free Nitrile - Medium - 51472,0.4247191011235955,0.0,2.548314606741573,2.548314606741573,,,,0.0,0.0,0.0
845,57336,12.0,5.887840577551898,11.0,20.0,4,88,23.0,0.2407407407407407,Sparse,Not operating anymore,0.0,,,84.07,Abutment Direct: Novaloc Processing Package Overdenture Titanium Ea - 2010.601,0.37217391304347824,0.0,2.2330434782608695,2.2330434782608695,6.352941176470589,0.7399199313697455,,0.0,0.0,0.0
846,57338,1.5,0.7071067811865476,1.5,2.0,2,90,46.0,0.2222222222222222,Sparse,,0.0,,,361.77,"Straumann: BLC IMPLANT, Ø 3.3MM RB, SLACTIVE® 14MM, ROXOLID - 035.9014S",0.0303370786516854,0.0,0.1820224719101124,0.1820224719101124,,,,0.0,0.0,0.0
847,57346,2.0,,2.0,2.0,1,91,92.0,,Sparse,,0.0,,,425.0,Dentsply: Densfil Obturators 25 mm Size 20 Plastic Yellow 30/Pk - 669249,0.024657534246575342,0.0,0.14794520547945206,0.14794520547945206,,,,0.0,0.0,0.0
848,57493,167.28571428571428,250.96926391208032,30.0,616.0,7,85,13.142857142857142,2.250729813358848,Lumpy,7,1.0,,18.65,18.65,(Old Do Not Use) Medicom: AssureTouch Lite Violet Blue Lightweight Nitrile PF Gloves 300/Bx - 9930-MA : (Old Do Not Use) Medicom: AssureTouch Lite Violet Blue Lightweight Nitrile PF Gloves 300/Bx - 9930-MA : Medicom: AssureTouch Lite Violet Blue Lightweight Nitrile PF Medium Gloves 300/Bx - 9930-C,7.858694364648007,12.728260869565217,76.36956521739131,55.01086055253605,0.4454835066872509,0.008033048594251132,0.07608695652173914,2.0,15.0,92.0
849,57517,1.0,0.0,1.0,1.0,2,90,46.0,0.0,Sparse,14,2.0,5800.0,,4500.0,Air Techniques: VacStar Wet Dental Vacuum Systems 40 Ea - VS40,0.02368421052631579,0.04736842105263158,0.14210526315789473,0.18947368421052632,,,,0.0,0.0,0.0
850,58064,2.5,0.7071067811865476,2.5,3.0,2,90,46.0,0.08,Sparse,,0.0,,,362.0,"Straumann: BLC Implant, Ø 3.75mm RB, SLActive® 10mm, Roxolid® Ea - 035.9210S",0.051832460732984295,0.0,0.31099476439790574,0.31099476439790574,,,,0.0,0.0,0.0
851,58091,3.0,1.4142135623730951,3.5,4.0,4,88,23.0,0.2222222222222222,Sparse,,0.0,,,147.61,ZimVie: Puros Ci Particulate Allograft - 69801,0.11620804354399758,0.0,0.6972482612639854,0.6972482612639854,,,,0.0,0.0,0.0
852,58170,1.3333333333333333,0.8876253645985945,1.0,4.0,12,80,7.666666666666667,0.4431818181818182,Intermittent,,0.0,167.37,167.34333333333333,167.3425,"Kulzer: Flexitime Easy Putty Refill, Handmix - 1x 300mL Base + 1x 300mL Catalyst  - 50034802",0.08239683141222966,0.0,0.49438098847337797,0.49438098847337797,,,,0.0,0.0,1.0
853,58567,4.055555555555555,2.208865085812228,4.0,11.0,18,74,5.111111111111111,0.2966454361816034,Intermittent,7,1.0,139.27,140.125,140.1233333333333,Kulzer: Venus Pearl PLT Refill A3 - 20x 0.2g  - 66048143,0.3869327885106127,0.3869327885106127,2.3215967310636763,2.708529519574289,19.972001763668434,0.8805790972993892,,0.0,1.0,4.0
854,58779,4.25,2.9517728508411625,3.0,11.0,28,64,3.2857142857142856,0.4823785723439703,Erratic,7,1.0,172.91,173.3975,173.709,Kulzer: Gluma Desensitizer Refill - 1x 5mL Bottle  - 65872354,1.3380886834707466,1.3380886834707466,8.02853210082448,9.366620784295225,4.047199170124481,0.30171861437509256,,4.0,6.0,15.0
855,58780,1.4210526315789471,0.8377078165833911,1.0,4.0,19,73,4.842105263157895,0.3475080018289896,Intermittent,7,1.0,446.59,,446.5133333333333,Kulzer: Gluma Desensitizer Refill Value pack - 3x 5mL Bottles  - 66018221,0.12996896381301848,0.12996896381301848,0.7798137828781109,0.9097827466911294,,,,0.0,1.0,2.0
856,58781,2.3461538461538463,1.8317708959868904,2.0,8.0,26,66,3.5384615384615383,0.6095780704111796,Erratic,,0.0,57.79,56.43090909090909,58.145,Kulzer: Flexitime Correct Flow Cartridge Refill - 2x 50mL  - 50034806,1.09237402053108,0.0,6.554244123186479,6.554244123186479,5.45409240150094,0.4541921681065573,,0.0,0.0,7.0
857,58782,4.948717948717949,4.135524646591301,4.0,23.0,39,53,2.358974358974359,0.6983543182367311,Erratic,7,1.0,57.79,57.955263157894734,58.145,Kulzer: Flexitime Heavy Tray Cartridge Refill - 2x 50mL  - 50034804,2.4417828688075196,2.4417828688075196,14.650697212845117,17.092480081652635,2.014984312452667,0.1054553482812871,,3.0,6.0,21.0
858,58789,2.7857142857142856,1.6723346844167577,3.0,6.0,14,78,6.571428571428571,0.3603904313963486,Intermittent,7,1.0,157.22,,158.18,Kulzer: Venus Diamond PLT Refill A2 - 20x 0.25g  - 66039009,0.18235172762504837,0.18235172762504837,1.0941103657502902,1.2764620933753386,706.1785714285738,0.9981956986198534,,0.0,1.0,3.0
859,58790,2.625,1.5059406173077154,3.0,5.0,8,84,11.5,0.3291221250404924,Intermittent,,0.0,157.22,157.19333333333333,157.19444444444446,Kulzer: Venus Diamond PLT Refill A3 - 20x 0.25g  - 66039011,0.11599971876283376,0.0,0.6959983125770025,0.6959983125770025,,,,0.0,0.0,1.0
860,58791,4.222222222222222,2.43879322991939,4.0,11.0,18,74,5.111111111111111,0.3336320677855628,Intermittent,7,1.0,139.27,139.97833333333332,140.124,Kulzer: Venus Pearl PLT Refill A2 - 20x 0.2g  - 66048141,0.41380832653763866,0.41380832653763866,2.482849959225832,2.8966582857634706,10.331649831649848,0.7810257925614537,,1.0,2.0,5.0
861,58794,3.4285714285714284,1.8693596482500352,2.5,6.0,14,78,6.571428571428571,0.2972756410256411,Intermittent,7,1.0,209.31,210.21857142857144,210.594,Kulzer: iBond Total Etch Refill - 1x 4mL Bottle  - 66040094,0.19200823116824106,0.19200823116824106,1.1520493870094464,1.3440576181776875,178.2857142857113,0.9925176233096993,,0.0,1.0,3.0
862,58796,4.0,4.358898943540674,2.0,9.0,3,89,30.666666666666668,1.1875000000000002,Sparse,,0.0,152.35,,146.1025,Kulzer: iBond Universal Refill - 1x 4mL Bottle  - 66061411,0.051239669421487596,0.0,0.30743801652892555,0.30743801652892555,1.0666666666666664,0.7762630312750601,,0.0,0.0,0.0
863,58808,10.857142857142858,13.545338330074689,3.0,39.0,7,85,13.142857142857142,1.556498153277932,Lumpy,,0.0,219.37,217.86,219.33,Kulzer: Venus White Pro Patient Refills 35% - 50x 1.2mL Syringes  - 40005465,0.46948299993683357,0.0,4.9565217391304355,2.8168979996210015,0.6828768472906401,0.1951202226318191,0.07608695652173914,0.0,0.0,5.0
864,58901,1.0,,1.0,1.0,1,91,92.0,,Sparse,,0.0,2400.0,,3175.86,Owandy: OPTEO size #2 sensor - 9458100200,0.013043478260869566,0.0,0.0782608695652174,0.0782608695652174,,,,0.0,0.0,0.0
865,59132,10.6,12.116104984688766,4.0,30.0,5,87,18.4,1.3065147739409042,Sparse,,0.0,6.32,3.0545,3.038,Plasdent: Transparent Mixing Bowl Ea - 904MA : Plasdent: Transparent Mixing Bowl Dark Green Ea - 904MB-L,0.2921047833221905,0.0,1.7526286999331429,1.7526286999331429,0.8249632892804701,0.3200519293715507,,0.0,0.0,0.0
866,61566,2.6666666666666665,1.1547005383792517,2.0,4.0,3,89,30.666666666666668,0.1875,Sparse,,0.0,315.38,316.3533333333333,317.295,Kuraray: CLEARFIL Photo Bond Kit - Each   - 070KA,0.04864864864864865,0.0,0.2918918918918919,0.2918918918918919,,,,0.0,0.0,0.0
867,61584,1.5,0.9258200997725514,1.0,3.0,8,84,11.5,0.380952380952381,Intermittent,,0.0,181.45,,170.14,Kuraray: PANAVIA SA Cement Universal Automix (Translucent) - 8.2g/4.6ml - Each  - 4214KA,0.04687743248355139,0.0,0.28126459490130834,0.28126459490130834,,,,0.0,0.0,1.0
868,61589,1.8888888888888888,1.2692955176439846,2.0,5.0,9,83,10.22222222222222,0.4515570934256055,Intermittent,,0.0,206.91,,208.17,Kuraray: PANAVIA V5  Paste (Clear) - 8.1g/  4.6 ml - Each  - 3612KA,0.06647985594499135,0.0,0.39887913566994815,0.39887913566994815,,,,0.0,0.0,1.0
869,61600,4.970588235294118,4.344870149174855,4.0,16.0,34,58,2.7058823529411766,0.7640785856534603,Erratic,7,1.0,26.5,26.32892857142857,26.5,BM: General Purpose Ultrasonic Cleaner Concentrate - 4L/Bottle  - BM-5000,3.4477357197027056,3.4477357197027056,20.686414318216233,24.13415003791894,1.7765297736628627,0.06856361108938457,,0.0,4.0,25.0
870,61601,3.257142857142857,2.317996817016253,3.0,13.0,35,57,2.628571428571429,0.5064680535187298,Erratic,7,1.0,30.65,30.52870967741936,30.65,"BM: Tartar,Light Stain And Permanent Cement Remover - 4L/Bottle  - BM-5100",3.0578756010585555,3.0578756010585555,18.347253606351334,21.40512920740989,5.013775104958582,0.18977982756882525,,0.0,4.0,23.0
871,61605,14.869565217391305,12.699271537554468,10.5,65.0,46,46,2.0,0.7293921396517065,Erratic,7,1.0,32.94,32.65043165467626,32.94,BM: Evacuation System Cleaner - 4L/Bottle  - BM-6000,14.336824493485668,14.336824493485668,86.02094696091402,100.35777145439968,1.5102530832705428,0.014825585262155149,,0.0,15.0,102.0
872,61607,2.576923076923077,1.747525723371806,2.0,8.0,26,66,3.5384615384615383,0.4598797059478726,Smooth,,0.0,35.35,35.08,35.35,BM: Isopropyl Alcohol 99%  - 4L/Bottle  - BM-4100,1.0980571652749413,0.0,6.5883429916496485,6.5883429916496485,13.923697270471475,0.6788060618320785,,0.0,0.0,7.0
873,61610,3.1818181818181817,2.461829819586655,2.5,10.0,22,70,4.181818181818182,0.598639455782313,Erratic,,0.0,33.1,33.1,33.1,BM: Activated 2% Glutaraldehyde Disinfectant - 4L/Bottle  - BM-28PLUS,1.090700139068383,0.0,6.544200834410298,6.544200834410298,3.5167464114832523,0.3495442651206265,,1.0,1.0,8.0
874,61735,1.0,0.0,1.0,1.0,3,89,30.666666666666668,0.0,Sparse,7,1.0,,,1750.0,Woodpecker: i-Sensor H1 Ea - WH1,0.025655644241733177,0.025655644241733177,0.15393386545039905,0.17958950969213222,,,,0.0,0.0,0.0
875,61781,20.0,6.928203230275509,24.0,24.0,3,89,30.666666666666668,0.12,Sparse,,0.0,,,15.5,Metrex Caviwipes 2.0 Regular 160/cn - 11-1410,0.4090909090909091,0.0,2.4545454545454546,2.4545454545454546,14.28571428571429,0.8533747090768037,,0.0,0.0,0.0
876,61808,5.0,2.8284271247461903,5.0,7.0,2,90,46.0,0.32,Sparse,,0.0,,,127.43,"Abutment Direct: Novaloc Abutment Straight - NobelReplace Conical CF - RP 4.3/5.0, G/H 1.0 Ea - CF 6010",0.07808219178082193,0.0,0.4684931506849316,0.4684931506849316,8.333333333333329,0.9467731894583938,,0.0,0.0,0.0
877,61842,1.0,0.0,1.0,1.0,2,90,46.0,0.0,Sparse,,0.0,,,333.05,"Straumann: Bone Level Implant Ø 4.8mm RC, SLActive® 8mm, Roxolid® Loxim® Ea - 021.6308",0.02,0.0,0.12,0.12,,,,0.0,0.0,0.0
878,61880,7.173913043478261,7.113701081926619,4.0,30.0,23,69,4.0,0.9832840804741632,Erratic,Not operating anymore,0.0,28.21,,27.3588,4D: Isodam Non-Latex Dental Dam 6”x 6“  Medium Light Blue - 15/Pk - ISO01800615,3.8081123710708247,0.0,22.848674226424947,22.848674226424947,1.1849883667558283,0.04930535918782735,,0.0,0.0,23.0
879,61882,3.375,2.2638462845343543,2.0,7.0,8,84,11.5,0.4499314128943759,Intermittent,,0.0,105.77,116.082,116.082,4D: Isodam Non-Latex Dental Dam 5”x 5” Economy Pack -  Medium Light Blue - 100/Pk - ISO01800510,0.07578224148263193,0.0,0.4546934488957916,0.4546934488957916,6.5089285714285685,0.9347044616194415,,0.0,0.0,1.0
880,61883,3.12,2.315167380558045,2.0,9.0,25,67,3.68,0.5506245890861273,Erratic,7,1.0,105.77,116.62333333333332,116.84,4D: Isodam Non-Latex Dental Dam 6”x 6“ Economy Pack -  Medium Light Blue - 75/Pk - ISO01800675,1.3889354206958329,1.3889354206958329,8.333612524174997,9.72254794487083,4.345714285714289,0.3089019961730941,,0.0,2.0,11.0
881,61993,5.0,3.0,5.0,8.0,3,89,30.666666666666668,0.36,Sparse,,0.0,,,50.23,Abutment Direct: Temporary Abutment NobelReplace Conical CF RP 4.3/5.0 Ea - CF 3510,0.09241071428571429,0.0,0.5544642857142857,0.5544642857142857,6.25,0.9185146306259021,,0.0,0.0,0.0
882,62005,3.4,0.8944271909999159,4.0,4.0,5,87,18.4,0.0692041522491349,Sparse,,0.0,,82.5,0.0,Henry Schein: Natural Elegance Universal Bonding Agent LC&DC / SC 5 mL Btl Ea - 90-00008-M,0.111952288218111,0.0,0.671713729308666,0.671713729308666,,,,0.0,0.0,0.0
883,62144,1.0,0.0,1.0,1.0,2,90,46.0,0.0,Sparse,14,2.0,5800.0,,8750.0,Air Techniques: AirStar Dental Air Compressor 30 Ea - AS30,0.014657980456026058,0.029315960912052116,0.08794788273615635,0.11726384364820847,,,,0.0,0.0,0.0
884,62165,1.125,0.3535533905932738,1.0,2.0,8,84,11.5,0.0987654320987654,Intermittent,,0.0,,334.48,335.93,"Straumann: Bone Level Implant Ø 4.1mm RC, SLActive® 12mm, Roxolid® Loxim® Ea - 021.4312",0.03541873661363927,0.0,0.21251241968183562,0.21251241968183562,,,,0.0,0.0,1.0
885,62180,1.0,0.0,1.0,1.0,2,90,46.0,0.0,Sparse,,0.0,,,398.14,SDI: Riva Light Cure Capsule A2 Refill 50/Pk - 8700002,0.01948051948051948,0.0,0.11688311688311688,0.11688311688311688,,,,0.0,0.0,0.0
886,62346,6.0,0.0,6.0,6.0,3,89,30.666666666666668,0.0,Sparse,,0.0,,,67.9,Zimvie: EXTERNAL HEX. EP PICK-UP IMPLANT IMPRESSION COPINGS -  iiC41,0.13235294117647062,0.0,0.7941176470588237,0.7941176470588237,,,,0.0,0.0,0.0
887,62348,1.5,0.7071067811865476,1.5,2.0,2,90,46.0,0.2222222222222222,Sparse,,0.0,,,580.0,"Woodpecker: Woodpecker ,LED Curing Light ,1/pk - O-Star",0.022040816326530616,0.0,0.1322448979591837,0.1322448979591837,,,,0.0,0.0,0.0
888,62368,5.5,3.5355339059327378,5.5,8.0,2,90,46.0,0.4132231404958678,Sparse,7,1.0,,238.0,0.0,Sable: Rotamax K4 High Speed Handpiece Non Fiber Optic Ea - 2000029,0.1346153846153846,0.1346153846153846,0.8076923076923077,0.9423076923076923,4.32142857142857,0.8209812108559498,,0.0,0.0,0.0
889,62373,1.5,0.5773502691896257,1.5,2.0,4,88,23.0,0.1481481481481481,Sparse,,0.0,,,92.3,Hiossen: OsteOss (FDBA) Cortical & Cancellous Bone Powder 1.0cc Ea - CCP100,0.04698975768173871,0.0,0.28193854609043223,0.28193854609043223,,,,0.0,0.0,0.0
890,62403,10.583333333333334,9.491224016602564,7.0,30.0,12,80,7.666666666666667,0.8042656085312166,Lumpy,3,0.4285714285714285,14.2,11.032173913043476,14.2,Aurelia: Blush Nitrile Gloves - Pink - X-Small - Powder Free - 200/Box - 78885,1.2715144865303671,0.591614906832298,8.282608695652174,8.17402169912379,1.4088923829489874,0.14702128923232974,0.13043478260869565,0.0,1.0,10.0
891,62405,14.0,9.617692030835672,10.0,30.0,5,87,18.4,0.4719387755102041,Sparse,,0.0,6.65,6.6884,6.65,Aurelia: Absolute 100 Nitrile Gloves - Black - Small - Powder Free - 100/Box - 9899A6,0.3120926109401887,0.0,1.8725556656411322,1.8725556656411322,2.496815286624204,0.5714358688931435,,0.0,0.0,0.0
892,62406,12.454545454545457,7.763551202428389,10.0,24.0,11,81,8.363636363636363,0.3885662528637646,Intermittent,3,0.4285714285714285,6.65,6.65,6.65,Aurelia: Absolute 100 Nitrile Gloves - Black - Medium - Powder Free - 100/Box - 9899A7,0.5985703266354472,0.25653013998662016,3.591421959812683,3.8479520997993033,3.243864500518493,0.45740953035547055,,1.0,2.0,6.0
893,62430,58.75,49.49160893362338,42.0,186.0,32,60,2.875,0.7096552227690243,Erratic,3,0.4285714285714285,4.8,4.078110236220472,3.84,"Aurelia: Earloop Surgical Mask 3 ply, ASTM Level 3, Made in Canada - Blue - 50/Box - 2130",43.16989380995824,18.50138306141067,259.01936285974944,277.5207459211601,1.4437640625685206,0.005175439924787323,,0.0,19.0,279.0
894,62431,19.923076923076923,18.432134703923737,15.0,75.0,13,79,7.076923076923077,0.8559303926099293,Lumpy,3,0.4285714285714285,4.8,4.7,4.7,"Aurelia: Earloop Surgical Mask 3 ply, ASTM Level 3, Made in Canada - Pink - 50/Box - 2132",3.130992020010224,1.2065217391304348,16.89130434782609,20.12780584292287,1.2410992358879793,0.05807968313353773,0.14130434782608697,0.0,2.0,19.0
895,62432,17.133333333333333,15.523561201636449,10.0,52.0,15,77,6.133333333333334,0.8209165057111282,Lumpy,3,0.4285714285714285,4.8,4.451701570680628,4.45,"Aurelia: Earloop Surgical Mask 3 ply, ASTM Level 3, Made in Canada - Aqua - 50/Box - 2134",2.824579260864033,1.1972049689440993,16.76086956521739,18.158009534125927,1.3113881325164505,0.06735637922498748,0.16304347826086957,0.0,2.0,19.0
896,62435,13.24,14.603880762774438,10.0,70.0,25,67,3.68,1.2166357858483705,Erratic,3,0.4285714285714285,25.0,15.095,16.47,"Aurelia: Premium Gauze Sponges 4 ply Non-Woven - White - 5000/Box 2""x2"" - 1322",3.0369335550874066,1.3015429521803168,18.22160133052444,19.523144282704756,0.8763419430094987,0.04295902030634671,,16.0,18.0,37.0
897,62436,5.222222222222222,6.666666666666667,2.0,21.0,9,83,10.22222222222222,1.629696695337257,Lumpy,,0.0,30.0,17.2,17.2,"Aurelia: Premium Gauze Sponges 4 ply Non-Woven - White - 2000/Box 4""x4"" - 1344",0.45039086180185245,0.0,3.0652173913043486,2.702345170811115,0.695310040919106,0.20464408469658302,0.09782608695652176,0.0,0.0,4.0
898,62437,2.25,1.5517392618742702,2.0,7.0,20,72,4.6,0.4756335282651072,Smooth,,0.0,12.17,12.147444444444444,12.25,"Aurelia: Cotton Rolls Biodegradable - White - 2000/Box 1.5""x0.375"" - CR1538",0.6262182656026563,0.0,3.7573095936159375,3.7573095936159375,32.06250000000008,0.8951052605738702,,0.0,0.0,4.0
899,62440,8.35,9.039533057339678,5.0,31.0,20,72,4.6,1.171976878263643,Erratic,3,0.4285714285714285,25.0,16.455,16.47,"Aurelia: Dental Bibs Disposable - 2 Ply Paper & 1 Ply Plastic - Sky blue - 17""x24"" - 500/Box - 2001",2.0232692778373003,0.8671154047874142,12.1396156670238,13.006731071811215,0.9503748475500394,0.06809254390136012,,7.0,8.0,21.0
900,62442,6.25,4.919811526323488,6.0,17.0,12,80,7.666666666666667,0.6196363636363634,Lumpy,3,0.4285714285714285,25.0,,25.0,"Aurelia: Dental Bibs Disposable - 2 Ply Paper & 1 Ply Plastic - Lavender - 17""x24"" - 500/Box - 2003",0.5649076384674081,0.34937888198757755,4.891304347826086,3.6315491044333377,2.1756329113924058,0.3746452075143102,0.13043478260869565,0.0,1.0,6.0
901,62449,4.4,4.168666186896929,2.5,12.0,10,82,9.2,0.8976124885215794,Lumpy,,0.0,25.0,,19.5,"Aurelia: Dental Bibs Disposable - 2 Ply Paper & 1 Ply Plastic - Capri blue - 17""x24"" - 500/Box - 2012",0.43293316039896107,0.0,2.8695652173913047,2.5975989623937665,1.491780821917808,0.36479390533519285,0.10869565217391305,0.0,0.0,3.0
902,62451,3.909090909090909,4.58682472293863,3.0,23.0,22,70,4.181818181818182,1.3768059955188132,Erratic,3,0.4285714285714285,30.0,22.07936170212766,31.0,"Aurelia: Dental Headrest Cover - White - 10""x13"" - 500/Box - HR1013",1.240288970256043,0.5315524158240182,7.441733821536257,7.973286237360275,0.8920669929009581,0.10062396497140721,,0.0,1.0,9.0
903,62466,32.5,70.77269384125763,16.0,345.0,32,60,2.875,4.742034739454094,Erratic,3,0.4285714285714285,3.5,2.3734182590233543,2.3734,"Aurelia: Self - Sealing Sterilization Pouches - Blue - 2.25""x4"" - 200/Box - SP22540",8.16564681696722,3.4995629215573794,48.99388090180332,52.4934438233607,0.21225719462352002,0.004027215092938309,,10.0,14.0,63.0
904,62467,57.0,59.63267188006551,47.0,368.0,37,55,2.4864864864864864,1.0945077117745632,Erratic,3,0.4285714285714285,6.25,4.961372549019608,6.25,"Aurelia: Self - Sealing Sterilization Pouches - Blue - 2.75""x9"" - 200/Box - SP27590",37.20004041530012,15.942874463700049,223.20024249180074,239.14311695550077,0.9285362716923614,0.0038677463965878386,,0.0,16.0,240.0
905,62468,37.810810810810814,37.79317827762471,27.0,218.0,37,55,2.4864864864864864,0.999067545949547,Erratic,3,0.4285714285714285,7.0,,7.0,"Aurelia: Self - Sealing Sterilization Pouches - Blue - 3.5""x5.25"" - 200/Box - SP35525",36.52534055702467,15.653717381581998,219.15204334214803,234.80576072373003,1.0281506797862803,0.004359638839331698,,0.0,16.0,236.0
906,62469,53.30555555555556,77.82317665963542,34.5,458.0,36,56,2.555555555555556,2.131439258090846,Erratic,3,0.4285714285714285,7.33,7.043698630136986,7.333333333333333,"Aurelia: Self - Sealing Sterilization Pouches - Blue - 3.5""x9"" - 200/Box - SP35900",26.13173799296271,11.199316282698302,156.79042795777625,167.98974424047455,0.4733325646293766,0.0028097110275207564,,5.0,17.0,174.0
907,62470,27.714285714285715,25.78824564497124,25.0,160.0,35,57,2.628571428571429,0.8658371521634479,Erratic,3,0.4285714285714285,5.5,4.895744680851064,5.5,"Aurelia: Self - Sealing Sterilization Pouches - Blue - 5.25""x6.5"" - 200/Box - SP52565",18.17430046578355,7.788985913907234,109.0458027947013,116.83478870860854,1.2051754893225866,0.010209893721263172,,0.0,8.0,118.0
908,62471,30.34285714285714,46.95613901926603,19.0,286.0,35,57,2.628571428571429,2.394814145135215,Erratic,3,0.4285714285714285,10.0,10.0,10.0,"Aurelia: Self - Sealing Sterilization Pouches - Blue - 5.25""x10"" - 200/Box - SP52510",27.380303014401363,11.734415577600583,164.28181808640818,176.01623366400875,0.4233955761894494,0.002399662581545412,,0.0,12.0,177.0
909,62472,12.411764705882351,18.940891028174374,6.0,77.0,17,75,5.411764705882353,2.328808315177108,Lumpy,3,0.4285714285714285,12.5,8.343684210526316,8.373,"Aurelia: Self - Sealing Sterilization Pouches - Blue - 7""x13"" - 200/Box - SP71300",1.4894744044333383,0.9829192546583848,13.76086956521739,9.575192599928604,0.4447924510865424,0.04439053040717656,0.18478260869565216,0.0,1.0,15.0
910,62476,3.7142857142857135,4.270608298368657,1.0,12.0,7,85,13.142857142857142,1.3219921104536494,Lumpy,,0.0,48.0,42.0,42.0,"Aurelia: CSR Sterilization Wraps - Blue - 12""x12"" - 1000/Box - SP1212",0.1718649608483468,0.0,1.6956521739130432,1.0311897650900808,0.9498829039812643,0.47947908161619074,0.07608695652173914,0.0,0.0,2.0
911,62477,4.357142857142857,3.851063207828175,2.5,16.0,28,64,3.2857142857142856,0.7811918341345917,Erratic,3,0.4285714285714285,45.0,40.54333333333334,30.67,"Aurelia: CSR Sterilization Wraps - Blue - 15""x15"" - 500/Box - SP1515",2.9955292120863293,1.2837982337512837,17.973175272517977,19.25697350626926,1.8126330602966105,0.08603070278364722,,0.0,2.0,20.0
912,62478,2.0434782608695654,1.580513750466923,2.0,8.0,23,69,4.0,0.5982139182682413,Erratic,,0.0,55.0,55.0,55.0,"Aurelia: CSR Sterilization Wraps - Blue - 18""x18"" - 500/Box - SP1818",0.9657797207579947,0.0,5.794678324547968,5.794678324547968,9.186767485822326,0.6132096729584778,,0.0,0.0,6.0
913,62479,2.4285714285714284,1.696797241605749,2.0,6.0,14,78,6.571428571428571,0.4881554431727443,Lumpy,,0.0,61.0,58.34111111111111,61.0,"Aurelia: CSR Sterilization Wraps - Blue - 20""x20"" - 500/Box - SP2020",0.3922628323474516,0.0,2.217391304347826,2.3535769940847096,13.09059233449478,0.8476074080766903,0.15217391304347827,0.0,0.0,3.0
914,62492,27.142857142857142,24.29971585175824,20.0,80.0,7,85,13.142857142857142,0.8014773776546632,Lumpy,3,0.4285714285714285,6.5,4.2,4.2,Aurelia: Sonic 100 Nitrile Gloves - Cobalt blue - Small - Powder Free - 100/Box - 9377B6,1.2431479300384563,0.8850931677018633,12.391304347826088,7.991665264532933,1.3078130660548235,0.14063294945837737,0.07608695652173914,0.0,1.0,14.0
915,62493,17.125,14.55469978097404,11.0,51.0,8,84,11.5,0.7223461178386855,Lumpy,3,0.4285714285714285,6.5,5.1153191489361705,4.2,Aurelia: Sonic 100 Nitrile Gloves - Cobalt blue - Medium - Powder Free - 100/Box - 9377B7,1.118303927592807,0.638198757763975,8.934782608695652,7.189096677382331,1.5061330704328681,0.1732137176491864,0.08695652173913043,0.0,1.0,10.0
916,62632,1.8125,1.2230426539304888,1.0,5.0,16,76,5.75,0.4553309552120492,Intermittent,42,6.0,221.65,223.93666666666667,223.93733333333333,"Allpro: Prophy Cups, Screw, Ribbed, Aqua Unscented, Non-Latex - 1000/Pack - 101-S-1000",0.10486752398171535,0.6292051438902921,0.6292051438902921,1.2584102877805843,,,,0.0,1.0,2.0
917,62643,1.0,0.0,1.0,1.0,2,90,46.0,0.0,Sparse,,0.0,221.65,,214.85,"Allpro: Prophy Cups, Screw, 6 Web, Aqua Unscented, Non-Latex - 1000/Pack - 103-S-1000",0.016423357664233577,0.0,0.09854014598540146,0.09854014598540146,,,,0.0,0.0,0.0
918,62671,2.4545454545454546,2.659459958850156,2.0,10.0,11,81,8.363636363636363,1.173936899862826,Lumpy,42,6.0,175.0,,172.56,"Allpro: Prophy Cups, Snap On, Ribbed & Web, Aqua Unscented, Non-Latex - 1000/Pack -302-S-1000",0.31224842492365346,1.7608695652173916,1.7608695652173916,3.7469810990838415,1.3045812455261272,0.25825302283324664,0.11956521739130435,0.0,2.0,4.0
919,62689,2.5454545454545454,1.293339581365727,2.0,5.0,11,81,8.363636363636363,0.2581632653061226,Intermittent,,0.0,59.39,59.99333333333333,59.99166666666667,"Allpro: Prophy Cups, Latch Mandrel, Ribbed & Web, Royal Blue, Non-Latex - 144/Pack - 402-B-144",0.10252074010387309,0.0,0.6151244406232386,0.6151244406232386,,,,0.0,0.0,1.0
920,62694,1.6875,1.01447851956888,1.0,4.0,16,76,5.75,0.3614083219021489,Intermittent,42,6.0,346.39,349.975,349.974,"Allpro: Prophy Cups, Latch Mandrel, Ribbed & Web, Aqua Unscented, Non-Latex - 1000/Pack - 402-S-1000",0.11800098299428058,0.7080058979656835,0.7080058979656835,1.416011795931367,,,,0.0,1.0,2.0
921,62695,2.6666666666666665,1.680336100833612,2.0,8.0,18,74,5.111111111111111,0.3970588235294119,Intermittent,,0.0,55.43,,55.91733333333333,"Allpro: Prophy Cups, Latch Mandrel, Ribbed & Web, Aqua Unscented, Non-Latex - 144/Pack - 402-S-144",0.28692705409349095,0.0,1.7215623245609457,1.7215623245609457,45.33333333333311,0.963413746848419,,0.0,0.0,2.0
922,62734,3.4,1.8165902124584952,4.0,5.0,5,87,18.4,0.2854671280276817,Sparse,,0.0,0.0,,93.28,"Straumann: NT Temporary Abutment, for bridge, H 10.3mm, TAN a - 037.0001",0.09855277290971791,0.0,0.5913166374583074,0.5913166374583074,,,,0.0,0.0,0.0
923,62763,2.0,,2.0,2.0,1,91,92.0,,Sparse,,0.0,,,277.91,GC G-CEM LinkForce Resin Composite Cement Translucent Refill Ea -  010121,0.03103448275862069,0.0,0.18620689655172412,0.18620689655172412,,,,0.0,0.0,0.0
924,62835,34.5,30.405591591021544,34.5,56.0,2,90,46.0,0.7767275782398656,Sparse,Not operating anymore,0.0,13.93,13.5725,13.797692307692309,Hu-Friedy: Syringe Infinity A/W Clip for Single Cassette  - IM1005N,0.7672661870503598,0.0,4.603597122302158,4.603597122302158,1.3373595505617977,0.22510845040670813,,0.0,0.0,0.0
925,63985,7.0,7.071067811865476,7.0,12.0,2,90,46.0,1.0204081632653064,Sparse,Not operating anymore,0.0,223.51,,216.235,Hu-Friedy: Cassette IMS Infinity 16 Instrument Blue  - IMN4168,0.1624548736462094,0.0,0.9747292418772564,0.9747292418772564,1.1395348837209298,0.5389747051582415,,0.0,0.0,0.0
926,63986,4.0,,4.0,4.0,1,91,92.0,,Sparse,,0.0,223.51,,214.695,Hu-Friedy: Cassette IMS Infinity 16 Instrument Green  - IMN4169,0.052173913043478265,0.0,0.3130434782608696,0.3130434782608696,,,,0.0,0.0,0.0
927,64017,7.666666666666667,4.725815626252608,6.0,13.0,3,89,30.666666666666668,0.379962192816635,Sparse,Not operating anymore,0.0,173.74,,168.795,Hu-Friedy: Cassette IMS Infinity 10 Instrument Lavender  - IMN5106,0.20374331550802138,0.0,1.2224598930481283,1.2224598930481283,4.00757575757576,0.7662616519827543,,0.0,0.0,0.0
928,64027,15.5,7.7781745930520225,15.5,21.0,2,90,46.0,0.2518210197710717,Sparse,Not operating anymore,0.0,130.9,,126.804,Hu-Friedy: Cassette IMS Infinity 5 Instrument Yellow  - IMN6055,0.30431654676258996,0.0,1.8258992805755399,1.8258992805755399,5.3388888888888895,0.7451565576834036,,0.0,0.0,0.0
929,64051,4.0,,4.0,4.0,1,91,92.0,,Sparse,,0.0,219.17,,214.475,Hu-Friedy: Cassette IMS Infinity 12 Instrument Signa Stat Lavender  - IMN8126,0.05070422535211268,0.0,0.3042253521126761,0.3042253521126761,,,,0.0,0.0,0.0
930,64053,6.0,,6.0,6.0,1,91,92.0,,Sparse,,0.0,219.17,,213.2983333333333,Hu-Friedy: Cassette IMS Infinity 12 Instrument Signa Stat Blue  - IMN8128,0.0782608695652174,0.0,0.4695652173913044,0.4695652173913044,,,,0.0,0.0,0.0
931,64147,2.6666666666666665,1.1547005383792517,2.0,4.0,3,89,30.666666666666668,0.1875,Sparse,,0.0,127.54,,126.35,Hu-Friedy: IMS Cleaning Monitor Ultrasonic 50 pcs.  - IMS-1200U,0.06519434628975265,0.0,0.3911660777385159,0.3911660777385159,,,,0.0,0.0,0.0
932,64200,17.5,17.67766952966369,17.5,30.0,2,90,46.0,1.0204081632653064,Sparse,,0.0,38.64,,38.322,Hu-Friedy: Pliers #2 College Dressing  - DP2,0.39752650176678445,0.0,2.385159010600707,2.385159010600707,1.0381355932203389,0.30325628184661135,,0.0,0.0,0.0
933,64204,42.0,48.08326112068523,42.0,76.0,2,90,46.0,1.310657596371882,Sparse,Not operating anymore,0.0,35.14,,0.0,Hu-Friedy: Pliers Dressing Foil/Meriam Serrated beaks #318  - DP318,0.992226148409894,0.0,5.953356890459364,5.953356890459364,0.777092511013216,0.11545923082687361,,0.0,0.0,0.0
934,64332,12.333333333333334,6.8068592855540455,10.0,20.0,3,89,30.666666666666668,0.3046018991964938,Sparse,,0.0,43.05,40.83,42.99333333333333,Hu-Friedy: Expro XP23/UNC15 Color Coded #6 Handle  - XP23/UNC6,0.2052780395852969,0.0,1.2316682375117813,1.2316682375117813,4.473856209150328,0.7841270773570445,,0.0,0.0,0.0
935,64353,19.0,7.211102550927978,20.0,30.0,5,87,18.4,0.1440443213296398,Sparse,Not operating anymore,0.0,23.59,22.115,22.61692307692308,Hu-Friedy: Mirror Handle Cone Socket #6 Handle  - MH6,0.6929647952139898,0.0,4.157788771283939,4.157788771283939,10.939393939393941,0.724598367062006,,0.0,0.0,0.0
936,64385,22.33333333333333,4.041451884327381,20.0,27.0,3,89,30.666666666666668,0.0327467141902428,Sparse,,0.0,7.98,7.99,7.991666666666667,Hu-Friedy: Mirror #5 Front Surface Cone Socket Single Sided each  - MIR5,0.39932773109243697,0.0,2.3959663865546217,2.3959663865546217,,,,0.0,0.0,0.0
937,64461,27.0,,27.0,27.0,1,91,92.0,,Sparse,,0.0,49.7,,44.9525,"Hu-Friedy: CC NOVATECH PROBE,UNC 15 6 SATIN STL HDL  - PCPNT156",0.324,0.0,1.944,1.944,,,,0.0,0.0,0.0
938,64497,20.0,19.79898987322333,20.0,34.0,2,90,46.0,0.98,Sparse,,0.0,36.61,,52.0,Hu-Friedy: Probe QULIX PQ-OW Williams Thin #6 handle 1-2-3-5-7-8-9-10 SE  - PQOW6,0.46472727272727277,0.0,2.788363636363637,2.788363636363637,1.075268817204301,0.2783051519849735,,0.0,0.0,0.0
939,64726,8.0,,8.0,8.0,1,91,92.0,,Sparse,,0.0,80.08,,78.42,"Hu-Friedy: Pliers Endo Locking 6-1/2""  - EPL1",0.10434782608695653,0.0,0.6260869565217392,0.6260869565217392,,,,0.0,0.0,0.0
940,64884,4.0,,4.0,4.0,1,91,92.0,,Sparse,,0.0,264.39,,251.78,Hu-Friedy: Forceps Mead 3 Serrated MD-3  - FMD3,0.052173913043478265,0.0,0.3130434782608696,0.3130434782608696,,,,0.0,0.0,0.0
941,64885,4.0,,4.0,4.0,1,91,92.0,,Sparse,,0.0,264.39,,257.185,Hu-Friedy: Forceps Mead 4  - FMD4,0.052173913043478265,0.0,0.3130434782608696,0.3130434782608696,,,,0.0,0.0,0.0
942,64887,4.0,,4.0,4.0,1,91,92.0,,Sparse,,0.0,241.5,,232.93,Hu-Friedy: Forceps 13 European style Serrated  - FX13,0.052173913043478265,0.0,0.3130434782608696,0.3130434782608696,,,,0.0,0.0,0.0
943,64889,4.0,,4.0,4.0,1,91,92.0,,Sparse,,0.0,241.5,,232.93,Hu-Friedy: Forceps 17 European style Serrated  - FX17,0.052173913043478265,0.0,0.3130434782608696,0.3130434782608696,,,,0.0,0.0,0.0
944,64891,4.0,,4.0,4.0,1,91,92.0,,Sparse,,0.0,241.5,,232.93,Hu-Friedy: Forceps 18 European style Serrated  - FX18,0.052173913043478265,0.0,0.3130434782608696,0.3130434782608696,,,,0.0,0.0,0.0
945,64978,4.0,,4.0,4.0,1,91,92.0,,Sparse,,0.0,284.06,,271.385,Hu-Friedy: Forceps Atraumair Root #45 Serrated Lower Roots  - FX45XS,0.052173913043478265,0.0,0.3130434782608696,0.3130434782608696,,,,0.0,0.0,0.0
946,64981,4.0,,4.0,4.0,1,91,92.0,,Sparse,,0.0,284.06,,271.385,Hu-Friedy: Forceps Atraumair Root #51 Serrated Upper Roots  - FX51XS,0.052173913043478265,0.0,0.3130434782608696,0.3130434782608696,,,,0.0,0.0,0.0
947,65010,4.0,,4.0,4.0,1,91,92.0,,Sparse,,0.0,225.96,,221.335,Hu-Friedy: Forceps 23  - F23,0.052173913043478265,0.0,0.3130434782608696,0.3130434782608696,,,,0.0,0.0,0.0
948,65050,2.0,,2.0,2.0,1,91,92.0,,Sparse,,0.0,517.58,,489.11,Hu-Friedy: Needle Holder Simion  - NH5024SIM,0.02535211267605634,0.0,0.15211267605633805,0.15211267605633805,,,,0.0,0.0,0.0
949,65103,3.0,2.6457513110645907,2.0,6.0,3,89,30.666666666666668,0.7777777777777778,Sparse,Not operating anymore,0.0,353.15,,344.38,Hu-Friedy: Surgical Rongeurs Blumenthal  - RBL,0.043186180422264867,0.0,0.2591170825335892,0.2591170825335892,2.2499999999999996,0.8967297762478486,,0.0,0.0,0.0
950,65408,7.0,9.539392014169456,2.0,18.0,3,89,30.666666666666668,1.857142857142857,Sparse,,0.0,38.43,,36.60166666666667,Hu-Friedy: Burnisher 18 Ball #41 Round handle DE (1.6-2.4)  - BB18,0.22668890742285236,0.0,1.360133444537114,1.360133444537114,0.5833333333333334,0.30015091586619275,,0.0,0.0,0.0
951,65695,6.0,5.291502622129181,4.0,12.0,3,89,30.666666666666668,0.7777777777777778,Sparse,,0.0,53.41,,51.66166666666667,Hu-Friedy: Satin Steel XTS Composite Burnisher #21B  - TNBB21B,0.17564905998209493,0.0,1.0538943598925696,1.0538943598925696,1.636363636363636,0.6082552820736222,,0.0,0.0,0.0
952,65697,16.0,,16.0,16.0,1,91,92.0,,Sparse,,0.0,53.41,,51.1375,Hu-Friedy: Satin Steel XTS Composite Burnisher Ladmore 2  - TNBBL2,0.20869565217391306,0.0,1.2521739130434784,1.2521739130434784,,,,0.0,0.0,0.0
953,65711,16.0,,16.0,16.0,1,91,92.0,,Sparse,,0.0,53.41,,51.1375,Hu-Friedy: XTS Composite Instrument R/L  - TNCFIR/L,0.20869565217391306,0.0,1.2521739130434784,1.2521739130434784,,,,0.0,0.0,0.0
954,65770,16.0,,16.0,16.0,1,91,92.0,,Sparse,,0.0,41.02,,39.758125,Hu-Friedy: Excavator 18 #6 Handle  - EXC186,0.20869565217391306,0.0,1.2521739130434784,1.2521739130434784,,,,0.0,0.0,0.0
955,65849,7.0,6.2182527020592095,5.0,16.0,4,88,23.0,0.7891156462585034,Sparse,,0.0,34.65,,50.0,Hu-Friedy: Articulating Paper Forceps  - APF2,0.23281924737816168,0.0,1.3969154842689702,1.3969154842689702,1.547368421052632,0.5255500049624507,,0.0,0.0,0.0
956,65930,12.0,,12.0,12.0,1,91,92.0,,Sparse,,0.0,55.51,,54.245,Hu-Friedy: Spatula Novatech #7 Short blade DE CSNT7  - CSNT7,0.1565217391304348,0.0,0.9391304347826088,0.9391304347826088,,,,0.0,0.0,0.0
957,66556,7.333333333333333,5.033222956847167,8.0,12.0,3,89,30.666666666666668,0.4710743801652894,Sparse,,0.0,71.4,,66.348,Hu-Friedy: Gracey Curette 1/2 EverEdge 2.0 #9 handle  - SG1/29E2,0.16688741721854308,0.0,1.0013245033112586,1.0013245033112586,2.987654320987653,0.7489772326662457,,0.0,0.0,0.0
958,66576,7.0,7.0,4.0,15.0,3,89,30.666666666666668,1.0,Sparse,,0.0,54.25,,53.745,Hu-Friedy: Gracey Curette 11/12 #6 Handle  - SG11/126,0.2040609137055838,0.0,1.2243654822335028,1.2243654822335028,1.1666666666666667,0.48793432878069487,,0.0,0.0,0.0
959,66583,7.2,4.638007234913623,6.5,17.0,10,82,9.2,0.414951989026063,Intermittent,Not operating anymore,0.0,71.4,49.51470588235294,65.87,Hu-Friedy: Gracey Curette 11/12 EverEdge 2.0 #9 Handle  - SG11/129E2,0.28312249871569095,0.0,1.6987349922941457,1.6987349922941457,3.6223602484472055,0.6807546350067825,,0.0,0.0,2.0
960,66626,9.333333333333334,5.859465277082316,7.0,16.0,3,89,30.666666666666668,0.3941326530612245,Sparse,,0.0,54.25,,52.376,Hu-Friedy: Gracey Curette 13/14 #6 Handle  - SG13/146,0.17066037735849054,0.0,1.0239622641509434,1.0239622641509434,3.4844444444444442,0.7728771314711393,,0.0,0.0,0.0
961,66633,5.222222222222222,2.5385910352879693,5.0,9.0,9,83,10.22222222222222,0.2363060208239021,Intermittent,Not operating anymore,0.0,71.4,44.19522388059701,65.86875,Hu-Friedy: Gracey Curette 13/14 EverEdge 2.0 #9 Handle  - SG13/149E2,0.21136392586664804,0.0,1.2681835551998883,1.2681835551998883,22.313131313131326,0.9462208294032405,,0.0,0.0,2.0
962,66691,3.0,1.8257418583505536,3.0,5.0,4,88,23.0,0.3703703703703703,Sparse,,0.0,71.4,,70.385,Hu-Friedy: Gracey Curette 17/18 EverEdge 2.0 #9 handle  - SG17/189E2,0.05085365853658536,0.0,0.3051219512195122,0.3051219512195122,27.000000000000025,0.988825468285232,,0.0,0.0,0.0
963,67157,16.0,,16.0,16.0,1,91,92.0,,Sparse,,0.0,54.25,,47.8125,Hu-Friedy: Sickle Scaler 204S #6 Handle DE  - S204S6,0.2028169014084507,0.0,1.2169014084507044,1.2169014084507044,,,,0.0,0.0,0.0
964,67160,12.0,11.793087936453414,7.0,41.0,14,78,6.571428571428571,0.9658119658119656,Lumpy,Not operating anymore,0.0,71.4,,0.0,Hu-Friedy: Sickle Scaler 204S EverEdge 2.0 #9 Handle  - S204S9E2,1.4788257056060015,0.0,10.956521739130435,8.872954233636008,1.13317191283293,0.1132478140136995,0.15217391304347827,0.0,0.0,11.0
965,67167,38.0,,38.0,38.0,1,91,92.0,,Sparse,,0.0,54.25,,52.375263157894736,Hu-Friedy: Sickle Scaler 204SD #6 Handle  - S204SD6,0.456,0.0,2.736,2.736,,,,0.0,0.0,0.0
966,67215,3.875,2.6958963523950885,3.0,10.0,8,84,11.5,0.484019622417125,Lumpy,,0.0,71.4,,45.77,Hu-Friedy: Sickle Scaler Nevi 2 Posterior EverEdge 2.0 #9 Handle  - SCNEVI29E2,0.1924999822962475,0.0,2.0217391304347827,1.154999893777485,4.425657894736841,0.7930351694105638,0.08695652173913043,0.0,0.0,3.0
967,67222,5.0,0.0,5.0,5.0,2,90,46.0,0.0,Sparse,,0.0,71.4,,67.94666666666667,Hu-Friedy: Sickle Scaler Nevi 3 Posterior EverEdge 2.0 #9 Handle  - SCNEVI39E2,0.07653061224489795,0.0,0.4591836734693877,0.4591836734693877,,,,0.0,0.0,0.0
968,67230,5.4,4.979959839195493,4.0,14.0,5,87,18.4,0.8504801097393687,Sparse,,0.0,71.4,,70.7325,Hu-Friedy: Sickle Scaler Nevi 4 Posterior EverEdge 2.0 #9 Handle  - SCNEVI49E2,0.23467980295566496,0.0,1.4080788177339898,1.4080788177339898,1.5030927835051549,0.5163188535039849,,0.0,0.0,0.0
969,67260,7.0,6.164414002968976,4.5,16.0,4,88,23.0,0.7755102040816326,Sparse,,0.0,54.25,,53.47666666666667,Hu-Friedy: Sickle Scaler Hygienist H6/H7 #6 Handle  - SH6/76,0.15465631929046564,0.0,0.9279379157427938,0.9279379157427938,1.580645161290323,0.6300948036210707,,0.0,0.0,0.0
970,67263,6.9,4.605552204797066,6.0,15.0,10,82,9.2,0.4455179817498658,Intermittent,Not operating anymore,0.0,71.4,71.504,71.504,Hu-Friedy: Sickle Scaler Hygienist H6/H7 EverEdge 2.0 #9 Handle  - SH6/79E2,0.2941723225628546,0.0,1.7650339353771276,1.7650339353771276,3.326785714285714,0.6533589056921918,,0.0,0.0,2.0
971,67492,5.444444444444445,2.96273147243853,6.0,10.0,9,83,10.22222222222222,0.2961266139108705,Intermittent,,0.0,71.4,,70.384,Hu-Friedy: Curette Columbia 4R/4L EverEdge 2.0 #9 Handle  - SC4R/4L9E2,0.23066767089762621,0.0,1.3840060253857573,1.3840060253857573,8.892592592592592,0.8653245030934152,,0.0,0.0,2.0
972,67537,14.0,,14.0,14.0,1,91,92.0,,Sparse,,0.0,71.4,,66.3475,Hu-Friedy: Curette Younger-Good 7/8 EverEdge 2.0 #9 handle  - SYG7/89E2,0.175,0.0,1.0499999999999998,1.0499999999999998,,,,0.0,0.0,0.0
973,68098,6.0,,6.0,6.0,1,91,92.0,,Sparse,,0.0,156.52,,147.10666666666663,Hu-Friedy: Elevator Small Precision Tip Curved #6 Handle  - EPTSMC,0.0782608695652174,0.0,0.4695652173913044,0.4695652173913044,,,,0.0,0.0,0.0
974,68593,3.0,0.0,3.0,3.0,2,90,46.0,0.0,Sparse,,0.0,108.08,106.62,106.62,Hu-Friedy: Surgical Curette Molt 2/4  - CM2/4,0.04411764705882354,0.0,0.26470588235294124,0.26470588235294124,,,,0.0,0.0,0.0
975,68940,1.0,,1.0,1.0,1,91,92.0,,Sparse,,0.0,1110.59,,0.0,Dentsply: NUPRO Freedom Cordless Prophy System Kit - 90741L01,0.013846153846153847,0.0,0.08307692307692308,0.08307692307692308,,,,0.0,0.0,0.0
976,68953,1.0,0.0,1.0,1.0,3,89,30.666666666666668,0.0,Sparse,,0.0,345.0,,344.41,"BioHorizons: 5.2mm x 10.5mm Tapered Pro Implant, Laser-Lok, RBT Ea - BTA5210",0.021865889212827984,0.0,0.13119533527696792,0.13119533527696792,,,,0.0,0.0,0.0
977,68972,1.0,,1.0,1.0,1,91,92.0,,Sparse,,0.0,,,1015.19,Garrison: Composi-Tight 3D Fusion Matrix Deluxe Kit Ea - FX-KFF-11,0.014754098360655738,0.0,0.08852459016393444,0.08852459016393444,,,,0.0,0.0,0.0
978,69005,1.0,,1.0,1.0,1,91,92.0,,Sparse,,0.0,6500.0,,6500.0,KP: Smile 2 Intraoral Scanner – Precision Digital Dentistry Workflow Complete Unit Ea - PH-SMILE2,0.014516129032258065,0.0,0.08709677419354839,0.08709677419354839,,,,0.0,0.0,0.0
979,69019,74.5,17.67766952966369,74.5,87.0,2,90,46.0,0.0563037701004459,Sparse,,0.0,35.0,35.0,35.0,"Diadent: Dia-X SIL Bite Registration VPS Impression Material 4 x 50mL, 4 x Tips - A2006-1005",1.3369565217391306,0.0,8.021739130434783,8.021739130434783,23.320378151260503,0.7440587992720034,,0.0,0.0,0.0
980,69076,8.0,11.269427669584644,2.0,21.0,3,89,30.666666666666668,1.984375,Sparse,,0.0,96.26,96.26,96.26,3M: Filtek Easy Match Flowable Restorative Syringe Natural - 2 x 2g/Pack - 6125N,0.09339622641509433,0.0,0.560377358490566,0.560377358490566,0.5378151260504203,0.48972756016921015,,0.0,0.0,0.0
981,69117,8.0,10.89342309224546,2.0,30.0,7,85,13.142857142857142,1.854166666666666,Lumpy,,0.0,2.8,2.5625,2.545333333333333,Plasdent: Flowbowl Mixing Bowls 350cc Medium Dark Green - Each - 904MB-M,0.4756897983102992,0.0,3.6521739130434785,2.854138789861795,0.5783132530120484,0.16848400087998078,0.07608695652173914,0.0,0.0,4.0
982,69123,5.5,0.7071067811865476,5.5,6.0,2,90,46.0,0.0165289256198347,Sparse,,0.0,0.0,,85.0,"Straumann: RC Temporary Abutment, bridge, Ø 4.5mm, H 11mm, TAN Ea - 024.4375",0.08830188679245284,0.0,0.529811320754717,0.529811320754717,,,,0.0,0.0,0.0
983,71058,80.0,80.49844718999243,60.0,230.0,6,86,15.333333333333334,1.0125,Sparse,,0.0,21.45,18.65306748466257,18.7,Medicom: AssureTouch Lite Nitrile Medical Examination Powder Free Gloves - Violet Blue - X- Small - 300/Box  - 9930-A,3.6742621560076794,0.0,22.045572936046078,22.045572936046078,0.9999999999999999,0.04339228201334402,,0.0,0.0,0.0
984,71059,522.1666666666666,734.9417437230428,278.0,1950.0,6,86,15.333333333333334,1.98101398689384,Sparse,,0.0,21.45,18.65,18.65,Medicom: AssureTouch Lite Nitrile Medical Examination Powder Free Gloves - Violet Blue - Small - 300/Box  - 9930-B,18.597098371242012,0.0,111.58259022745207,111.58259022745207,0.5052804613673874,0.004507895977167386,,0.0,0.0,0.0
985,71060,332.0,621.0707344118358,73.5,1800.0,8,84,11.5,3.499499720050597,Lumpy,,0.0,21.45,,18.65,Medicom: AssureTouch Lite Nitrile Medical Examination Powder Free Gloves - Violet Blue - Medium - 300/Box  - 9930-C,13.825266172651807,0.0,173.2173913043478,82.95159703591084,0.28600129439857547,0.003435962835732533,0.08695652173913043,0.0,0.0,174.0
986,71061,164.0,224.3434866449213,70.0,560.0,5,87,18.4,1.871281975014872,Sparse,,0.0,21.45,18.65,18.65,Medicom: AssureTouch Lite Nitrile Medical Examination Powder Free Gloves - Violet Blue - Large - 300/Box  - 9930-D,5.12420670897552,0.0,30.74524025385312,30.74524025385312,0.5361400151497031,0.017139269768123758,,0.0,0.0,0.0
987,71064,92.5,60.10407640085654,92.5,135.0,2,90,46.0,0.4222059897735574,Sparse,,0.0,21.15,21.038846153846155,21.145,Medicom: Ocean Pacific TruAloe Textured Fingertips Nitrile Medical Examination Powder Free Gloves - Aloe Green - Small - 200/Box  - 1226-B,1.0884476534296028,0.0,6.530685920577617,6.530685920577617,2.4307528409090904,0.2712458239803702,,0.0,0.0,0.0
988,71068,10.5,3.1091263510296048,9.5,15.0,4,88,23.0,0.0876795162509448,Sparse,,0.0,9.38,9.375,9.375,"Medicom: SafeBasics Self-Sealing Sterilization Pouches 2.75"" x 9"" - 200/Pack  - 99000",0.26456636320076665,0.0,1.5873981792046,1.5873981792046,,,,0.0,0.0,0.0
989,71069,9.428571428571429,10.390013520317522,6.0,30.0,7,85,13.142857142857142,1.214340373431282,Lumpy,,0.0,10.88,10.525625,10.26,"Medicom: SafeBasics Self-Sealing Sterilization Pouches 3.5"" x 5.25"" - 200/Pack  - 99005",0.3302935337361561,0.0,4.304347826086957,1.9817612024169367,0.9022992473934963,0.31285725909552403,0.07608695652173914,0.0,0.0,5.0
990,71070,15.0,8.74642784226795,12.0,30.0,5,87,18.4,0.3399999999999999,Sparse,,0.0,9.91,9.780425531914894,9.908333333333331,"Medicom: SafeBasics Self-Sealing Sterilization Pouches 3.5"" x 9"" - 200/Pack  - 99010",0.5945935390280644,0.0,3.5675612341683864,3.5675612341683864,3.6585365853658547,0.506294915559511,,0.0,0.0,0.0
991,71084,20.0,14.142135623730953,15.0,40.0,4,88,23.0,0.5000000000000002,Sparse,,0.0,16.72,16.715,16.715,Medicom: SAFETOUCH REJUVENATE Latex Textured Fingertips Medical Examination Powder Free Gloves - Cream - X-Large - 100/Box  - 1163-E,0.37453416149068325,0.0,2.2472049689440996,2.2472049689440996,2.2222222222222214,0.4972051511688952,,0.0,0.0,0.0
992,71095,60.0,,60.0,60.0,1,91,92.0,,Sparse,,0.0,8.6,7.474666666666667,7.474952380952381,Medicom: AssureTouch Basics Nitrile Medical Examination Powder Free Gloves - Blue - Small - 100/Box  - 9985-B,0.8181818181818182,0.0,4.909090909090909,4.909090909090909,,,,0.0,0.0,0.0
993,71096,15.2,15.578831791889916,10.0,40.0,5,87,18.4,1.0504674515235457,Sparse,,0.0,8.6,7.0633333333333335,7.475,Medicom: AssureTouch Basics Nitrile Medical Examination Powder Free Gloves - Blue - Medium - 100/Box  - 9985-C,0.6570720548989706,0.0,3.9424323293938235,3.9424323293938235,1.0155604395604396,0.20483298118537616,,0.0,0.0,0.0
994,71106,13.333333333333334,5.773502691896257,10.0,20.0,3,89,30.666666666666668,0.1874999999999999,Sparse,,0.0,24.35,24.35,24.35,Medicom: Ocean Pacific Blue Lite Nitrile Textured Fingertips Medical Examination Powder Free Gloves - Blue - Medium - 200/Box  - OPM-BL2,0.2968624296057924,0.0,1.7811745776347543,1.7811745776347543,8.888888888888893,0.8330680428262656,,0.0,0.0,0.0
995,71206,33.333333333333336,5.773502691896258,30.0,40.0,3,89,30.666666666666668,0.03,Sparse,,0.0,16.23,16.23,16.23,Medicom: SafeMask SofSkin Level 3 Procedure Earloop Face Mask - White - 50/Box  - 2086,0.6299212598425196,0.0,3.7795275590551176,3.7795275590551176,1.563749870614756e+17,1.0,,0.0,0.0,0.0
996,71216,36.4,38.04658798293031,16.0,120.0,15,77,6.133333333333334,1.0925181568823643,Lumpy,,0.0,10.71,10.682142857142855,10.71,Medicom: SafeMask Classics Level 3 Procedure Earloop Face Mask - Blue - 50/Box  - 205315,4.415990413730017,0.0,35.608695652173914,26.4959424823801,0.9389269082810284,0.03422385194954274,0.16304347826086957,0.0,0.0,36.0
997,71217,12.23076923076923,9.782244511987402,10.0,30.0,13,79,7.076923076923077,0.6396898856849015,Lumpy,,0.0,10.71,10.704814814814815,10.705,Medicom: SafeMask Classics Level 3 Procedure Earloop Face Mask - Pink - 50/Box  - 205316,1.1940260081918848,0.0,10.369565217391305,7.164156049151309,1.792343140730238,0.2001164855522018,0.14130434782608697,0.0,0.0,11.0
998,71218,14.75,13.123044071947854,10.0,40.0,8,84,11.5,0.7915623589280584,Lumpy,,0.0,10.71,10.22,10.705,Medicom: SafeMask Classics Level 3 Procedure Earloop Face Mask - Lavender - 50/Box  - 205317,0.6149797134644579,0.0,7.695652173913043,3.6898782807867474,1.38166250850533,0.27243446635045054,0.08695652173913043,0.0,0.0,8.0
999,71219,20.0,17.320508075688775,10.0,40.0,3,89,30.666666666666668,0.7500000000000001,Sparse,,0.0,10.71,10.609444444444444,10.705,Medicom: SafeMask Classics Level 3 Procedure Earloop Face Mask - White - 50/Box  - 205314,0.31034482758620685,0.0,1.862068965517241,1.862068965517241,1.4285714285714284,0.4341317365269461,,0.0,0.0,0.0
1000,71263,1.6666666666666667,1.118033988749895,1.0,4.0,9,83,10.22222222222222,0.45,Intermittent,,0.0,63.05,63.05,63.05,"Medicom: SafeGauze Premium Non-Woven 4 Ply Non-Sterile  Gauze Sponges 2"" x 2"" - 4000/Box  - 4522",0.04198818500093081,0.0,0.2519291100055848,0.2519291100055848,,,,0.0,0.0,1.0
1001,71380,1.0,0.0,1.0,1.0,5,87,18.4,0.0,Sparse,,0.0,207.65,0.0,217.0,"DMG: Icon Infiltration Concept Smooth Surface Mini 3 Patient Syringe Kit - 3 x 0.45mL Icon-Etch, 3 x 0.45mL Icon-Dry, 3 x 0.45mL Icon-Infiltrant, 18 x Tips, 3 x LuerLock Tip  - 220402",0.03337684685219248,0.0,0.20026108111315488,0.20026108111315488,,,,0.0,0.0,0.0
1002,71442,1.75,1.5,1.0,4.0,4,88,23.0,0.7346938775510203,Sparse,,0.0,240.0,228.0,228.0,"DMG: Luxatemp Automix Plus Temporary Crown and Bridge Material Refill Kit A2 - 1 x 76gm Cartridge, 15 x Automix Tips  - 110402",0.03498876404494381,0.0,0.20993258426966288,0.20993258426966288,6.125,0.9668611178608358,,0.0,0.0,0.0
1003,71509,2.333333333333333,2.309401076758504,1.0,5.0,3,89,30.666666666666668,0.9795918367346949,Sparse,,0.0,108.35,108.35,108.35,"DMG: Premium Dispered Phase Alloy Fast Set 50 Capsules Double Spill Cap Dark Blue, Body White  - 61013",0.030122448979591838,0.0,0.18073469387755103,0.18073469387755103,1.8148148148148122,0.9094311150436041,,0.0,0.0,0.0
1004,71584,6.666666666666667,3.055050463303893,6.0,10.0,3,89,30.666666666666668,0.2099999999999999,Sparse,,0.0,,,93.27,"Straumann: RB/WB Temporary Abutment, Bridge, Ø 4.5mm, GH 1.5mm, AH 10mm, TAN Ea - 064.4352",0.1320790216368768,0.0,0.7924741298212608,0.7924741298212608,16.66666666666668,0.9546097864116729,,0.0,0.0,0.0
1005,71613,4.666666666666667,3.055050463303893,4.0,8.0,3,89,30.666666666666668,0.4285714285714285,Sparse,,0.0,,,59.5,"Straumann: NT Impression Post Open Tray, long, incl. guide screw, H 21mm, non-engaging, TAN Ea - 065.0137",0.07450611476952024,0.0,0.4470366886171214,0.4470366886171214,4.666666666666669,0.9125806372488902,,0.0,0.0,0.0
1006,71629,1.0,0.0,1.0,1.0,2,90,46.0,0.0,Sparse,,0.0,,,131.13,Dentsply: Thermafil Plus Obturator PL -Vented 25|25 30pk - PV02523,0.016981132075471698,0.0,0.1018867924528302,0.1018867924528302,,,,0.0,0.0,0.0
1007,71637,2.0,,2.0,2.0,1,91,92.0,,Sparse,,0.0,,773.0,819.0,3Shape: TRIOS3 Tips w/ Mirror 3/Box - 22002388,0.027272727272727275,0.0,0.16363636363636364,0.16363636363636364,,,,0.0,0.0,0.0
1008,71647,1.0,,1.0,1.0,1,91,92.0,,Sparse,,0.0,0.0,,361.0,"Straumann: BLX Implant, Ø 4.5mm RB, SLActive® 18mm, Roxolid® Ea - 061.6318",0.013636363636363637,0.0,0.08181818181818182,0.08181818181818182,,,,0.0,0.0,0.0
1009,71651,1.0,0.0,1.0,1.0,2,90,46.0,0.0,Sparse,,0.0,,,404.95,Nobel Biocare: Surgical Template Fully Guided 2 Implants Ea - 75566,0.016666666666666666,0.0,0.1,0.1,,,,0.0,0.0,0.0
1010,71667,1.0,0.0,1.0,1.0,4,88,23.0,0.0,Sparse,,0.0,380.0,,361.78,"Straumann: BLC Implant, Ø 4.0mm RB, SLActive® 14mm, Roxolid® Ea - 035.9314S",0.024861878453038673,0.0,0.14917127071823205,0.14917127071823205,,,,0.0,0.0,0.0
1011,71679,1.0,,1.0,1.0,1,91,92.0,,Sparse,,0.0,,,832.84,"Straumann: Emdogain® Multipack 3 x 0.7 ml (30 mg/ml), PrefGel® 3 x 0.6 ml (24% EDTA) - 075.116W",0.013432835820895522,0.0,0.08059701492537313,0.08059701492537313,,,,0.0,0.0,0.0
1012,71680,3.75,2.0615528128088303,3.5,6.0,4,88,23.0,0.3022222222222222,Sparse,,0.0,,,255.4,Straumann: Emdogain® - 1 x 0.3 ml (30 mg/ml) Ea - 075.101W,0.09519230769230773,0.0,0.5711538461538463,0.5711538461538463,28.125,0.9800965018094089,,0.0,0.0,0.0
1013,71682,3.0,,3.0,3.0,1,91,92.0,,Sparse,,0.0,,,224.6,"Straumann: GM Helix Acqua Implant, Titanium, 4.0X10 mm Ea - 140.983",0.04029850746268657,0.0,0.2417910447761194,0.2417910447761194,,,,0.0,0.0,0.0
1014,71721,1.0,,1.0,1.0,1,91,92.0,,Sparse,,0.0,,,361.75,"Straumann:TLC SP Implant, Ø 4.5mm WT, SLActive® 10mm, Roxolid® - 035.7610s",0.013235294117647059,0.0,0.07941176470588235,0.07941176470588235,,,,0.0,0.0,0.0
1015,71723,1.6666666666666667,0.5773502691896257,2.0,2.0,3,89,30.666666666666668,0.1199999999999999,Sparse,,0.0,,,361.75,"Straumann: BLC Implant, Ø 5.0mm WB, SLActive® 8mm, Roxolid® - 035.9508s",0.027443946188340812,0.0,0.16466367713004487,0.16466367713004487,,,,0.0,0.0,0.0
1016,71743,1.0,0.0,1.0,1.0,4,88,23.0,0.0,Sparse,,0.0,95.99,,325.0,Voco: Retraction Paste Capsule Refill 100/Pk - 1013,0.0233693394266722,0.0,0.1402160365600332,0.1402160365600332,,,,0.0,0.0,0.0
1017,71767,4.0,,4.0,4.0,1,91,92.0,,Sparse,,0.0,,,700.0,W&H: HP-44 M Proxeo Prophy Straight Electric Handpiece Ea - 10114403,0.05142857142857143,0.0,0.30857142857142855,0.30857142857142855,,,,0.0,0.0,0.0
1018,71769,4.0,,4.0,4.0,1,91,92.0,,Sparse,,0.0,,,154.96,"Straumann:RC Novaloc® ADLC, straight, Ø 3.8mm, H 2mm, TAV - 022.0053",0.052173913043478265,0.0,0.3130434782608696,0.3130434782608696,,,,0.0,0.0,0.0
1019,71774,5.0,,5.0,5.0,1,91,92.0,,Sparse,,0.0,,,380.53,"Nobel Biocare: RPM™, reinforced PTFE mesh, 200µm, 24 x 38 mm, shape N°10 1/Pk - RPM200ATC",0.06521739130434782,0.0,0.3913043478260869,0.3913043478260869,,,,0.0,0.0,0.0
1020,71781,1.0,,1.0,1.0,1,91,92.0,,Sparse,,0.0,,,986.39,Nsk S-Max M900 Air driven Non-Optic High Speed Standard Head Handpiece - P1256,0.012857142857142857,0.0,0.07714285714285714,0.07714285714285714,,,,0.0,0.0,0.0
1021,71818,1.0,0.0,1.0,1.0,3,89,30.666666666666668,0.0,Sparse,,0.0,,361.77,361.77,"Straumann: BLC Implant, Ø 4.0mm RB, SLActive® 10mm, Roxolid® Ea - 035.9310S",0.018442622950819672,0.0,0.11065573770491803,0.11065573770491803,,,,0.0,0.0,0.0
1022,71820,1.5,0.7071067811865476,1.5,2.0,2,90,46.0,0.2222222222222222,Sparse,,0.0,,,4908.0,Woodpecker: PT-A Dental Ultrasonic Scaler and Air Polisher (Full Kit) Ea - PT-A,0.018000000000000002,0.0,0.10800000000000001,0.10800000000000001,,,,0.0,0.0,0.0
1023,71844,22.5,10.606601717798211,22.5,30.0,2,90,46.0,0.2222222222222221,Sparse,,0.0,,,33.986,Keystone: Mouthguard Resin Sheets .160 (4mm) White - 9597750,0.3761609907120744,0.0,2.256965944272446,2.256965944272446,5.625000000000002,0.7136544410075122,,0.0,0.0,0.0
1024,71870,11.0,14.142135623730953,11.0,21.0,2,90,46.0,1.6528925619834718,Sparse,,0.0,96.26,96.26,96.26,Solventum: Filtek™ Easy Match Flowable Restorative Syringe Bright - 2g x 2 / Pack - 6125B,0.265625,0.0,1.59375,1.59375,0.64021164021164,0.2865813041225667,,0.0,0.0,0.0
1025,71872,3.6666666666666665,1.5275252316519463,4.0,5.0,3,89,30.666666666666668,0.1735537190082643,Sparse,,0.0,,,308.84,"BioHorizon: Tapered Internal Implant, 3.0 x 15mm, Mountless, RBT+Laser-Lok - TLX3015",0.07845394736842104,0.0,0.47072368421052624,0.47072368421052624,,,,0.0,0.0,0.0
1026,71873,4.5,2.1213203435596424,4.5,6.0,2,90,46.0,0.2222222222222221,Sparse,,0.0,,,308.85,"Biohorizon: Tapered Internal Implant, RBT, Laser-Lok, 3.4 x 15mm - TLX3415",0.054915254237288144,0.0,0.32949152542372884,0.32949152542372884,,,,0.0,0.0,0.0
1027,71877,6.0,,6.0,6.0,1,91,92.0,,Sparse,,0.0,,172.5,0.0,Nsk H/P FX Series FX65K 1:1 Straight Direct Drive Kavo & W&H Back End - HA1202,0.07500000000000001,0.0,0.45000000000000007,0.45000000000000007,,,,0.0,0.0,0.0
1028,71880,8.0,,8.0,8.0,1,91,92.0,,Sparse,,0.0,269.0,,250.0,Not allowed Hu-Friedy: PWR Piezo Tip P10 Curved Ea - UPP10,0.10140845070422536,0.0,0.6084507042253522,0.6084507042253522,,,,0.0,0.0,0.0
1029,71893,5.0,3.391164991562634,5.0,10.0,5,87,18.4,0.46,Sparse,,0.0,,,94.95,Clinical Research: PlanB Dental® miniKUT EZP Rotary NiTi Files .03 #15 21mm 6/Pk - 1031521,0.18213808463251668,0.0,1.0928285077951,1.0928285077951,3.8461538461538463,0.7787340732405467,,0.0,0.0,0.0
1030,71894,5.0,3.391164991562634,5.0,10.0,5,87,18.4,0.46,Sparse,,0.0,,,94.95,Clinical Research: PlanB Dental® miniKUT EZP Rotary NiTi Files .03 #15 25mm 6/Pk - 1031525,0.18213808463251668,0.0,1.0928285077951,1.0928285077951,3.8461538461538463,0.7787340732405467,,0.0,0.0,0.0
1031,71901,3.0,2.8284271247461903,2.0,8.0,5,87,18.4,0.8888888888888891,Sparse,,0.0,,,204.6,"Straumann: RB/WB Screw-retained Abutment, straight, Ø 4.6mm, GH 2.5mm, TAN Ea - 062.4723S",0.07154531946508172,0.0,0.4292719167904903,0.4292719167904903,1.7999999999999994,0.8074385122975405,,0.0,0.0,0.0
1032,71902,1.6666666666666667,0.5773502691896257,2.0,2.0,3,89,30.666666666666668,0.1199999999999999,Sparse,,0.0,,,225.66,"Straumann: RB/WB Screw-retained Abutment, angled 17°, Ø 4.6mm, GH 3.5mm, TAN Ea - 062.4733S",0.032661290322580645,0.0,0.19596774193548389,0.19596774193548389,,,,0.0,0.0,0.0
1033,71906,2.4285714285714284,1.5118578920369088,2.0,5.0,7,85,13.142857142857142,0.3875432525951557,Intermittent,,0.0,,,190.4,"Straumann: AlloGraft Demineralized Fibers and Cancellous Chips, 1 cc Ea - 070.249",0.04198297681395976,0.0,0.25189786088375854,0.25189786088375854,,,,0.0,0.0,1.0
1034,71929,3.0,,3.0,3.0,1,91,92.0,,Sparse,,0.0,,,367.26,"BioHorizons: Tapered Pro Conical Implant, Ø4.2 x 9mm, Laser-Lok and RBT, Regular Ea - CTA4209",0.03648648648648649,0.0,0.21891891891891893,0.21891891891891893,,,,0.0,0.0,0.0
1035,71930,1.5,0.7071067811865476,1.5,2.0,2,90,46.0,0.2222222222222222,Sparse,,0.0,,,308.85,"BioHorizons: Tapered Pro Conical Implant, Ø3.8 x 10.5mm, Laser-Lok and RBT, Narrow Ea - CTA3810",0.026129032258064518,0.0,0.15677419354838712,0.15677419354838712,,,,0.0,0.0,0.0
1036,71943,13.8125,9.04963166837929,11.5,35.0,16,76,5.75,0.4292568402230365,Intermittent,,0.0,,5.522820512820513,5.531666666666667,Baxter: Sodium Chloride 0.9% Normal Saline Solution for Irrigation 1000ml Bottle Ea - JF7124,0.7681050935118124,0.0,4.608630561070875,4.608630561070875,2.802229957160343,0.3781247738055072,,1.0,1.0,6.0
1037,71960,1.3333333333333333,0.5773502691896257,1.0,2.0,3,89,30.666666666666668,0.1874999999999999,Sparse,,0.0,,,333.05,"Straumann: Bone Level Implant Ø 3.3mm NC, SLActive® 12mm, Roxolid® Loxim® Ea - 021.2312",0.02059984214680348,0.0,0.12359905288082088,0.12359905288082088,,,,0.0,0.0,0.0
1038,72573,3.0,,3.0,3.0,1,91,92.0,,Sparse,,0.0,,,149.74,"Biohorizon: Mem-Lok Pericardium, 15mm x 20mm - PERI-ML1520INT",0.03417721518987342,0.0,0.20506329113924052,0.20506329113924052,,,,0.0,0.0,0.0
1039,72586,6.0,,6.0,6.0,1,91,92.0,,Sparse,,0.0,,,118.44,ZimVie: Temporary Hexed Cylinder w/ Retention 4.1mm Ea - ITCS41,0.0675,0.0,0.405,0.405,,,,0.0,0.0,0.0
1040,72588,6.0,,6.0,6.0,1,91,92.0,,Sparse,,0.0,,,118.4,ZimVie: Temporary Non-Hexed Cylinder w/ Retention 4.1mm Ea - ITCS42,0.0675,0.0,0.405,0.405,,,,0.0,0.0,0.0
1041,73039,2.0,,2.0,2.0,1,91,92.0,,Sparse,,0.0,,,0.0,"Beyes: M800X-M/K, KaVo Backend, Quattro Spray, Instant Stop, 25 MTHS WTY Handpiece - HP3036X",0.0225,0.0,0.135,0.135,,,,0.0,0.0,0.0
1042,73678,5.0,,5.0,5.0,1,91,92.0,,Sparse,,0.0,,,0.0,Kavo: MASTERtorque High Speed Handpiece Cellular Optic Ea -  1.008.7800,0.054878048780487805,0.0,0.32926829268292684,0.32926829268292684,,,,0.0,0.0,0.0
1043,73835,1.0,,1.0,1.0,1,91,92.0,,Sparse,,0.0,,,873.6,Acero: Accero Crowns 3S Pediatric Kit 240pcs - 5 of each crown - 3S-KIT,0.010714285714285714,0.0,0.06428571428571428,0.06428571428571428,,,,0.0,0.0,0.0
1044,73856,1.0,0.0,1.0,1.0,2,90,46.0,0.0,Sparse,,0.0,,,784.9,"Beyes: Comfort Sonic P9 Piezo Ultrasonic Scaler, Direct-LED, Includes 8 Tips, 110V - UL2103",0.013157894736842105,0.0,0.07894736842105263,0.07894736842105263,,,,0.0,0.0,0.0
