item,fullname,manufacturer,class_,total_amount,total_quantity,total_costestimate,total_margin,top_revenue,top_margin,top_quantity,top_all
949,Sable: NSK Type BB Swing Latch Head - 1600407,Sable Industries,99,917.94,6.0,281.99,635.95,False,True,False,True
2093,Premier: Contoured Matrix Band 0.035mm 9061070,Premier Dental,32,2745.33,59.0,1939.05,806.2800000000001,True,True,True,True
2113,Sunstar: GUM Deep Clean Compact Toothbrush Soft 12/Pk - 525PG,Sunstar,84,1199.4,60.0,734.4,465.0,True,True,True,True
2129,Dentamerica: Prophy Cups Latch Type 144/pkg-401,DentAmerica,83,1723.5900000000001,41.0,1135.42,588.1700000000001,True,True,True,True
2138,Microbrush: Microbrush 100/Tube : Microbrush: Microbrush 100/Tube Fine MFA400,Microbrush,94,2801.5499999999997,145.0,1893.8400000000001,907.7099999999999,True,True,True,True
2169,Beavers: Burs Friction Grip Carbide 2 Surgical FG2S,Beavers Dental,90,93.96,40.0,53.53,40.42999999999999,False,False,True,True
2170,Beavers: Burs Friction Grip Carbide 245 10/Pack -FG245,Beavers Dental,90,1980.01,1100.0,997.5699999999999,982.44,True,True,True,True
2174,Beavers: Burs Friction Grip Carbide 33 1/2 FG331/2,Beavers Dental,90,104.93,70.0,81.84,23.090000000000003,False,False,True,True
2175,Beavers: Burs Friction Grip Carbide 330 FG330,Beavers Dental,90,3001.58,1800.0,1670.3500000000001,1331.23,True,True,True,True
2177,Beavers: Burs Friction Grip Carbide 331 10/pack - FG331,Beavers Dental,90,559.72,280.0,309.40999999999997,250.30999999999997,False,False,True,True
2179,Beavers: Burs Friction Grip Carbide 332 10/pack - FG332,Beavers Dental,90,799.6,400.0,396.41,403.19,False,False,True,True
2182,Beavers: Burs Friction Grip Carbide 556 FG556,Beavers Dental,90,539.73,270.0,243.53000000000003,296.2,False,False,True,True
2185,Beavers: Burs Friction Grip Carbide 557 FG557,Beavers Dental,90,6314.95,3380.0,3208.12,3106.83,True,True,True,True
2187,Beavers: Burs Friction Grip Carbide 557 Surgical 10/pack - FGOS557,Beavers Dental,90,1865.44,930.0,1226.38,639.06,True,True,True,True
2188,Beavers: Burs Friction Grip Carbide 558 FG558,Beavers Dental,90,130.0,100.0,107.88,22.120000000000005,False,False,True,True
2189,Beavers: Burs Friction Grip Carbide 558 Surgical FG558S,Beavers Dental,90,89.99,40.0,58.650000000000006,31.339999999999996,False,False,True,True
2190,Beavers: Burs Friction Grip Carbide 56 FG56,Beavers Dental,90,79.96,40.0,40.15,39.81,False,False,True,True
2191,Beavers: Burs Friction Grip Carbide 57 Short Shank FG57SS - 10/pack,Beavers Dental,90,199.9,100.0,101.82,98.08000000000001,False,False,True,True
2194,Beavers: Burs Friction Grip Carbide 701 FG701,Beavers Dental,90,358.79,240.0,231.76,127.03000000000002,False,False,True,True
2195,Beavers: Burs Friction Grip Carbide 701 Surgical FG701S,Beavers Dental,90,1747.37,860.0,1128.13,619.24,True,True,True,True
2197,Beavers: Burs Friction Grip Carbide 702 Surgical FG702S,Beavers Dental,90,1887.31,740.0,970.8100000000001,916.4999999999999,True,True,True,True
2201,Beavers: Burs Friction Grip Finishing 7404 FGTF7404,Beavers Dental,91,289.95000000000005,60.0,185.65,104.30000000000001,False,False,True,True
2202,Beavers: Burs Friction Grip Finishing 7406 FGTF7406,Beavers Dental,91,959.84,160.0,515.0,444.84,False,False,True,True
2203,Beavers: Burs Friction Grip Finishing 7408 10/pack - FGTF7408,Beavers Dental,91,254.97,50.0,157.84,97.13,False,False,True,True
2205,Beavers: Burs Friction Grip Finishing 7901  - FGTF7901,Beavers Dental,91,5702.45,1240.0,3710.7000000000003,1991.75,True,True,True,True
2206,Beavers: Burs Friction Grip Finishing 7902 FGtf7902,Beavers Dental,91,444.92,80.0,247.53,197.39000000000001,False,False,True,True
2207,Beavers: Burs Latch Type Carbide #3 LARA3,Beavers Dental,92,311.82,180.0,197.5,114.32000000000001,False,False,True,True
2208,Beavers: Burs Latch Type Carbide 2 LARA2,Beavers Dental,92,3190.21,2190.0,2409.2799999999997,780.93,True,True,True,True
2209,Beavers: Burs Latch Type Carbide 2 Surgical LARA2S,Beavers Dental,92,275.95,150.0,236.89999999999998,39.05,False,False,True,True
2211,Beavers: Burs Latch Type Carbide 4 LARA4,Beavers Dental,92,5055.08,3470.0,3843.7200000000003,1211.36,True,True,True,True
2212,Beavers: Burs Latch Type Carbide 4 Surgical  10/pack - LARA4S,Beavers Dental,92,189.91,90.0,139.54,50.36999999999998,False,False,True,True
2213,Beavers: Burs Latch Type Carbide 5 LARA5,Beavers Dental,92,145.43,90.0,102.09,43.339999999999996,False,False,True,True
2214,Beavers: Burs Latch Type Carbide 6 10/pack - LARA6,Beavers Dental,92,4089.73,2820.0,3093.87,995.8599999999999,True,True,True,True
2215,Beavers: Burs Latch Type Carbide 6 Surgical LARA6S,Beavers Dental,92,109.94999999999999,50.0,75.92,34.029999999999994,False,False,True,True
2217,Beavers: Burs Latch Type Carbide 8 LARA8,Beavers Dental,92,3212.14,2190.0,2439.73,772.41,True,True,True,True
2265,"Ultradent: Ultrapack Retraction Cord #0, Purple/White #710131",Ultradent,60,1098.55,44.0,790.44,308.10999999999996,True,False,True,True
2266,PDT: Cruise Montana Jack Scaler Yellow R138,PDT,106,1127.85,19.0,817.27,310.58,True,False,False,True
2275,DiaDent: K-Files 6/pk 25mm 10 SS 502-202,DiaDent,46,2700.85,319.0,1722.6000000000001,978.2500000000001,True,True,True,True
2280,DiaDent: K-Files 6/pk 21mm 10 SS 502-102,DiaDent,46,1290.03,155.0,836.99,453.04,True,False,True,True
2281,DiaDent: K-Files 6/pk 21mm 15 SS 502-103,DiaDent,46,857.27,101.0,545.4,311.87,False,False,True,True
2287,DiaDent: K-Files 6/pk 21mm 8 SS 502-101,DiaDent,46,715.41,84.0,453.6,261.81,False,False,True,True
2288,DiaDent: K-Files 6/pk 25mm 15 SS 502-203,DiaDent,46,1351.23,149.0,804.6,546.63,True,True,True,True
2290,DiaDent: K-Files 6/pk 25mm 20 SS 502-204,DiaDent,46,532.1800000000001,64.0,345.6,186.58,False,False,True,True
2296,DiaDent: K-Files 6/pk 31mm 10 SS 502-302,DiaDent,46,768.1500000000001,85.0,459.0,309.15000000000003,False,False,True,True
2297,DiaDent: K-Files 6/pk 31mm 15 SS 502-303,DiaDent,46,371.59000000000003,41.0,221.4,150.19,False,False,True,True
2303,DiaDent: K-Files 6/pk 31mm 8 SS 502-301,DiaDent,46,438.51,49.0,264.6,173.91,False,False,True,True
2316,Tyco: Monoject Endo Syringe/Needle 100/box 27 x 1.25 8881513850,Tyco,28,5627.96,105.0,3766.95,1861.0100000000002,True,True,True,True
2318,DiaDent: K-Files 6/pk 25mm 8 SS 502-201,DiaDent,46,1555.2,182.0,982.7900000000001,572.41,True,True,True,True
2383,Medicom: Safe Masks Premier Elite 50/box : Medicom: Safe Masks Premier Elite 50/box : Medicom: SafeMask Premier Elite Level 3 Procedure Earloop Face Mask - Blue - 50/Box  - 2042,Medicom,63,3320.84,201.0,2979.13,341.7099999999999,True,False,True,True
2387,Scican: Optim 33 TB- 4L Bottle SCI334X4-ALOE,SciCan,36,1458.69,31.0,702.88,755.8100000000001,True,True,False,True
2399,Metrex: Cavicide Disinfectant 1 Gallon Bottle Ea - 11-1000,Metrex,36,4260.02,105.0,3447.13,812.8899999999999,True,True,True,True
2411,"To be discontinued Sterilization Pouches Pro Choice Class 4 2.75""x10"" 200/pk - 442090",Matrix Medical,67,469.61,45.0,199.12,270.49,False,False,True,True
2412,"To be discontinued Sterilization Pouches Pro Choice Class 4 3.5""x10"" 442101",Matrix Medical,67,402.05,46.0,194.29,207.76000000000002,False,False,True,True
2413,To be discontinued Prochoice: Sterilization Pouches Pro Choice Class 4 3.5''x6.5' 200/Bx - 442100,Matrix Medical,67,1140.51,130.0,572.42,568.09,True,True,True,True
2428,"Crosstex: Mixing Pad 3""x3"" EA - KPAD33",Crosstex,94,462.27000000000004,78.0,307.58000000000004,154.69,False,False,True,True
2460,BridgeAID:Dental Floss Threaders 100 Packets Of 10/Box TDPS,Floss Aid,78,1154.8,20.0,726.24,428.56,True,False,False,True
2479,Oral-B: Crest Complete Sensitive #35 Tuft Extra Toothbrush 12/pk 6830567443,Procter & Gamble,84,2218.52,148.0,4111.43,-1892.91,True,False,True,True
2480,Oral-B: Crest Cross Action #35 Extra Soft Toothbrush 12/Bx - 6830568676,Procter & Gamble,84,1231.08,82.0,747.8199999999999,483.26,True,True,True,True
2484,Oral-B: Crest Indicator #35 Toothbrushes 12/pk - 41086815,Procter & Gamble,84,2238.4,160.0,1581.3799999999999,657.0200000000001,True,True,True,True
2491,Dental Health: Dri-Angle Theta Plain Large 31L - 300-622,Dental Health Products,73,1101.72,39.0,637.63,464.09,True,True,True,True
2501,DCI: Saliva Ejector Grey Tip Push-on 5754,DCI International,118,520.33,84.0,200.23,320.1,False,False,True,True
2504,Dentsply: Crescent Prophy Cups 144/pkg Latch Type C200030,Dentsply Sirona,83,1041.83,17.0,694.05,347.78,True,False,False,True
2529,Keystone: Proform Soft EVA .040 - 9596980,Keystone Industries,122,2259.25,75.0,1681.71,577.54,True,True,True,True
2547,Dentsply: AimRight Adhesive : Dentsply: AimRight Adhesive BLUE B1073052,Dentsply Sirona,87,1885.94,56.0,1198.13,687.8100000000001,True,True,True,True
2548,Dentsply: AimRight Adhesive : Dentsply: AimRight Adhesive YELLOW B1073055,Dentsply Sirona,87,1736.98,52.0,1202.08,534.9,True,True,True,True
2654,Kromopan: KROMOPAN 1LB - KRM302,Kromopan,51,11714.0,815.0,7711.8,4002.2000000000003,True,True,True,True
3360,Coltene: Dental Dams (Hygenic) - Non Latex 5x5 - H09928,Coltene,49,1185.73,28.0,868.24,317.49,True,False,False,True
3361,Coltene: Dental Dams (Hygenic) - Non Latex 6x6#H09105,Coltene,49,1798.63,37.0,901.35,897.2800000000001,True,True,True,True
3544,Dentamerica:   Matrix Bands - 12/pkg #1,DentAmerica,32,261.43,107.0,118.78,142.64999999999998,False,False,True,True
3547,Crosstex: Articulating Paper Standard Blue 12sheet/Book 12Book/Bx Thin - TPT,Crosstex,35,2285.97,154.0,1458.3400000000001,827.6299999999999,True,True,True,True
3944,Crosstex: Articulating Paper Standard Blue 12sheet/Book 12Book/Bx Thick - TPTH,Crosstex,35,874.5699999999999,57.0,517.87,356.69999999999993,False,False,True,True
4168,Halyard:  KC100 Lavender Nitrile PF Glove 250/box Small-52817,Halyard,62,2773.95,105.0,1351.95,1422.0,True,True,True,True
4179,Voco: Grandio 20 X .25gm Compule : Voco: Grandio 20 X .25gm Compule A2 - 1841,VOCO,34,909.95,5.0,219.58,690.37,False,True,False,True
4180,Voco: Grandio 20 X .25gm Compule : Voco: Grandio 20 X .25gm Compule A3 - 1842,VOCO,34,1369.92,8.0,717.9,652.0200000000001,True,True,False,True
4183,K R : Clear fil SE Bond Kit 1970WD,Kuraray,37,8999.58,42.0,5710.17,3289.4100000000008,True,True,True,True
4188,Kerr: Herculite XRV Unidose 20 x 0.25gm : Kerr: Herculite XRV Unidose 20 x 0.25gm A1E Enamel,Kerr,34,1527.8400000000001,16.0,883.3799999999999,644.46,True,True,False,True
4193,Kerr: Herculite XRV Unidose 20 x 0.25gm : Kerr: Herculite XRV Unidose 20 x 0.25gm A3E Enamel,Kerr,34,3495.67,41.0,2198.22,1297.4499999999998,True,True,True,True
4195,Kerr: Herculite XRV Unidose 20 x 0.25gm : Kerr: Herculite XRV Unidose 20 x 0.25gm B1E Enamel,Kerr,34,1989.75,25.0,1305.56,684.1899999999999,True,True,False,True
4253,Dentsply: Jeltrate Plus Impression Material Fast Set 605602,Dentsply Sirona,51,1395.8,56.0,863.82,531.9799999999999,True,True,True,True
4267,Matech: Kromatica 1lb Pouch Bubble : Matech: Kromatica 1lb Pouch Bubble Gum Fast Set 305-103,Matech,51,2348.39,161.0,1739.19,609.1999999999999,True,True,True,True
4272,Matech: Kromatica 1lb Pouch Bubble : Matech: Kromatica 1lb Pouch Mint Regular Set 305-206,Matech,51,599.6,40.0,464.87,134.73000000000002,False,False,True,True
4274,FairFax:  Stabilok Pins Jumbo 100 Pins 5 Drills : FairFax:  Stabilok Pins Jumbo 100 Pins 5 Drills Blue JB,Fairfax Dental,53,2119.92,9.0,1116.44,1003.48,True,True,False,True
4276,FairFax:  Stabilok Pins Jumbo 100 Pins 5 Drills : FairFax:  Stabilok Pins Jumbo 100 Pins 5 Drills Yellow JY,Fairfax Dental,53,7062.700000000001,27.0,5612.01,1450.69,True,True,False,True
4284,Whaledent: Para-Post Fiber Lux - Pack of 5 P171 0.036 PF1713,Coltene,53,5637.1,67.0,3688.99,1948.11,True,True,True,True
4285,Whaledent:Para-Post Fiber Lux - Pack of 5 P171 0.040 PF1714,Coltene,53,3809.45,46.0,2528.43,1281.02,True,True,True,True
4289,Whaledent:Para-Post Fiber White- Pck of 5 P161 0.045 PF16145,Coltene,53,892.67,8.0,378.72,513.9499999999999,False,True,False,True
4291,Mark 3: Bite Registration Fast Set - 0219,MARK3,52,11817.83,260.0,4858.43,6959.4,True,True,True,True
4293,Dentsply: Palodent Plus Light Blue Large Wedge 100/Pk - 659800,Dentsply Sirona,31,1547.83,36.0,1469.31,78.52000000000002,True,False,True,True
4294,Dentsply: Palodent Plus Med Blue Med Wedge 100/Pk - 659790,Dentsply Sirona,31,4898.32,90.0,3712.8,1185.52,True,True,True,True
4295,Dentsply: Palodent Plus Dark Blue Small Wedge 100/Pk - 659780,Dentsply Sirona,31,6419.3,109.0,5236.17,1183.1299999999999,True,True,True,True
4296,Dentsply: Palodent Plus Matrices 5.5mm 50/Pk - 659730,Dentsply Sirona,31,9426.64,135.0,7052.71,2373.9299999999994,True,True,True,True
4297,Dentsply: Palodent Plus Matrices 4.5mm 50/Pk - 659720,Dentsply Sirona,31,5057.79,74.0,3345.01,1712.7799999999997,True,True,True,True
4298,Dentsply: Palodent Plus Matrices 6.5mm 50/Pk - 659750,Dentsply Sirona,31,3294.5899999999997,53.0,2645.62,648.9699999999998,True,True,True,True
4299,Dentsply: Palodent Plus Med Blue Universal Ring 2/Pk - 659760,Dentsply Sirona,31,3494.8900000000003,14.0,2369.93,1124.96,True,True,False,True
4300,Dentsply: Nupro Prophy Gems 200/Box : Dentsply: Nupro Prophy Gems 200/Box Coarse Mint 801212,Dentsply Sirona,83,1563.8600000000001,15.0,1053.25,510.61000000000007,True,True,False,True
4302,Dentsply: Nupro Prophy Paste 340g Jar : Dentsply: Nupro Prophy Paste 340gm Jar Coarse Mint 801112,Dentsply Sirona,83,991.86,16.0,497.54999999999995,494.31000000000006,False,True,False,True
4306,J&J: Listerine Total Care Zero 1.5L 6/Case - 96098,Johnson & Johnson,82,2338.17,33.0,1644.3600000000001,693.8099999999998,True,True,False,True
4307,J&J: Listerine Cool Mint Zero 1L 6/Case- 95395,Johnson & Johnson,82,1163.81,19.0,643.36,520.4499999999999,True,True,False,True
4308,J&J: Spongostan 24/Bx -  MS0005,Johnson & Johnson,73,26339.26,501.0,13341.56,12997.7,True,True,True,True
4312,Medicom: Denti-Care Prophy Cups 200x2g : Medicom: Denti-Care Prophy Cups 200x2g : Medicom: DentiCare Pro-Polish Prophy Paste Cups With Fluroide Coarse Mint - 2g x 200/Pack  - 10047-CMUN,Medicom,83,2653.58,44.0,1990.9199999999998,662.66,True,True,True,True
4315,Medicom: Denti-Care Prophy Cups 200x2g : Medicom: Denti-Care Prophy Cups 200x2g : Medicom: DentiCare Pro-Polish Prophy Paste Cups With Fluroide Medium Mint - 2g x 200/Pack  - 10047-MMUN,Medicom,83,1612.33,27.0,1233.82,378.51,True,False,False,True
4316,Medicom: Denti-Care Prophy Paste 340g Jar : Medicom: Denti-Care Prophy Paste 340g Jar : Medicom: DentiCare Pro-Polish Prophy Paste Jar With Fluroide Coarse Mint Each - 340g  - 10031-CMUN,Medicom,83,1387.5,50.0,959.3000000000001,428.19999999999993,True,False,True,True
4321,Medicom: Denti-Care Fluoride Oral Rinse 2lt. : Medicom: Denti-Care Fluoride Oral Rinse 2lt. : Medicom: DentiCare Pro-Rinse 2% Neutral Sodium Fluoride Rinse With Pump Each - Mint - 1.9L/Bottle  - 10044-M,Medicom,79,7707.969999999999,142.0,7167.07,540.8999999999997,True,True,True,True
4327,Medicom: Duraflor 5% Sodium Fluoride Varnish Unit Dose Bubble Gum 0.5mL x 32/Pack  - 1033-BG32,Medicom,79,794.42,8.0,294.97,499.44999999999993,False,True,False,True
4332,Dentsply: Dentsply 3.5ml Prime & Bond NT 60667273,Dentsply Sirona,37,1069.88,12.0,641.2099999999999,428.6700000000001,True,False,False,True
4334,Kerr: Optibond Solo Plus 5ml Btl - 31513,Kerr,37,32533.140000000003,286.0,22379.79,10153.35,True,True,True,True
4338,Kuraray: CLEARFIL SE Bond - Bond (5ml) - Each  - 1981KA,Kuraray,37,1993.93,7.0,1150.99,842.94,True,True,False,True
4339,Kuraray: CLEARFIL SE Bond Value Kit - 5ml (Bond ) x3 & 6ml (Primer) x3  - Each  - 1972KA,Kuraray,37,3071.9700000000003,3.0,2018.96,1053.0100000000002,True,True,False,True
4341,Kuraray: CLEARFIL SE Protect - Bond(5ml)  - Each   - 2881KA,Kuraray,37,6824.52,30.0,5219.72,1604.8,True,True,False,True
4342,Pulpdent: Activa BioACTIVE Restorative Refill A2 Ea - VR1A2,Pulpdent,34,6324.67,33.0,3106.92,3217.7500000000005,True,True,False,True
4344,Pulpdent: Jumbo Etch Refill 2x25ml- ET-50R,Pulpdent,40,22944.1,408.0,17978.07,4966.03,True,True,True,True
4356,Danville: Star Flow - 5gm Syringe : Danville: Start Flow - 5gm Syringe A2 85052,Danville Materials,34,1049.93,7.0,286.7,763.23,True,True,False,True
4357,Dentsply: Enhance Finishing Cups 30/Pk 624055,Dentsply Sirona,42,32913.78,352.0,23753.07,9160.71,True,True,True,True
4358,Dentsply: Enhance Finishing Discs 30/Pk 624045,Dentsply Sirona,42,3209.87,33.0,1912.25,1297.62,True,True,False,True
4359,Dentsply: Enhance Finishing Points 30/Pk 624065,Dentsply Sirona,42,17236.2,181.0,12069.1,5167.099999999999,True,True,True,True
4361,Ivoclar: Heliobond  6g. Bottle Ea - 532907AN,Ivoclar Vivadent,37,2015.8400000000001,16.0,1595.44,420.4,True,False,False,True
4367,Kerr: Herculite XRV Unidose 20 x 0.25gm : Kerr: Herculite XRV Unidose 20 x 0.25gm A2E Enamel 29836,Kerr,34,26304.54,317.0,18729.41,7575.130000000001,True,True,True,True
4368,Pulpdent: Porcelain Etch Kit -4x1.2ml Syringe & Acc-PEG,Pulpdent,40,2088.15,25.0,1525.03,563.12,True,True,False,True
4372,Carestream:  Ultra-speed DF-58 #2 Paper Pack 150/Bx - 1491737,Carestream Dental,86,1294.86,14.0,947.1500000000001,347.7099999999999,True,False,False,True
4384,Dentsply: Accuject Needles - 100/Box Plastic 30 Short 900905,Dentsply Sirona,28,1370.53,47.0,972.48,398.04999999999995,True,False,True,True
4385,Dentsply: Oraqix Lidocaine-Prilocaine2.5% 20/Bx - 66312020CA,Dentsply Sirona,29,16845.71,102.0,12005.869999999999,4839.840000000001,True,True,True,True
4386,Dentsply: Xylocaine 50/Box Red 2% 1: 100 000 80015,Dentsply Sirona,27,78308.92,1545.0,53452.9,24856.02,True,True,True,True
4393,Septodont: Lidocaine 50 per box Red 2% 1:100 000 99168,Septodont,27,34517.27,489.0,22090.32,12426.949999999999,True,True,True,True
4395,Septodont: Marcaine HCL 0.5% 1:200 000 50/box 99188,Septodont,27,4359.14,28.0,3546.7,812.4400000000002,True,True,False,True
4396,Septodont: Septanest SP 50 per Box 1:100 000 50/box 99145,Septodont,27,13396.86,137.0,9666.83,3730.0299999999997,True,True,True,True
4397,Septodont: Septanest N 50 per Box 1:200 000 50/box 99146,Septodont,27,14101.04,145.0,10060.93,4040.11,True,True,True,True
4400,Tyco: Monoject Needles 100/Box Metal Hub 30 Short 8881401072,Tyco,28,8422.119999999999,394.0,6035.05,2387.0699999999997,True,True,True,True
4401,"Surgical Specialties: Look Sutures 525B C6 3-0 18"" Chromic",Surgical Specialties,111,2677.68,57.0,2013.94,663.7399999999999,True,True,True,True
4403,"Surgical Specialties: Look Sutures 553B C7 3-0 27"" Plain Gut",Surgical Specialties,111,2729.5299999999997,47.0,1409.04,1320.4899999999998,True,True,True,True
4404,"Surgical Specialties: Look Sutures 554B C6 3-0 27"" Plain Gut",Surgical Specialties,111,1479.09,29.0,917.72,561.37,True,True,False,True
4406,"Surgical Specialties: Look Sutures 558B C6 4-0 18"" Chromic",Surgical Specialties,111,1157.76,24.0,732.54,425.22,True,False,False,True
4407,"Surgical Specialties: Look Sutures 559B C6 4-0 27"" Chromic",Surgical Specialties,111,3364.84,66.0,2024.83,1340.01,True,True,True,True
4408,"Surgical Specialties: Look Sutures 560B C6 3-0 27"" Chromic Ea - X560B",Surgical Specialties,111,8122.78,172.0,5233.65,2889.13,True,True,True,True
4411,"Surgical Specialties: Look Sutures C6 3-0 18"" Plain Gut - 592B",Surgical Specialties,111,2077.65,40.0,1218.23,859.42,True,True,True,True
4414,"Surgical Specialties: Look Sutures 785B C31 3-0 18"" Silk Bla",Surgical Specialties,111,1062.99,22.0,705.63,357.36,True,False,False,True
4415,Dentsply: Citanest 50 per box 4% Forte 72215,Dentsply Sirona,27,1937.6799999999998,32.0,1725.72,211.95999999999995,True,False,False,True
4416,Dentsply: Citanest 50 per box 4% Plain 71115,Dentsply Sirona,27,5484.23,83.0,4357.849999999999,1126.3799999999999,True,True,True,True
4417,Dentsply: Polocaine 3% 50 per Box 63315,Dentsply Sirona,27,3319.0899999999997,51.0,2521.06,798.03,True,True,True,True
4425,Tyco: Monoject Needles 100/Box Metal Hub 27 Long 8881401056,Tyco,28,4145.89,199.0,2994.2000000000003,1151.6899999999998,True,True,True,True
4428,Tyco: Monoject Needles 100/Box Plastic 27 Long 8881400058,Tyco,28,2403.49,131.0,1727.96,675.5300000000001,True,True,True,True
4430,Tyco: Monoject Needles 100/Box Plastic 30 Short 8881400074,Tyco,28,2310.88,120.0,1578.67,732.2099999999999,True,True,True,True
4432,"Surgical Specialties: Look Sutures 594B C31 3-0 18"" Plain",Surgical Specialties,111,5921.4800000000005,120.0,3658.64,2262.84,True,True,True,True
4434,Pierrel: Orabloc 1:100.000 EPI 4% Arti 1.8ml 50/B,Pierrel Pharma,27,1584.82,18.0,1126.0,458.81999999999994,True,False,False,True
4435,Pierrel: Orabloc 1:200.000 EPI 4% Arti 1.8ml 50/B,Pierrel Pharma,27,3689.59,41.0,2727.2200000000003,962.3700000000001,True,True,True,True
4436,Dentsply: Astracaine Blue 4% 1: 100 000 1408,Dentsply Sirona,27,39914.79,313.0,33838.24,6076.55,True,True,True,True
4437,Dentsply: Astracaine Green 4% 1: 200 000 1410,Dentsply Sirona,27,27487.510000000002,193.0,15091.5,12396.01,True,True,True,True
4438,Septodont: Carbocaine 3% Plain 50 per box 99172,Septodont,27,7203.36,65.0,4937.21,2266.15,True,True,True,True
4440,Dentsply: Integrity-76 gm car- 20mix tip : Dentsply: Integrity-76 gm car- 20mix tip A2 666220,Dentsply Sirona,61,3438.87,15.0,2024.0900000000001,1414.7800000000002,True,True,False,True
4451,Premier: Hemodent 10cc Bottle 9007071,Premier Dental,60,1267.8,40.0,722.78,545.02,True,True,True,True
4452,Premier: Hemodent 20cc Bottle 9007072,Premier Dental,60,2931.59,54.0,1686.03,1245.56,True,True,True,True
4453,Premier: Hemodent 40cc Bottle 9007073,Premier Dental,60,2291.77,23.0,1458.17,833.5999999999999,True,True,False,True
4455,Voco: Structur 2 SC 75 g Cartridges w/ 10 tips : Voco: Structur 2 SC 75 g Cartridges w/ 10 tips A2 1480,VOCO,61,5723.72,29.0,3766.04,1957.68,True,True,False,True
4456,Kerr: Maxcem Elite Refill- 2 Syr plus 20 tips Clear 33872,Kerr,44,13427.150000000001,100.0,9462.06,3965.0900000000006,True,True,True,True
4458,Kerr: Maxcem Elite Refill- 2 Syr plus 20 tip White Op -33874,Kerr,44,1405.93,11.0,1165.5,240.43,True,False,False,True
4459,Pulpdent: Lime Lite 3ml Syringe - LLE3,Pulpdent,44,2029.46,31.0,1499.5,529.9599999999999,True,True,False,True
4460,Pulpdent: Lime Lite 4 X 1.2ml Kit 8 Bent Tips - LLE,Pulpdent,44,3594.15,34.0,2840.0699999999997,754.0800000000002,True,True,False,True
4461,Voco: Ionoseal Syringe Kit 3 x 2.5gm Syringe 1326,VOCO,44,15272.49,65.0,9630.66,5641.830000000001,True,True,True,True
4478,Danville: Micro Prime G Desensitizer 10ml 90814,Danville Materials,43,2459.76,24.0,1314.77,1144.99,True,True,False,True
4480,Dentsply: Dycal Complete Pack 13g base 11g cata Ivory 623400,Dentsply Sirona,44,1069.87,13.0,533.52,536.3499999999999,True,True,False,True
4482,Ivoclar: Multilink Automix Transparent 615216WW,Ivoclar Vivadent,44,2017.94,7.0,1374.0,643.94,True,True,False,True
4486,Pulpdent: Multi Cal 4 X 1.2ml plus 8 tips MULTI,Pulpdent,43,2881.56,37.0,2230.37,651.1899999999998,True,True,True,True
4487,Septodont: Alveogyl Dry Socket Dressing 10g/jar 01S0020,Septodont,48,2346.8900000000003,19.0,1496.43,850.46,True,True,False,True
4491,Kerr: Sealapex Endo Root Canal Sealer Standard Pack 18432,Kerr,48,1054.9,10.0,482.53999999999996,572.36,True,True,False,True
4492,Premier: RC Prep 18g. Jar 9007131,Premier Dental,48,2770.96,50.0,1898.6799999999998,872.2800000000002,True,True,True,True
4496,Dentsply: Cavitron FitGrip PWR-1000 30k Insert #82004,Dentsply Sirona,102,4100.96,17.0,3160.5299999999997,940.4300000000001,True,True,False,True
4497,Dentsply: Cavitron Inserts 30K-FSI-SLI-1000 81570,Dentsply Sirona,102,29049.78,126.0,23050.97,5998.81,True,True,True,True
4498,Dentsply: Cavitron Slimline Inserts 30K-FSI-SLI-10S 80395,Dentsply Sirona,102,65486.55,358.0,46089.95,19396.600000000002,True,True,True,True
4500,Aurelia: Amazing Nitrile Powder Free Gloves 300/Box : Aurelia: Amazing Nitrile Gloves - Purple - Medium - Powder Free - 300/Box - 92887,Aurelia,62,3221.19,165.0,2122.08,1099.1100000000001,True,True,True,True
4502,Aurelia: Blush Nitrile Gloves - Pink - Medium - Powder Free - 200/Box - 78887,Aurelia,62,3633.6,220.0,2024.04,1609.56,True,True,True,True
4503,Aurelia: Blush Nitrile Gloves - Pink - Small - Powder Free - 200/Box - 78886,Aurelia,62,10189.21,555.0,5786.91,4402.3,True,True,True,True
4506,Aurelia: Distinct Latex Gloves - Creamy White - Medium - Powder Free - 100/Box - 29227,Aurelia,62,1391.8,120.0,870.59,521.21,True,True,True,True
4507,Aurelia: Distinct Latex Gloves - Creamy White - Small - Powder Free - 100/Box - 29226,Aurelia,62,1739.56,140.0,1100.38,639.18,True,True,True,True
4509,Aurelia: Perform Nitrile Powder Free 200/Box : Aurelia: Perform Nitrile Gloves - Aqua - Large - Powder Free - 200/Box - 92398,Aurelia,62,1109.82,62.0,605.24,504.58,True,True,True,True
4510,Aurelia: Perform Nitrile Powder Free 200/Box : Aurelia: Perform Nitrile Gloves - Aqua - Medium - Powder Free - 200/Box - 92397,Aurelia,62,7830.1900000000005,402.0,4983.55,2846.64,True,True,True,True
4511,Aurelia: Perform Nitrile Powder Free 200/Box : Aurelia: Perform Nitrile Gloves - Aqua - Small - Powder Free - 200/Box - 92396,Aurelia,62,2670.25,146.0,1716.28,953.9699999999999,True,True,True,True
4521,Aurelia: Sonic Nitrile Powder Free Glove 300/box : Aurelia: Sonic Nitrile Gloves - Cobalt blue - Large - Powder Free - 300/Box - 93778,Aurelia,62,254.47,54.0,883.32,-628.8500000000001,False,False,True,True
4523,Aurelia: Sonic Nitrile Powder Free Glove 300/box : Aurelia: Sonic Nitrile Gloves - Cobalt blue - Small - Powder Free - 300/Box - 93776,Aurelia,62,896.83,37.0,441.11,455.72,False,False,True,True
4526,Aurelia: Transform Nitrile Powder Free 100/box : Aurelia: Tranform 100 Nitrile Gloves - Ice blue - Medium - Powder Free - 100/Box - 9889A7,Aurelia,62,671.44,70.0,420.0,251.44000000000005,False,False,True,True
4531,Aurelia: Vibrant 100/Box Latex Powder Free Gloves : Aurelia: Vibrant Latex Gloves - Creamy beige - Medium - Powder Free - 100/Box - 98227,Aurelia,62,1825.76,250.0,1413.03,412.72999999999996,True,False,True,True
4532,Aurelia: Vibrant 100/Box Latex Powder Free Gloves : Aurelia: Vibrant Latex Gloves - Creamy beige - Small - Powder Free - 100/Box - 98226,Aurelia,62,2458.52,272.0,1680.2,778.3199999999999,True,True,True,True
4533,Aurelia: Vibrant 100/Box Latex Powder Free Gloves : Aurelia: Vibrant Latex Gloves - Creamy beige - X-Small - Powder Free - 100/Box - 98225,Aurelia,62,711.36,92.0,551.56,159.8,False,False,True,True
4535,Aurelia: Vinyl Gloves 100/Box Powder Free : Aurelia: Delight PF Vinyl Gloves - Clear - Medium - Powder Free - 100/Box - 38227,Aurelia,62,823.5,150.0,545.3,278.20000000000005,False,False,True,True
4536,Aurelia: Vinyl Gloves 100/Box Powder Free : Aurelia: Delight PF Vinyl Gloves - Clear - Small - Powder Free - 100/Box - 38226,Aurelia,62,823.5,150.0,513.4300000000001,310.07000000000005,False,False,True,True
4551,Scican: Statmatic Spray STM500-6NA,SciCan,36,1996.63,37.0,1528.87,467.76000000000005,True,True,True,True
4556,A-Dec: ICX - Waterline Treatment 50/Pkg 0.7 Liter 90.1064.00,A-dec,36,1161.87,14.0,718.0,443.86999999999995,True,False,False,True
4557,A-Dec: ICX - Waterline Treatment 50/Pkg 2 Liter 90.1065.00,A-dec,36,8139.74,75.0,5967.68,2172.06,True,True,True,True
4582,Medicom: SafeBaSicS TrueFit Gloves : Medicom: SafeBaSicS TrueFit Gloves : Medicom: SafeBasics True Fit Thin Nitrile Medical Examination Powder Free Gloves - Blue -Medium - 300/Box  - 1185-C,Medicom,62,3384.83,108.0,2846.27,538.56,True,True,True,True
4583,Medicom: SafeBaSicS TrueFit Gloves : Medicom: SafeBaSicS TrueFit Gloves : Medicom: SafeBasics True Fit Thin Nitrile Medical Examination Powder Free Gloves - Blue - Small - 300/Box  - 1185-B,Medicom,62,3874.52,131.0,3487.66,386.8599999999999,True,False,True,True
4587,Medicom: SafeBaSicS TrueFit Gloves : Medicom: SafeBaSicS TrueFit Gloves : Medicom: SafeBasics True Fit Thin Nitrile Medical Examination Powder Free Gloves - Pink- Small - 300/Box  - 1186-B,Medicom,62,905.42,23.0,378.42999999999995,526.99,False,True,False,True
4592,Metrex: CaviWipes1 Disinfectant Large Wipes 160/Cn - 11-5100,Metrex,36,1626.23,77.0,1169.38,456.84999999999997,True,False,True,True
4593,Metrex: CaviWipes Disinfectant X-Large Wipes 65/Cn - 11-1150,Metrex,36,11696.44,558.0,7206.56,4489.88,True,True,True,True
4594,Metrex: CaviWipes Disinfectant Large Wipes 160/Cn - 11-1100,Metrex,36,55561.5,3404.0,35347.55,20213.95,True,True,True,True
4596,Halyard: KC100 Lavender Nitrile PF Glove 250/box Medium 52818,Halyard,62,2323.17,83.0,1104.46,1218.71,True,True,True,True
4597,Aurelia: Amazing Nitrile Gloves - Purple - Small - Powder Free - 300/Box - 92886,Aurelia,62,2887.31,161.0,2159.21,728.1,True,True,True,True
4609,Defend:  Ultrasonic Tablets 3 in 1-Evac/Ultra/Cold 64/pk - UT-1000,Mydent International,68,1689.81,19.0,1211.07,478.7399999999999,True,True,False,True
4617,Dentsply: Reprosil Cartridges Std. Pack : Dentsply: Reprosil Cartridges Std. Pack Heavy Body 4/Pk - 626220,Dentsply Sirona,57,1605.97,7.0,1335.81,270.15999999999997,True,False,False,True
4626,Keystone: Gelato Prophy Paste Cups 200 x 2g : Keystone: Gelato Prophy Paste Cups 200 x 2g Coarse Mint 24-03077,Keystone Industries,83,1254.0500000000002,32.0,879.73,374.32000000000005,True,False,False,True
4629,Keystone: Gelato Prophy Paste Cups 200 x 2g : Keystone: Gelato Prophy Cups 200 x 2g Med.Mint 24-02277,Keystone Industries,83,1645.3,44.0,1187.68,457.62000000000006,True,False,True,True
4631,Keystone: Gelato Prophy Paste 340gm Jar : Keystone: Gelato Prophy Paste 340gm Jar Coarse Mint 24-04077,Keystone Industries,83,1117.31,69.0,620.08,497.22999999999996,True,True,True,True
4634,Keystone: Gelato Prophy Paste 340gm Jar : Keystone: Gelato Prophy Paste 340gm Jar Medium Mint 24-08177,Keystone Industries,83,616.34,38.0,349.7,266.64,False,False,True,True
4637,Medicom: Duraflor 5% Sodium Fluoride Varnish Tube Bubble Gum 10mL Each  - 10033-CN,Medicom,79,2549.44,56.0,1931.99,617.45,True,True,True,True
4638,Medicom: Duraflor Halo Varnish : Medicom: Duraflor Halo Varnish : Medicom: Duraflor Halo 5% Sodium Fluoride White Varnish Unit Dose Spearmint 0.5mL x 32/Pack  - 1030-SM32,Medicom,79,1512.85,15.0,1066.74,446.10999999999996,True,False,False,True
4645,Shofu: Beautifil Flow Plus F00 Syringe : Shofu: Beautifil Flow Plus F00 Syringe A2 2.2 Ea - 2002,Shofu,34,1585.77,26.0,1107.46,478.30999999999995,True,True,False,True
4652,Voco: Grandio SO 16 X .25gm Compule : Voco: Grandio SO 16 X .25gm Compule A2 - 2651,VOCO,34,7095.530000000001,54.0,3662.0,3433.5299999999997,True,True,True,True
4656,Voco: Grandio SO Heavy Flow Syringe : Voco: Grandio SO Heavy Flow Syringe A2 - 2685,VOCO,34,6511.51,49.0,2171.36,4340.150000000001,True,True,True,True
4674,Kerr: Revolution Formula 2 Flow - 4gm Syringes : Kerr: Revolution Formula 2 Flow - 4gm Syringes A2 29494,Kerr,34,4492.66,35.0,2418.22,2074.44,True,True,False,True
4675,Kerr: Revolution Formula 2 Flow - 4gm Syringes : Kerr: Revolution Formula 2 Flow - 4gm Syringes A3 29495,Kerr,34,1185.91,9.0,694.41,491.5,True,True,False,True
4682,Pulpdent: Etch-Rite EtchGel-38% 24x1.2ml ET-24,Pulpdent,40,4498.82,39.0,3471.55,1027.27,True,True,True,True
4697,ProEdge: Blutab Waterline Tablets 750ml 50/Pk - BT50,ProEdge Dental,115,1089.85,15.0,798.81,291.03999999999996,True,False,False,True
6167,Flight: Bold E-Surgical Handpiece 45degree 4hole - F-160,Flight Dental Systems,99,1434.19,3.0,1197.6,236.59000000000015,True,False,False,True
6185,DentMate: LED Curing Light : Dentmat: LED Curing Light - Black - LEDBLK,DenMat,102,1509.97,5.0,1039.7,470.27,True,True,False,True
6186,DentMate: LED Curing Light : DentMat: LED Curing Light - White - LEDWHI,DenMat,102,1049.97,3.0,613.86,436.11,True,False,False,True
6191,Temporary Suspension of Sales in Canada MouthWatch: Intraoral Camera - MWCAM,MouthWatch,102,9839.96,20.0,7424.01,2415.95,True,True,False,True
6210,Sable: Kavo Coupler w/H20 2000119 - 2000119,Sable Industries,99,2734.9,10.0,1693.52,1041.38,True,True,False,True
6214,Sable: Straight Nosecone 1610310 - 1610310,Sable Industries,99,1399.98,4.0,427.57,972.41,True,True,False,True
7777,Pulpdent: Activa BioACTIVE Restorative Refill A1 Ea - VR1A1,Pulpdent,34,3263.83,17.0,1364.51,1899.3200000000002,True,True,False,True
7779,Ivoclar: Adhese Viva Pen Kit Ea - 754798,Ivoclar Vivadent,37,731.96,4.0,160.0,571.96,False,True,False,True
7780,Ivoclar: Adhese Viva Pen Refill ea - 665156WW,Ivoclar Vivadent,37,1642.91,10.0,957.3199999999999,685.59,True,True,False,True
7784,Voco: Admira Fusion Syringe refill ea : Voco: Admira Fusion Syringe refill ea A2 - 2755,VOCO,34,1111.92,8.0,699.27,412.6500000000001,True,False,False,True
7785,Voco: Admira Fusion Syringe refill ea : Voco: Admira Fusion Syringe refill ea A3 - 2756,VOCO,34,1528.8899999999999,21.0,1370.0,158.89,True,False,False,True
7787,Voco: Admira Fusion Syringe refill ea : Voco: Admira Fusion Syringe refill ea A4 - 2759,VOCO,34,1667.88,12.0,1260.0,407.8800000000001,True,False,False,True
7818,Dentsply: Aquasil Ultra Rigid Fast Cartridges 4/Pk - 678778,Dentsply Sirona,57,1004.95,5.0,160.0,844.95,False,True,False,True
7831,Shofu: Beautifil Flow Plus F00 Syringe : Shofu: Beautifil Flow Plus F00 Syringe A1 2.2 - 2001,Shofu,34,1099.84,21.0,894.5500000000001,205.28999999999994,True,False,False,True
7832,Shofu: Beautifil Flow Plus F00 Syringe : Shofu: Beautifil Flow Plus F00 Syringe A3 - 2003,Shofu,34,1235.82,20.0,852.14,383.67999999999995,True,False,False,True
7839,Micrylium: BioSON  5L Bag in Box - 02-SON2-005,Micrylium,115,3899.84,16.0,2803.54,1096.3000000000002,True,True,False,True
7866,Metrex: Cavicide1 Disinfectant 2.5 Gallon Bottle Ea - 11-5025,Metrex,36,1637.86,14.0,1220.59,417.2699999999999,True,False,False,True
7871,Dentsply: Cavitron Insert 30K 1000 FitGrip Slim ea - 82008,Dentsply Sirona,102,1239.99,6.0,1086.16,153.83,True,False,False,True
7874,Dentsply: Cavitron Inserts 25K-FSI-SLI-10S - 80392,Dentsply Sirona,102,3299.94,12.0,2816.48,483.4599999999999,True,True,False,True
7905,Kuraray: Clearfil Majesty ES-2 PLT Classic 20/Bx : Kuraray: CLEARFIL MAJESTY ES 2 Classic PLT A2 - 0.25 g x 20 -Each   - 3111KA,Kuraray,34,1745.91,9.0,1051.83,694.08,True,True,False,True
7908,Kuraray: CLEARFIL Photo Bond Catalyst (6 ml) - Each   - 073KA,Kuraray,37,3041.52,14.0,1895.43,1146.0900000000001,True,True,False,True
7911,Accutron: ClearView Nasal Hoods Pedo Bubblegum - 33037-12,Accutron,142,1675.92,14.0,1228.47,447.45000000000005,True,False,False,True
7929,Garrison: Composi-Tight 5.6mm Molar 100/pk - FX175,Garrison Dental Solutions,33,1310.93,7.0,965.17,345.76000000000005,True,False,False,True
7980,Dentsply: Nupro Prophy Gems 200/Box : Dentsply: Nupro Prophy Gems 200/Box Medium Mint - 801222,Dentsply Sirona,83,1589.85,16.0,844.1700000000001,745.6800000000001,True,True,False,True
8014,Pulpdent: Embrace Varnish 5% Sodium Flu200 x 0.4ml - Fv200,Pulpdent,154,1118.97,3.0,713.93,405.0400000000001,True,False,False,True
8047,J&J: Ethicon Sutures 3-0 Plain Gut 612G 12/Bx- 612G,Johnson & Johnson,111,1573.92,11.0,841.27,732.6500000000001,True,True,False,True
8049,J&J: Ethicon Sutures Chromic 4 635H - 635H,Johnson & Johnson,111,961.98,2.0,0.0,961.98,False,True,False,True
8106,EDS: Flexi-Post Ref 10Post Rem&Drill-0 Yell-Tita - 135-0,Essential Dental Systems,53,1339.95,5.0,1077.65,262.3,True,False,False,True
8122,GC: Fuji II LC Caps A3 Refill 50/pk - 442003,GC America,138,1329.95,5.0,618.95,711.0,True,True,False,True
8140,Clinical: G5 All Purpose Desensitizer 10ml - 226110,Clinical Research Dental,132,3692.84,22.0,1381.41,2311.4300000000003,True,True,False,True
8151,Keystone: Gelato Prophy Paste Cups 200 cups x 2g : Keystone: Gelato Prophy Paste Cups Medium Assorted - 24-02677,Keystone Industries,83,1213.43,33.0,913.86,299.57000000000005,True,False,False,True
8171,Voco: Grandio SO Heavy Flow Syringe : Voco: Grandio SO Heavy Flow Syringe A1 - 2684,VOCO,34,1214.91,11.0,1059.55,155.36000000000007,True,False,False,True
8236,J.Morita: Plastic Needles 100/Box 30 : J.Morita: Plastic Needles 100/Box 30 Short - 20-30GS,J. Morita,28,1701.2,129.0,1253.3100000000002,447.89,True,False,True,True
8270,Kuraray: CLEARFIL SE Protect Value kit 5ml (Bond ) x3 - 6ml (Primer) x3  - Each   - 2872KA,Kuraray,37,1998.98,2.0,1262.55,736.4300000000001,True,True,False,True
8274,Micrylium: Lines 5L Bag in Box - 03-BLUE-005,Micrylium,65,2836.3,29.0,2029.14,807.16,True,True,False,True
8320,Ivoclar: Multilink Automix Ref W-Opa - 615218WW,Ivoclar Vivadent,44,2391.92,8.0,1789.0,602.9200000000001,True,True,False,True
8326,Keystone: Niteguard Laminate 12/Pk - 9602550,Keystone Industries,122,1846.93,18.0,1415.49,431.43999999999994,True,False,False,True
8356,Ultradent: Opalescence 40% Boost In Office Patient Kit Each #4751-CN,Ultradent,127,1459.95,5.0,680.5899999999999,779.3600000000001,True,True,False,True
8372,Dentsply: Oraqix Dispenser - 66400,Dentsply Sirona,108,1185.83,17.0,797.12,388.7099999999999,True,False,False,True
8399,SDI: Permite 50 Capsules 2 Spill Regular Set - 4002303,SDI,89,1319.95,5.0,455.0,864.95,True,True,False,True
8466,Voco: ProFluorid Varnish-200 Unidose : Voco: ProFluorid Varnish-200 Unidose Mint - 2231,VOCO,79,2565.95,6.0,2604.81,-38.85999999999996,True,False,False,True
8515,Flow X-Ray: Safe 'n' Sure OPT Barrier Envelopes #2 each - 80161,Flow Dental,87,1238.9,10.0,907.79,331.11000000000007,True,False,False,True
8518,Air Techniques: ScanX Barrier Env 300/box Size #2 - 73248-2,Air Techniques,100,1914.8700000000001,13.0,956.48,958.3900000000001,True,True,False,True
8520,SDI: Riva Light Cure HV Caps A2 50/bx - 8730002,SDI,138,859.98,2.0,350.0,509.98,False,True,False,True
8548,Dentsply: Surefil SDR Flow Syr. Universal 2/pk - 61C130,Dentsply Sirona,34,1142.66,19.0,507.34,635.3199999999999,True,True,False,True
8589,Bisco: Theracal LC Syringe - H3301P,Bisco,131,2884.58,43.0,1765.7,1118.8799999999999,True,True,True,True
8601,Premier: Traxodent Starter 7/Pk  - 9007093,Premier Dental,104,3689.76,25.0,2384.2,1305.5600000000002,True,True,False,True
8622,Ultradent: Ultra-Etch 35% Indispence 30ml ea - 773685,Ultradent,40,1693.92,9.0,691.47,1002.45,True,True,False,True
8654,Ultradent: Viscostat Clear 30ml Syringe - 716408,Ultradent,60,1385.86,14.0,963.42,422.43999999999994,True,False,False,True
8728,Kuraray: CLEARFIL Photo Bond Universal (6ml) - Each   - 074KA,Kuraray,37,1924.89,9.0,737.45,1187.44,True,True,False,True
8835,Dentsply: Palodent Plus EZ Coat Intro Kit Ea - 659670,Dentsply Sirona,32,1399.98,2.0,1190.0,209.98000000000002,True,False,False,True
8918,Dentsply: XCP BAI Posterior Arm Yellow-540858 - 540858,Dentsply Sirona,86,1034.84,16.0,703.8,331.03999999999996,True,False,False,True
11460,PDT: Cruise Line Scaler DE Yellow 204S EaÂ  - R135,PDT,143,1143.84,17.0,776.51,367.3299999999999,True,False,False,True
11503,Dentsply: AimRight Adhesive : Dentsply: AimRight Adhesive WHITE B1073054 - B1073054,Dentsply Sirona,86,1213.64,36.0,774.93,438.71000000000004,True,False,False,True
11624,Microcopy: Neo Diamond Burs 25/pkg 0112M - ND0112.M,Microcopy,93,1130.61,15.0,808.98,321.62999999999994,True,False,False,True
11630,Microcopy: Neo Diamond Burs 25/pkg 0710C - ND0710C,Microcopy,93,2208.9,30.0,1611.1100000000001,597.7899999999998,True,True,False,True
11660,Microcopy: Neo Diamond Burs 25/pkg 1900F - ND1900F,Microcopy,93,1586.19,21.0,1141.62,444.56999999999994,True,False,False,True
11672,Microcopy: Neo Diamond Burs 3314.10VF- 25/pkg - ND3314.10VF,Microcopy,93,1749.45,17.0,1188.05,561.4,True,True,False,True
11703,Premier: Two Striper FG 245 Diamond 5/Pk - 2013251,Premier Dental,93,1134.89,13.0,948.5,186.39,True,False,False,True
11728,Dentsply: Cavitron Powerline 30K-FSI-PWR-1000 Insert - 80799,Dentsply Sirona,102,33600.61,190.0,23884.07,9716.54,True,True,True,True
11762,Crosstex: Comfort Plus Saliva Ejector 100/pk White - ZWWCP,Crosstex,118,1188.63,137.0,816.65,371.98,True,False,True,True
11782,Crosstex: CSR Wrap 15x15 500/cs - SW15,Crosstex,67,1947.8500000000001,15.0,1148.43,799.4200000000001,True,True,False,True
11826,Zirc: Crystal HD Mouth Mirrors Size 5 12/Pk - 50R381,Zirc,117,972.9300000000001,7.0,505.65,467.2800000000001,False,True,False,True
11921,Centrix: Encore D/C MiniMix Natural 36/Pk - 310254,Centrix,59,819.99,1.0,0.0,819.99,False,True,False,True
12014,Germiphene: E20-S Waterline Cleaner 236ml Ea - E20-S,Germiphene,88,3754.2599999999998,38.0,2783.88,970.3799999999998,True,True,True,True
12094,DiaDent: H-Files 6/pk 25mm 15 - SS 503-203,DiaDent,46,399.57000000000005,43.0,232.2,167.37000000000003,False,False,True,True
12320,Kerr: KWIK TRAYS -disposable crown and bridge 24/pk - 9244,Kerr,55,1118.4199999999998,11.0,894.6800000000001,223.73999999999995,True,False,False,True
12443,Dentsply: Palodent Plus Matrices 5.5mm 100/pk - 659740,Dentsply Sirona,32,6728.79,55.0,4639.1,2089.69,True,True,True,True
12448,Dentsply: Palodent Plus Dark Blue Narrow Ring 2/Pk - 659770,Dentsply Sirona,32,1166.96,4.0,821.12,345.84000000000003,True,False,False,True
12485,Whaledent: ParaPost Fiber Lux Intro Kit - PF170,Coltene,53,1969.95,5.0,1146.31,823.6400000000001,True,True,False,True
12504,Whaledent: ParaPost XP - Pack of 10 Steel 0.030 - P7443,Coltene,53,1259.91,9.0,1005.87,254.04000000000008,True,False,False,True
12585,Dentamerica: Prophy Angles Bulk- 500/pk - 408B,DentAmerica,83,999.96,4.0,327.08,672.8800000000001,False,True,False,True
12656,Crosstex: Saliva Ejectors 100/PK Clear w/ Blue - ZCB,Crosstex,118,898.98,102.0,579.36,319.6200000000001,False,False,True,True
12810,ADA: Tri-Bite Posterior Metal Tray 10/pk  - 310-40055,ADA,55,1692.76,24.0,1000.71,692.05,True,True,False,True
12881,Dentsply: XCP-DS Fit Anterior Bite Blocks 559901 - 559901,Dentsply Sirona,102,2835.52,48.0,2162.33,673.19,True,True,True,True
12884,Dentsply: XCP-DS Fit Horizontal Bite Blocks Red 2/pk - 559903,Dentsply Sirona,102,2769.54,46.0,1755.21,1014.3299999999999,True,True,True,True
12885,Dentsply: XCP-DS Fit Posterior Bite Blocks 559902 - 559902,Dentsply Sirona,102,3275.46,54.0,2016.6200000000001,1258.84,True,True,True,True
12886,Dentsply: XCP-DS Fit Sensor Holder Kit 559900 - 559900,Dentsply Sirona,102,1490.71,4.0,1080.0,410.71000000000004,True,False,False,True
13052,Dentsply: Cavitron Inserts 30K-FSI-SLI-10L ea - 80396,Dentsply Sirona,102,1225.99,5.0,1185.76,40.230000000000004,True,False,False,True
13568,Air Techniques: ScanX Intraoral Phospher Plate Size 2 4/Pk 73445-2,Air Techniques,100,3413.9300000000003,8.0,2160.0,1253.93,True,True,False,True
13858,Ace Surgical: W&H Irrigation Tubing 2.2M 6/Pk - 04363600,Ace Surgical Supply,108,2038.88,14.0,803.4300000000001,1235.45,True,True,False,True
13969,Beavers: Burs Friction Grip Carbide 57 - FG57,Beavers Dental,90,719.9,500.0,490.03,229.87,False,False,True,True
13972,Beavers: Burs Friction Grip Carbide 8 Surgical - FG8S,Beavers Dental,90,107.96,40.0,53.67,54.28999999999999,False,False,True,True
14158,Whaledent: Endo Ice 6oz Mint Scent Can ea-H05032,Coltene,48,13684.029999999999,450.0,9255.44,4428.589999999999,True,True,True,True
14166,Crosstex: Articulating Paper Horseshoe Red/Blue 12 sheets/book 6book/bx - TPH,Crosstex,35,729.56,46.0,601.0799999999999,128.48,False,False,True,True
14175,Dentsply: TPH Spectra Caps 20/box : Dentsply: TPH Spectra Caps 20/box A1 - TPHCAPSA1,Dentsply Sirona,34,1509.84,16.0,800.9399999999999,708.9,True,True,False,True
14176,Dentsply: Spectrum TPH3 Hybrid Composite Compules A2 20pk   - TPHCAPSA2,Dentsply Sirona,34,3439.64,36.0,2400.99,1038.6500000000003,True,True,False,True
14198,Dentsply: Surefil SDR Flow CompulaTip 15/pk : Dentsply: Surefil SDR Flow CompulaTip 15/pk A2 - 61C107,Dentsply Sirona,34,4999.63,46.0,3319.32,1680.3099999999997,True,True,True,True
14199,Voco: Structur 2 SC 75 g Cartridges w/ 10 tips : Voco: Structur 2 SC 75 g Cartridges w/ 10 tips A3 - 1481,VOCO,59,1784.91,9.0,981.24,803.6700000000001,True,True,False,True
14209,GC: G-Premio Bond 5ml Btl Ea - 012696,GC America,37,1474.93,7.0,1035.63,439.3000000000001,True,False,False,True
14215,Dentsply: Surefil SDR Flow CompulaTip 15/pk : Dentsply: Surefil SDR Flow Rll Univ 15/pk #61C101 - 61C101,Dentsply Sirona,34,1663.86,16.0,1093.22,570.64,True,True,False,True
14221,Kerr: Optibond S 6ml Btl. - 34614,Kerr,37,1568.96,25.0,1172.57,396.39000000000004,True,False,False,True
14222,HK: G-Desensitizer  5ml Btl,HK,132,17710.0,202.0,9483.99,8226.01,True,True,True,True
14230,GC: Fuji II LC Caps A2 Refill 48/Pk - 442002,GC America,138,5027.77,19.0,3908.44,1119.3300000000002,True,True,False,True
14483,"Flight Dental: Thermal Paper 2.25""x1 1/8  2/pk - 90012043",Flight Dental Systems,108,203.44,56.0,120.96000000000001,82.48,False,False,True,True
14498,Beavers: Burs Friction Grip Carbide 1557 - BURS-FGCAR1557,Kerr,90,499.75,250.0,260.40999999999997,239.34,False,False,True,True
14517,ADA: Mynol Thin Blue  - 140-11003,ADA,154,1071.74,26.0,692.74,379.0,True,False,False,True
14526,Scican: Optim 33 TB 160 wipes can each SCI33W12-ALOE,SciCan,67,13704.53,702.0,7555.34,6149.19,True,True,True,True
14527,Metrex: Cavicide Disinfectant 2.5 Gallon Bottle (13-1025) Ea - 11-1025,Metrex,36,2703.7,30.0,2099.47,604.2299999999999,True,True,False,True
14670,Brasseler: BC Endo Sequence Sealer ea - 5017560U0,Brasseler,104,1175.96,5.0,854.9,321.06000000000006,True,False,False,True
14673,GC: FujiCEM 2 Automix 2x13.3g With Mixing Tips Ea - 451000,GC America,44,1206.97,3.0,964.5799999999999,242.39000000000004,True,False,False,True
14799,Garrison: Compositight 3D Short Blue Ring 2/Pk - FX400,Garrison Dental Solutions,141,2787.92,9.0,1927.5,860.4200000000001,True,True,False,True
14803,Dentsply: Maxiprobe Endoperio 30GA Probe-100/bx - MAXP301,Dentsply Sirona,104,1245.97,5.0,845.38,400.59000000000003,True,False,False,True
14837,Silmet: Spherodon M- 50 Capsules Fast Set 2 Spill - 120472,Silmet,89,1639.9,10.0,1364.1,275.80000000000007,True,False,False,True
14842,Dentsply: Palodent 100 STD Matrices 100/pk - 659010,Dentsply Sirona,141,2454.7799999999997,23.0,1529.84,924.9399999999998,True,True,False,True
14855,Dentsply: I.R.M CAPS 50 Capsules - .34gm/cap - 610200,Dentsply Sirona,131,1275.94,6.0,981.55,294.39000000000004,True,False,False,True
14856,Dentsply: I.R.M Kit 1-1 Pkg - 38gm Pwd - 14ml Liq - 610007,Dentsply Sirona,94,4060.65,39.0,1645.76,2414.89,True,True,True,True
14858,GC: Fuji II LC 1-1 Pkg -15g pwd 6.8mL liq A2 - 003117,GC America,44,1529.93,7.0,1222.46,307.47,True,False,False,True
14859,GC: FujiCEM 2 Automix Paste  2x7.2ml Ea - 441000/004714,GC America,44,2754.8900000000003,11.0,2163.05,591.8400000000001,True,True,False,True
14860,GC: Fuji IX GP Fast set 48 Caps A2 Ea - 442061,GC America,138,1859.93,7.0,1345.1100000000001,514.82,True,True,False,True
14862,GC: Fuji Type I Luting Yellow 35gmPwd -25gm liq Kit Ea - 901007,GC America,44,1054.91,5.0,747.6800000000001,307.22999999999996,True,False,False,True
14868,Kerr: TempBond Automix Syringe 2x11.8gm each - 33215,Kerr,44,1338.88,12.0,691.03,647.85,True,True,False,True
14869,Kerr: TempBond Clear Automix Syringe 6gm eac - 33351,Kerr,44,4502.58,42.0,2109.53,2393.0499999999997,True,True,True,True
14870,Kerr: TempBond NE Tubes 50gm Base-15gm Accelerator - 21370,Kerr,44,1226.85,17.0,623.48,603.3699999999999,True,True,False,True
14871,Kerr: TempBond Tubes Pkg - 50g Base 15g Accel - 00370,Kerr,44,1638.81,21.0,860.74,778.0699999999999,True,True,False,True
14903,Denmat: Splash Cart : Denmat: Splash Cartridge Half-Time Heavy Body - SPD1233,DenMat,57,1439.76,24.0,872.0,567.76,True,True,False,True
14913,Mark 3: Bite Registration Super Fast Set - 0220,MARK3,57,1545.68,32.0,631.54,914.14,True,True,False,True
14914,Kerr: Take 1 Advance 2 Cartridges Tray Fast Set Heavy Body - 33965,Kerr,57,2627.73,28.0,2266.98,360.7499999999999,True,False,False,True
14917,Parkell: Blu Mousse Bite Registration Super Fast Set - S457S,Parkell,57,3142.52,36.0,2253.41,889.1100000000001,True,True,True,True
14977,Ivoclar: Tetric EvoCeram 3 gm Syringe : Ivoclar: Tetric EvoCeram 3g Syr A3 - 590314WW,Ivoclar Vivadent,34,1129.8899999999999,12.0,590.75,539.14,True,True,False,True
14978,Bisco: Theracal LC Kit #H33014P - 33014P,Bisco,34,4929.8,26.0,3503.11,1426.69,True,True,False,True
15010,Silmet: ProFil Flow Syringe 1gm. 4/pk : Silmet: ProFil Flow Syringe 1gm. 4/pk A1 - 160003,Silmet,34,1134.81,19.0,904.11,230.69999999999996,True,False,False,True
15011,Silmet: ProFil Flow Syringe 1gm. 4/pk : Silmet: ProFil Flow Syringe 1gm. 4/pk A2 - 160004,Silmet,34,5385.01,91.0,4346.28,1038.7299999999998,True,True,True,True
15012,Silmet: ProFil Flow Syringe 1gm. 4/pk : Silmet: ProFil Flow Syringe 1gm. 4/pk A3 - 160005,Silmet,34,3234.37,55.0,2566.67,667.6999999999999,True,True,True,True
15020,Kavo: Kavo Spray- 500ml Bottle - 0.411.9660,KaVo,142,5834.09,100.0,4104.47,1729.6200000000001,True,True,True,True
15021,Kavo: Kavo Quattro Care Plus 500ml- 1.005.3845 - 1.005.4524,KaVo,142,5373.87,93.0,2915.55,2458.32,True,True,True,True
15227,Accutron: ClearView Nasal Hoods Adult Fresh Mint - 33035-16,Accutron,112,2524.84,19.0,1696.81,828.03,True,True,False,True
15232,Medicom: SafeMask TailorMade Level 3 Procedure Earloop Face Mask - Blue - 50/Box  - 2072,Medicom,63,939.6,40.0,626.71,312.89,False,False,True,True
15275,PDT: Curette Queen of Hearts DE Ea  - R144,PDT,143,1342.83,19.0,1004.72,338.1099999999999,True,False,False,True
15312,Young : Elite Flex Cups- 144/pk - 059901,Allpro,83,4199.79,21.0,2912.45,1287.3400000000001,True,True,False,True
15379,Beavers: Burs Friction Grip Carbide 1558 - BURS-FGCAR1558,Beavers Dental,90,90.0,60.0,39.849999999999994,50.15,False,False,True,True
15469,SciCan: HIP Hydrim Ultra Washer Detergent 8x750ml ea - CS-HIPC-U,SciCan,67,3298.3,20.0,2729.36,568.94,True,True,False,True
15484,Germiphene: IC-Gel HandSan 480m GingerCitrus Sc - IC-GEL-G-C,Germiphene,67,692.5999999999999,40.0,459.41,233.18999999999997,False,False,True,True
15489,SciCan: Hydrim Cleaning Solution 2 x 3.8 L  - CS-HIPL,SciCan,68,11464.45,65.0,8087.49,3376.9600000000005,True,True,True,True
15552,Germiphene: Microvac 4L. - G-MICROVAC-XXL,Germiphene,33,1074.24,16.0,773.01,301.23,True,False,False,True
15554,Germiphene: Oro-clense Chlorhexidine 4l Ea  - OC-O,Germiphene,82,1548.49,11.0,671.33,877.1600000000001,True,True,False,True
15557,Scican: Optim 33 TB SciCan 160 wipes/can - SCI33W12-Unscented,SciCan,36,14056.539999999999,707.0,7700.03,6356.509999999999,True,True,True,True
15564,Medicom: SafeMask Premier Elite Level 3 Procedure Earloop Face Mask - Pink - 50/Box  - 2046,Medicom,63,1395.37,94.0,1193.29,202.07999999999998,True,False,True,True
15577,Premier: Triple Tray Posterior Bite Registration - 1006203,Premier Dental,55,2766.69,31.0,1767.97,998.7199999999999,True,True,False,True
15583,Plasdent: Retainer Boxes - 12/box : Plasdent: Retainer Boxes - 12/box Assorted - TC2002-TCA,Plasdent,108,370.18,36.0,205.77,164.41,False,False,True,True
15617,Bunzl: White Swan 01890 Paper Towel 90 x 24 rolls/cs - 01890,GC America,81,4625.4,60.0,2029.47,2595.93,True,True,True,True
15619,Bunzl: White Swan 01900 Value Singlefold 250 x 16/cs - 01900,Bunzl,81,1293.71,21.0,825.58,468.12999999999994,True,True,False,True
15630,Bunzl: White Swan 05144 2 ply Bathroom Tissue 48 rolls/cs - 05144,Bunzl,81,1645.69,31.0,1020.5500000000001,625.14,True,True,False,True
15631,Bunzl: White Swan 8301 FacialTissue 100x30 bxs/cs - 8301,Bunzl,81,2152.61,39.0,1398.15,754.46,True,True,True,True
15670,"Ultradent: Ultrapack Retraction Cord #00, Purple/Yellow (Orange) #710136",Ultradent,60,1847.31,71.0,1270.6499999999999,576.66,True,True,True,True
15671,"Ultradent: Ultrapack Retraction Cord #000, Black #710137",Ultradent,60,1216.4199999999998,47.0,930.5799999999999,285.84,True,False,True,True
16477,Ivoclar: Tetric Evo Flow 2gm Syringe : Ivoclar: Tetric Evo Flow 2gm Syringe A3 - 595955WW,Ivoclar Vivadent,34,2103.68,42.0,1639.74,463.93999999999994,True,False,True,True
16675,Ivoclar: Tetric Evo Flow 2gm Syringe : Ivoclar: Tetric Evo Flow 2gm Syringe A2 Ea - 595954WW,Ivoclar Vivadent,34,11488.22,208.0,8310.14,3178.08,True,True,True,True
16692,Kerr: TempBond NE Automix Syringe 2 x 11.8g ea - 33217,Kerr,44,1928.84,17.0,984.69,944.15,True,True,False,True
16697,Almedic: Surgical Blade 100/box #15 - M90-15,Almedic,106,1040.45,46.0,498.47,541.9799999999999,True,True,True,True
16721,Dentsply: TPH Spectra Caps 20/box : Dentsply: TPH Spectra Caps 20/box A3 - TPHCAPSA3,Dentsply Sirona,34,4159.58,42.0,2712.4700000000003,1447.1100000000001,True,True,True,True
16731,Dentsply: Zoe B&T Cement Standard Pk Ea - 610103,Dentsply Sirona,44,1965.9,11.0,1517.23,448.6700000000001,True,False,False,True
16739,Voco: Futurabond DC Single Dose - 200/kit- 1165,VOCO,39,1277.98,2.0,864.16,413.82000000000005,True,False,False,True
16954,Voco: Grandio 20 X .25gm Compule : Voco: Grandio 20 X .25gm Compule A3.5 - 1843,VOCO,34,1112.93,7.0,519.48,593.45,True,True,False,True
16958,Kerr: Elements Obturation Unit Cartridges Silver - Gutta Percha 23 Gauge Medium Body - 10/Pack - 972-1002,Kerr,46,2469.8100000000004,19.0,1971.9,497.91000000000014,True,True,False,True
16981,Sunstar: GUM End-Tuft Brush Soft Tapered 12/Pk - 308PD,Sunstar,84,999.5,50.0,610.52,388.97999999999996,False,False,True,True
17115,Clinical: Template 4 Pack- 028904,Clinical Research Dental,57,1419.92,8.0,987.73,432.19000000000005,True,False,False,True
17133,Medicom: Safe Masks Premier Elite 50/box : Medicom: Safe Masks Premier Elite 50/box : Medicom: SafeMask Premier Elite Level 3 Procedure Earloop Face Mask - White - 50/Box  - 2047,Medicom,63,1195.5,75.0,1157.21,38.290000000000006,True,False,True,True
17146,Dentsply: Cavitron FSI SlimLINE 30K 10S FITGRIP Ea - 82005,Dentsply Sirona,102,3154.9,10.0,1371.1399999999999,1783.7600000000002,True,True,False,True
17232,Sable: Bio-Pure eVac Cleaner 48 oz # 2801003 - 2801003,Sable Industries,115,3149.9300000000003,7.0,2103.85,1046.08,True,True,False,True
17240,Sunstar: GUM Proxabrush Interdental Cleaners Wide 36/Bx - 1614PE,Sunstar,84,1053.83,17.0,705.3299999999999,348.5,True,False,False,True
17295,NSK: Surg Irrigation Tube Z263001 Y900114 10/Pk,NSK,99,2149.9,11.0,800.0,1349.9,True,True,False,True
17394,Kuraray: CLEARFIL SE Protect - Primer(6ml) - Each   - 2882KA,Kuraray,37,2632.16,20.0,1986.66,645.5,True,True,False,True
17414,Dentsply: Cavitron THINsert 30K Insert Ultrasonic Ea -81551,Dentsply Sirona,102,6877.68,30.0,5091.52,1786.16,True,True,False,True
17573,Beavers: Burs Friction Grip Finishing 7008 - TF7008,Beavers Dental,,596.88,120.0,376.28000000000003,220.60000000000002,False,False,True,True
17715,Brasseler: BC Sealer HiFlow 1.5gm ea - 5026825U0,Brasseler,104,2869.9,10.0,1709.7999999999997,1160.1000000000004,True,True,False,True
17733,Pulpdent: Embrace Wetbond Sealant Natural Kit 4x1.2ml - EMS,Pulpdent,124,1479.8700000000001,13.0,1162.67,317.20000000000005,True,False,False,True
17822,DenMat: Perfectemp II Cartridge A2 - SPD1301,DenMat,61,1227.94,6.0,1032.26,195.6800000000001,True,False,False,True
17927,SciCan: Hydrim Refill Indicator Strip 96/pk - WTI-RK,SciCan,67,1571.9,10.0,1163.97,407.93000000000006,True,False,False,True
18004,Ivoclar: Optrasculpt Pad 4mm 60/pk - 639792AN,Ivoclar Vivadent,143,1411.8,20.0,1117.33,294.46999999999986,True,False,False,True
18126,Mark 3: Surgical Aspirator 25/pkg White - 2601,MARK3,108,771.36,111.0,374.53,396.83000000000004,False,False,True,True
18289,Tokuyama: Omnichroma PLT Refill 20/pk - 10126,Tokuyama,34,4150.570000000001,23.0,2567.4900000000002,1583.0800000000002,True,True,False,True
18547,Micrylium: BioVAC 5L Bag in Box - 03-VAC2-005,Micrylium,67,4914.8,21.0,3237.15,1677.6500000000003,True,True,False,True
18548,Mark 3: Tofflemire Matrix Band 36/pk Adult #1 Univ.0015- 810015,MARK3,32,730.92,208.0,652.96,77.96000000000002,False,False,True,True
18549,Mark 3: Tofflemire Matrix Band 36/pk Pedo #13 Univ.0015- 8130015,MARK3,32,172.51,49.0,154.12,18.390000000000008,False,False,True,True
18551,Mark 3: Dead Soft  Matrix Band 36/pk Adult Univ.001- 81001DS,MARK3,32,389.13,40.0,247.01,142.12,False,False,True,True
19273,Dentsply: Surefil SDR Flow CompulaTip 15/pk : Dentsply: Surefil SDR Flow+ Bulk Refill Universal 50/pk - 61C103,Dentsply Sirona,34,10355.05,37.0,9767.86,587.1900000000004,True,True,True,True
19641,Accutron: Personal Inhaler Plus Small #1 24/Pk - 33017-1,Accutron,112,1066.45,6.0,653.8,412.6500000000001,True,False,False,True
19659,Scican: Optim Blue 160 wipes can/each-OPTEUBLUE-12W,SciCan,67,431.76,48.0,481.47,-49.709999999999994,False,False,True,True
19728,3D: Anterior Arm Blue - 3D-VXA-A,3D Dental,102,732.48,52.0,353.7,378.78,False,False,True,True
19729,3D: Bite Wing Arm Red - 3D-VXA-BW,3D Dental,102,1192.33,87.0,587.95,604.38,True,True,True,True
19730,3D: Posterior Arm Yelow - 3D-VXA-P,3D Dental,102,661.57,44.0,298.21,363.36,False,False,True,True
19743,Generic: Disposable Isolation Gown Blue 20/bx - DISGOW,Generic,66,1124.62,38.0,2664.11,-1539.4900000000002,True,False,True,True
19779,Miltex: Self-Aspirating Syringe 1.8cc Ea - 76-100,Miltex,28,1799.82,18.0,1506.15,293.66999999999996,True,False,False,True
19888,3D: Ultrasonic Cleaning Tablets 64/Box - PRST-UT,3D Dental,67,1945.53,47.0,1356.16,589.3700000000001,True,True,True,True
19896,Air Techniques: Monarch Cleanstream Evacuation System Cleaner 2.5L/Bottle - 57850,Air Techniques,115,4766.9400000000005,33.0,3281.15,1485.79,True,True,False,True
20242,Kerr: Optibond Universal Bottle 5ml Ea - 36519,Kerr,37,3003.83,17.0,1624.0800000000002,1379.75,True,True,False,True
20319,Medicom: Duraflor Ultra 5% Sodium Fluoride White Varnish Unit Dose Bubble Gum 0.4mL x 30/Packs  - 1031-BG30,Medicom,79,2351.0099999999998,34.0,1824.75,526.2599999999999,True,True,False,True
20354,Air Techniques: ScanX Barrier Envelopes IO 1000/pk Size #2 - 73248-2K,Air Techniques,100,2409.9300000000003,7.0,1571.1599999999999,838.7700000000001,True,True,False,True
20398,"Scican: Optim1 Disinfectant Wipes - 6""x 7"" Large -160/ Can - SCI1W12",SciCan,67,1199.4,60.0,871.36,328.03999999999996,True,False,True,True
20470,Integron: Chemical Integrator Strips Class V 250/pk - IT26-C,Integron,67,33317.909999999996,905.0,17016.86,16301.05,True,True,True,True
20512,Mark 3: Bite Registration Regular Set - 0218,MARK3,52,2106.54,46.0,883.0400000000001,1223.5,True,True,True,True
20537,Whaledent: Affinis Heavy Body 20x75ml System Ea - 6585,Coltene,57,1184.99,1.0,0.0,1184.99,True,True,False,True
20651,Dentsply: Cavitron H/P Steri-Mate Grey Single Pack - 8183001,Dentsply Sirona,102,2299.99,5.0,1465.0,834.99,True,True,False,True
20665,Garrison: Composi-Tight 3D Fusion Matrix 2/Pk - FX500,Garrison Dental Solutions,141,2360.95,7.0,1542.0,818.95,True,True,False,True
20671,Pulpdent: Activa BioActive Syringe Refill A3 Ea - VR1A3,Pulpdent,34,2288.88,12.0,1489.56,799.32,True,True,False,True
20703,Medicom: Duraflor Ultra 5% Sodium Fluoride White Varnish Unit Dose Bubble Gum 0.4mL x 200/Packs  - 1031-BG200,Medicom,79,1259.97,7.0,2274.79,-1014.8199999999998,True,False,False,True
20787,HSB: High Performance Mixing Tips Green 50/ Bag - GE-8104,Henry Schein,54,1256.58,46.0,622.17,634.41,True,True,True,True
20797,SciCan: Ensure Bowie Dick Test Cards 120/pk - SCI-BD120,SciCan,67,1476.97,3.0,1272.19,204.78000000000003,True,False,False,True
20814,Pacdent: ProAngle Disposable Prophy Angle 500/pk Soft - PAC-247-500,Pac-Dent,83,1049.95,5.0,918.99,130.96,True,False,False,True
20851,3D: Ring Bite Wing Red - 3D-VXR-BW,3D Dental,102,497.59000000000003,47.0,175.6,321.99,False,False,True,True
20852,3D: Ring Posterior Yellow - 3D-VXR-P,3D Dental,102,435.65000000000003,41.0,154.62,281.03000000000003,False,False,True,True
20879,"Mark 3: Toothbrush Premium Adult wide cash case, 72/per case 100-8895",Generic,84,1993.3,30.0,1133.73,859.5699999999999,True,True,False,True
20907,Scican: Optim 33 TB Solution Disinfectant- 4L Bottle - SCI334X4,SciCan,36,1923.3400000000001,36.0,1037.4,885.94,True,True,False,True
20924,Sable: One Piece 1:1 BB PB Latch Contra Angle - 1600214,Sable Industries,99,18804.75,84.0,13242.449999999999,5562.3,True,True,True,True
20968,H.S: C-Type Impression Tray Regular Set Perforated Non Water Cooled Bx - 101-0220,Henry Schein,55,1839.8400000000001,16.0,1210.58,629.26,True,True,False,True
20980,Halyard: Sterling PF Nitrile Gloves Grey Large 200/bx - 50708,Halyard,62,1039.84,16.0,410.34,629.5,True,True,False,True
20984,H.S: Orthodontic Pliers 139 Ea - 1007712,Henry Schein,137,1039.84,16.0,800.36,239.47999999999996,True,False,False,True
20985,H.S: Clasp Adjusting Pliers 200 Ea - 1008740,Henry Schein,137,1039.84,16.0,740.36,299.47999999999996,True,False,False,True
20992,Oral-B: Crest Toothbrush Star Wars 6+ Years Extra Soft 6/Pk - 6830510017,Procter & Gamble,84,540.21,79.0,354.86,185.35000000000002,False,False,True,True
21058,Ivoclar: Tetric PowerFill Bulk Fill IVB Cavifil Refill 20/pk - 668076WW,Ivoclar Vivadent,34,1787.94,12.0,1147.76,640.1800000000001,True,True,False,True
21135,Flight: Handpiece Maintenance System 2- Low Speed Attachment & 1 -4 Hole High Speed - HPL-3002,Flight Dental Systems,99,1375.0,1.0,995.4,379.6,True,False,False,True
21212,Ivoclar: IPS e.Max CAD MT C14 A2 For CEREC 5/Bx - 680029,Ivoclar Vivadent,34,1131.96,4.0,985.61,146.35000000000002,True,False,False,True
21309,Ivoclar: IPS e.max CAD MT C14 A3 For CEREC 5/Bx - 680030,Ivoclar Vivadent,34,1685.94,6.0,1571.3000000000002,114.63999999999999,True,False,False,True
21411,Unipack: Curved Utility #412 Syringe 12cc 50/Bx - 5212,Unipack,157,2414.0099999999998,99.0,1576.79,837.2199999999999,True,True,True,True
21417,Mark 3: Surgical Aspirator  25/pkg Green - 2600,MARK3,108,763.74,103.0,352.03999999999996,411.70000000000005,False,False,True,True
21429,EMS: Periodontal Piezon Scaling Tip - Each - DS-016A,EMS,102,1119.96,4.0,899.16,220.80000000000007,True,False,False,True
21473,Medicom: Duraflor Ultra 5% Sodium Fluoride White Varnish Unit Dose Strawberry 0.4mL x 200/Packs  - 1031-ST200,Medicom,79,1386.08,3.0,1016.5500000000001,369.53,True,False,False,True
21474,Medicom: Duraflor Ultra 5% Sodium Fluoride White Varnish Unit Dose Mint 0.4mL x 200/Packs  - 1031-M200,Medicom,79,9004.17,24.0,8190.349999999999,813.8200000000004,True,True,False,True
21489,Mark 3: Mouth Mirrors #5 Front Surface Cone Socket 12/Pk - 101-707-220,MARK3,106,1626.27,75.0,1143.75,482.5199999999999,True,True,True,True
21650,Beavers: Burs Friction Grip Carbide 703 Surgical FG703S,Beavers Dental,90,561.74,260.0,341.12,220.61999999999998,False,False,True,True
21717,Bunzl: Tork XPress Hand Towel 2 Ply Interfold White 21x100/ca (1504/cs)  - 101298 (Uline-24411),Bunzl,81,3699.6099999999997,39.0,2421.02,1278.59,True,True,True,True
21739,ProEdge: QuickPass Water Test Kit Pack 12/Bx - 61201,ProEdge Dental,115,3619.88,12.0,2977.4,642.48,True,True,False,True
21761,Medicom: SafeMatrix Single Use Straight Matrix Bands Wide 6mm - Blue - 50/Pack  - 30045,Medicom,32,1681.65,21.0,1324.05,357.6,True,False,False,True
21846,Dentsply: ProTaper Gold Conform Fit Gutta-Percha Points – PTGGPF2,Dentsply Sirona,47,649.91,9.0,141.28,508.63,False,True,False,True
21860,Premier: Two Striper Diamond Bur Friction Grip Very Fine 260.8VF 5/Pk - 2015183,Premier Dental,93,1469.85,19.0,1491.3400000000001,-21.49000000000001,True,False,False,True
21869,SDI: Permite Alloy Capsules 2 Spill Regular Set 500/Jr - 4022303,SDI,89,4359.99,2.0,3574.9300000000003,785.0599999999997,True,True,False,True
21895,Young: Traditional Web Prophy Cups Soft Screw Type Purple Latex-Free 144/Pk - 054101,Young Dental,83,476.97,3.0,0.0,476.97,False,True,False,True
21915,Citagenix: Neomem Resorbable Bovine Collagen Membrane -  N1520,Citagenix,106,3195.1499999999996,17.0,619.74,2575.41,True,True,False,True
21918,Citagenix: Raptos .5cc Cortico-Cancellous Blend allograft .25-1mm Jar - 152-CCB02J-05,Citagenix,108,1071.6,8.0,928.0,143.60000000000002,True,False,False,True
21923,Medicom: Safe Masks Premier Elite 50/box : Medicom: Safe Masks Premier Elite 50/box : Medicom: SafeMask Premier Elite Level 3 Procedure Earloop Face Mask - Lavender - 50/Box  - 2044,Medicom,63,1840.17,113.0,1668.51,171.66000000000005,True,False,True,True
22046,Pulpdent: Activa BioActive A3 8g Syringe Refill Ea -  VR2A3,Pulpdent,34,1519.96,4.0,913.0699999999999,606.8900000000001,True,True,False,True
22051,Ivoclar: IPS e.max CAD LT C14 A3 For CEREC 5/Bx - 605330,Ivoclar Vivadent,34,1123.96,4.0,249.99,873.97,True,True,False,True
22080,Medicom: Duraflor Halo 5% Sodium Fluoride White Varnish Unit Dose Spearmint 0.5mL x 250/Pack  - 1030-SM250,Medicom,79,1269.98,2.0,1015.1,254.88,True,False,False,True
22089,Dentsply: Uni-Grip 360 Holder Kit 50/PK - 550052,Dentsply Sirona,86,7304.0,88.0,4851.8099999999995,2452.19,True,True,True,True
22112,DenMat: NV Pro3 Microlaser Laser Tip 25/Box - ZLR1012A,DenMat,102,2519.96,4.0,999.2,1520.76,True,True,False,True
22163,Generic: SS Dental Luxating Elevators L3S - 40-4188,Generic,106,1059.8,20.0,799.87,259.93,True,False,False,True
22183,"J&J: Monocryl Plus Suture 5-0 Triclsn/PCL 25 P-3 Violet 18"" Monofilament 12/Bx - MCP463G",Johnson & Johnson,111,2099.9,10.0,1330.0700000000002,769.83,True,True,False,True
22307,"Plasdent: Spatula Spectrum  Alginate Soft Nylon, Blue - 905SA2",Plasdent,106,145.45,52.0,80.9,64.55,False,False,True,True
22365,"J&J: Monocryl Suture 6-0 Poliglecaprone 25 P-3 Undyed 18"" Monofilament 12/Bx - MCP492G",Johnson & Johnson,111,1469.94,6.0,818.73,651.21,True,True,False,True
22410,Tokuyama: Estelite Sigma Quick Syringe 3.8gm : Tokuyama: Estelite Sigma Quick Syringe 3.8gm : Tokuyama: Estelite Sigma Quick Syringe 3.8gm A1 - 13110,Tokuyama,34,1629.9,10.0,1141.1,488.80000000000007,True,True,False,True
22540,GC: G-aenial Sculpt Unitip Refill 20/pk : GC: G-aenial Sculpt Unitip Refill 20/pk : GC: G-aenial Sculpt Unitip A1 Refill 20/pk - 009169,GC America,34,518.97,3.0,0.0,518.97,False,True,False,True
22541,GC: G-aenial Sculpt Unitip Refill 20/pk : GC: G-aenial Sculpt Unitip Refill 20/pk : GC: G-aenial Sculpt Unitip A2 Refill 20/Pk - 009170,GC America,34,518.97,3.0,0.0,518.97,False,True,False,True
22674,Halyard: Aquasoft Nitrile Powder Free Glove : Halyard: Aquasoft Nit Powder Free glove 300/bx Small - 43933,Halyard,62,31116.74,1509.0,17376.33,13740.41,True,True,True,True
22675,Halyard: Aquasoft Nitrile Powder Free Glove : Halyard: Aquasoft Nit Powder Free glove 300/bx Medium - 43934,Halyard,62,35465.43,1686.0,19502.22,15963.210000000001,True,True,True,True
22676,Halyard: Aquasoft Nitrile Powder Free Glove : Halyard: Aquasoft Nit Powder Free glove 300/bx Large - 43935,Halyard,62,3713.8199999999997,174.0,1997.83,1715.9899999999998,True,True,True,True
22678,Halyard: Aquasoft Nitrile Powder Free Glove : Halyard: Aquasoft Nit Powder Free glove 300/bx X-Small - 43932,Halyard,62,3482.63,170.0,1974.51,1508.1200000000001,True,True,True,True
22691,Sable: One Piece 4:1 Snap-On Prophy C/A - 1600217,Sable Industries,99,2039.94,8.0,1280.81,759.13,True,True,False,True
22692,Sable: One Piece 4:1 BB PB Latch Prophy C/A - 1600218,Sable Industries,99,3602.8799999999997,17.0,2427.58,1175.2999999999997,True,True,False,True
22924,Dentsply: WaveOne Gold Glider File 25mm 3pk - TSTW1GG325015,Dentsply Sirona,46,5403.27,70.0,3321.5699999999997,2081.7000000000003,True,True,True,True
22925,Dentsply: WaveOne Gold Glider File 21mm 3pk - TSTW1GG321015,Dentsply Sirona,46,1887.22,26.0,1264.83,622.3900000000001,True,True,False,True
22927,Dentsply: ProGlider Rotary Glide Path File 25mm 3/pk - PROGLIDE25,Dentsply Sirona,46,6167.58,87.0,4170.0599999999995,1997.5200000000002,True,True,True,True
22930,Generic: SS Dental Luxating Elevators L–3C Ea - 40-4186,Generic,106,1059.8,20.0,799.87,259.93,True,False,False,True
22940,Mark 3: Impression Material 4x50ml Cart : Mark 3: Impression Material 4x50ml Cart Light Body Regular Set Ea - 3010,MARK3,57,1101.23,27.0,764.6899999999999,336.54,True,False,False,True
22941,Mark 3: Impression Material 4x50ml Cart : Mark 3: Impression Material 4x50ml Cart Light Body Fast Set Ea - 3011,MARK3,57,1931.5600000000002,44.0,1212.9,718.6600000000001,True,True,True,True
22943,Mark 3: Impression Material 4x50ml Cart : Mark 3: Impression Material 4x50ml Cart Medium Body Fast Set Ea - 3013,MARK3,57,2311.06,44.0,1010.1,1300.96,True,True,True,True
22944,Mark 3: Impression Material 4x50ml Cart : Mark 3: Impression Material 4x50ml Cart Heavy Body Regular Set Ea - 3014,MARK3,57,2498.46,54.0,1506.25,992.21,True,True,True,True
22945,Mark 3: Impression Material 4x50ml Cart : Mark 3: Impression Material 4x50ml Cart Heavy Body Fast Set Ea - 3015,MARK3,57,4956.96,111.0,3014.9,1942.0600000000002,True,True,True,True
22953,Mark 3: VPS Putty Base & Catalyst : Mark 3: VPS Putty Base & Catalyst 300ml Fast Set - 3005,MARK3,57,2777.5699999999997,43.0,1884.6399999999999,892.93,True,True,True,True
22955,Baxter: Saline Sodium Chloride 0.9% bag : Baxter: Saline Sodium Chloride 0.9% 1000ml bag Ea - JB1324,Baxter,155,593.01,62.0,159.29000000000002,433.72,False,False,True,True
22956,Baxter: Saline Sodium Chloride 0.9% bag : Baxter: Saline Sodium Chloride 0.9% 250ml bag Ea - JB1322P,Baxter,155,1560.69,195.0,725.3,835.39,True,True,True,True
22957,Baxter: Saline Sodium Chloride 0.9% bag : Baxter: Saline Sodium Chloride 0.9% 500ml bag Ea - JB1323,Baxter,155,5113.7,402.0,1399.98,3713.72,True,True,True,True
22960,Silmet: ProFil Syringe 4gm Hybrid Composite : Silmet: ProFil Syringe 4gm Hybrid Composite A2 - 184A02,Silmet,34,2925.1,67.0,2107.01,818.09,True,True,True,True
22961,Silmet: ProFil Syringe 4gm Hybrid Composite : Silmet: ProFil Syringe 4gm Hybrid Composite A3 - 184A03,Silmet,34,1264.37,28.0,877.69,386.68,True,False,False,True
22976,Silmet: Profil Unidose 0.315gm 20/Pack : Silmet: Profil Unidose 0.315gm 20/Pack-A2 - 18UA02,Silmet,34,26298.84,331.0,19910.77,6388.07,True,True,True,True
22977,Silmet: Profil Unidose 0.315gm 20/Pack : Silmet: Profil Unidose 0.315gm 20/Pack-A3,Silmet,34,2781.3599999999997,30.0,1819.1,962.2599999999999,True,True,False,True
22985,Mark 3: Ultrasonic Bio-Enzymatic Tablet 64/box -7640,MARK3,67,4931.03,103.0,2907.91,2023.1200000000001,True,True,True,True
23003,BioNova: STEAM Biological Indicators : BioNova: STEAM Biological Indicators -24 hrs 100/Bx - BT-20,BioNova,67,42996.71,261.0,20620.620000000003,22376.09,True,True,True,True
23007,Microcopy: Neo Drys 50/Pkg : Microcopy: Neo Drys 50/Pkg Large -DYL,Microcopy,73,1653.12,72.0,998.14,654.98,True,True,True,True
23008,Microcopy: Neo Drys 50/Pkg : Microcopy: Neo Drys 50/Pkg Reflective Small - DYRS,Microcopy,73,1292.46,60.0,866.43,426.03000000000003,True,False,True,True
23009,Microcopy: Neo Drys 50/Pkg : Microcopy: Neo Drys 50/Pkg Reflective Large - DYRL,Microcopy,73,1723.42,77.0,1168.49,554.93,True,True,True,True
23027,Shofu: Beautifil Flow Plus F03 Syringe - : Shofu: Beautifil Flow Plus F03 Syringe A2 - 2015,Shofu,34,2244.67,34.0,1348.34,896.3299999999999,True,True,False,True
23028,Shofu: Beautifil Flow Plus F03 Syringe - : Shofu: Beautifil Flow Plus F03 Syringe A3 - 2016,Shofu,34,991.8599999999999,15.0,510.47,481.38999999999993,False,True,False,True
23096,Dentsply: ProTaper Gold Files Sterile S1 : Dentsply: ProTaper Gold Files Sterile S1 6/pk 25mm - PTGRS125,Dentsply Sirona,46,2207.76,29.0,1444.82,762.94,True,True,False,True
23098,Dentsply: ProTaper Gold Files Sterile S2 : Dentsply: ProTaper Gold Files Sterile S2 6/pk 25mm - PTGRS225,Dentsply Sirona,46,1773.71,24.0,1293.77,479.94000000000005,True,True,False,True
23126,Pulpdent: Embrace Varnish 5% Sodium Economy Pack 100 x 0.4 ml Unit (No Brush) - FVX100,Pulpdent,154,1259.91,9.0,795.9499999999999,463.96000000000015,True,False,False,True
23198,Kerr: Herculite Ultra Unidose Refill 20/Bx : Kerr: Herculite Ultra Unidose Refill 20/Bx A2 Enamel - 34348,Kerr,34,2189.99,13.0,2340.0,-150.01,True,False,False,True
23223,Practicon: Pike Anesthetic Syringe 1/Ea - 7094199,Practicon,106,1307.89,11.0,1072.55,235.3400000000001,True,False,False,True
25150,Flow X-Ray: Deluxe Safe 'n' Sure PSP Env 300 : Flow X-Ray: Deluxe Safe 'n' Sure PSP Env 300 - No. 2 - 80121,Flow Dental,87,2722.77,23.0,1801.5,921.27,True,True,False,True
25164,Mark 3: X-ray Bite Wing Tabs 500/bx - 0500,MARK3,68,604.57,43.0,356.39,248.18,False,False,True,True
25266,Dentsply: TPH Spectra STHV Comp 20/bx : Dentsply: TPH Spectra STHV Comp 20/bx A2 - 642232,Dentsply Sirona,34,4169.74,28.0,2107.9,2061.84,True,True,False,True
25269,Dentsply: TPH Spectra STHV Comp 20/bx : Dentsply: TPH Spectra STHV Comp 20/bx A4 - 642235,Dentsply Sirona,34,807.45,5.0,89.44,718.01,False,True,False,True
25271,Dentsply: TPH Spectra STLV Comp 20/bx : Dentsply: TPH Spectra STLV Comp 20/bx A1 - 642220,Dentsply Sirona,34,2537.84,17.0,1636.57,901.2700000000002,True,True,False,True
25272,Dentsply: TPH Spectra STLV Comp 20/bx : Dentsply: TPH Spectra STLV Comp 20/bx A2 - 642221,Dentsply Sirona,34,2795.8100000000004,21.0,1567.71,1228.1000000000001,True,True,False,True
25273,Dentsply: TPH Spectra STLV Comp 20/bx : Dentsply: TPH Spectra STLV Comp 20/bx A3 - 642222,Dentsply Sirona,34,2779.8100000000004,22.0,2064.18,715.6300000000002,True,True,False,True
25274,Dentsply: TPH Spectra STLV Comp 20/bx : Dentsply: TPH Spectra STLV Comp 20/bx A3.5 - 642223,Dentsply Sirona,34,2025.8600000000001,16.0,1695.16,330.70000000000016,True,False,False,True
25292,Dentsply: TPH Spectra ST Syringe 3gm Refill Ea : Dentsply: TPH Spectra ST Syringe 3gm Refill Ea A2 - 642471,Dentsply Sirona,34,955.98,9.0,470.88,485.1,False,True,False,True
25398,Sable: H/S Fiber Optic Kavo PB 45KL - 2000023,Sable Industries,99,2600.0,4.0,1988.64,611.3599999999999,True,True,False,True
25410,Brasseler: BC Sealer 1.6g 2p - 5029291U0,Brasseler,104,3414.9,10.0,2699.0,715.9000000000001,True,True,False,True
25736,Medicom: SafeWear Form Fit Isolation Gown Open Back Knit Cuffs  Belt on Right Side Regular - Blue - 12/Pack  - 8114,Medicom,66,1018.51,69.0,804.54,213.97,False,False,True,True
25751,"Maxill: Steri-sox Labels rolls 1000/roll, 6 Rolls per pack  #91141",Maxill,112,2339.87,13.0,1286.22,1053.65,True,True,False,True
25776,Dentsply Sirona: ProTaper Gold Rotary File Finishing 1 Yellow 25mm 6/Pk - PTGRF125,Dentsply Sirona,46,2041.8700000000001,28.0,1398.54,643.33,True,True,False,True
25777,Dentsply Sirona: ProTaper Gold Rotary File Finishing 2 Red 25mm 6/Pk - PTGRF225,Dentsply Sirona,46,2275.94,31.0,1667.49,608.45,True,True,False,True
25847,Mark 3: Barrier Envelopes Size # 2 100/pk - 7792,MARK3,87,2408.64,136.0,1030.02,1378.62,True,True,True,True
25886,BioNova: Bowie-Dick Test 120 cards per box + 1 holder each #KBD8948X,BioNova,67,3579.8100000000004,19.0,1750.67,1829.1400000000003,True,True,False,True
25933,"Uline: Sontara Dispenser Box Wipers - 9"" x 17"" - 8/Cs - S-17192",Uline,81,1541.94,6.0,624.0,917.94,True,True,False,True
25945,J&J: Sponge Surgifoam Absorbable Gelatine 8cm x 12.5cm x 1cm  6/Pk - EA1974,Johnson & Johnson,73,779.98,2.0,212.74,567.24,False,True,False,True
25979,Maxill: OraVital ® CDLx Rinse 1L Unflavoured Ea - 40427,Maxill,82,1295.28,72.0,752.4,542.88,True,True,True,True
26034,Ivoclar: Tetric PowerFill Bulk Fill IVA Cavifil Refill 20/pk - 668107WW,Ivoclar Vivadent,34,7760.6900000000005,54.0,6022.08,1738.6100000000001,True,True,True,True
26043,Oral Science: X-PUR Remin Toothpaste 70g Ea - 80061255,Oral Science,119,1980.0,144.0,1780.56,199.44000000000005,True,False,True,True
26044,Dentsply: WaveOne Gold Reciprocating Files – Primary 21mm (Red) - WGPRIME21,Dentsply Sirona,46,7374.13,100.0,5379.0,1995.13,True,True,True,True
26077,Dentsply: WaveOne Gold Reciprocating Files Small/25mm (Yellow) 3/pk - WGSMALL25,Dentsply Sirona,46,18080.63,256.0,13780.98,4299.650000000001,True,True,True,True
26078,Dentsply: WaveOne Gold Reciprocating Files Medium/25mm (Green) 3/pk - WGMEDIUM25,Dentsply Sirona,46,4754.7,64.0,3442.56,1312.14,True,True,True,True
26079,Dentsply: WaveOne Gold Reciprocating Files Large/25mm (White) 3/pk - WGLARGE25,Dentsply Sirona,46,2140.91,28.0,1507.38,633.53,True,True,False,True
26081,Dentsply: WaveOne Gold Reciprocating Files Primary/25mm (Red) 3/pk - WGPRIME25,Dentsply Sirona,46,27122.81,356.0,18987.87,8134.9400000000005,True,True,True,True
26084,Dentsply: (Ribbon) AH Plus Jet Syringe Starter Kit 1-15gm Ea - 60620115,Dentsply Sirona,48,2853.8500000000004,15.0,1665.71,1188.14,True,True,False,True
26085,Ortho: Chewies Aligner Tray Seater White 2/pk - AC150WDS,Ortho Technology,15,454.48,152.0,358.6,95.88,False,False,True,True
26100,Align: iTero Element Disposable Scanners Sleeves 25/Bx - 217596,Align Technology,64,3080.7400000000002,26.0,2498.2400000000002,582.5,True,True,False,True
26107,Philips: Zoom In-Office (881055601520) Whitening Kit Ea- ZM2665,Philips,152,2967.86,14.0,2014.96,952.9000000000001,True,True,False,True
26161,Oral-B: Crest GUM & Detoxify Toothpaste 20ml 36/Ca - 5610008028,Procter & Gamble,119,3651.21,111.0,2516.75,1134.46,True,True,True,True
26181,Dentsply: WaveOne Gold Reciprocating Files Small/21mm (Yellow) 3/pk - WGSMALL21,Dentsply Sirona,46,4336.2699999999995,61.0,3281.19,1055.08,True,True,True,True
26217,"Sable: NSK Ti-Max X600L, NSK NL9000S, NL4500, X450, Sabra Power 45S Handpieces Parts - 1000168",Sable Industries,158,2397.0,10.0,1919.1,477.9000000000001,True,True,False,True
26259,Oral Science: Cetacaine Topical Anesthetic 24g Bottle Ea - CE-211,Oral Science,29,829.97,3.0,299.98,529.99,False,True,False,True
26270,Garrison: Composi-Tight 3D Fusion Ring Placement Forceps Ea - FXP01,Garrison Dental Solutions,137,1513.51,9.0,1300.95,212.56,True,False,False,True
26310,Dentsply: WaveOne Gold Reciprocating Files Primary/31mm (Red) 3/Pk - WGPRIME31,Dentsply Sirona,46,4372.29,57.0,3066.0299999999997,1306.26,True,True,True,True
26312,Dentsply: WaveOne Gold Reciprocating Files Large/31mm (White) 3/Pk - WGLARGE31,Dentsply Sirona,46,1181.21,16.0,860.64,320.57000000000005,True,False,False,True
26343,Septodont: Standard Aspirating Thumb Ring Gold Standard Syringe Ea - P11049,Septodont,28,835.0,10.0,0.0,835.0,False,True,False,True
26370,Oral Science: Advantage Arrest Silver Diamine Fluoride 5ml Ea - 80075746,Oral Science,146,1599.92,8.0,1259.93,339.99,True,False,False,True
26387,Dentsply: WaveOne Gold Absorbent Point Primary 180/Bx - WGAPSP,Dentsply Sirona,47,1458.54,46.0,460.67,997.87,True,True,True,True
26407,Medicom: SafeBasics Isolation Gowns Full Back with Neck Ties and Elastic Cuffs Regular - Blue - 10/Pack  - 8023,Medicom,66,1802.45,115.0,1077.88,724.57,True,True,True,True
26519,Oral Science: Curaprox CS SMART Kids Toothbrush Ea - CELLO,Oral Science,84,381.64,116.0,246.46,135.17999999999998,False,False,True,True
26521,Oral Science: Curaprox CS Ultra Soft 5460 - Each - CS5460,Oral Science,84,4566.52,1388.0,3400.24,1166.28,True,True,True,True
26553,Dentsply: WaveOne Gold Reciprocating Files Medium/21mm (Green) 3/Pk - WGMEDIUM21,Dentsply Sirona,46,2167.75,30.0,1613.7,554.05,True,True,False,True
26554,Dentsply: WaveOne Gold Reciprocating Files Medium/31mm (Green) 3/Pk - WGMEDIUM31,Dentsply Sirona,46,2100.63,29.0,1559.9099999999999,540.72,True,True,False,True
26559,NobelBiocare: NobelParallel Conical Connection RP 5.0 x 10mm Ea - 37979,Nobel Biocare,128,1920.0,3.0,0.0,1920.0,True,True,False,True
26630,"NobelBiocare: creos™ allo.gain mineralized corticocancellous (0.25-1.00 mm), vial, 1.0 cc Ea- N4530",Nobel Biocare,128,2250.0,15.0,0.0,2250.0,True,True,False,True
26644,NobelBiocare: 30° Multi-unit Abutment Xeal Conical Connection RP 3.5 mm Ea- 300188,Nobel Biocare,128,876.0,2.0,0.0,876.0,False,True,False,True
26645,NobelBiocare: 17° Multi-unit Abutment Xeal Conical Connection RP 2.5 mm Ea - 300182,Nobel Biocare,128,876.0,2.0,0.0,876.0,False,True,False,True
26655,NobelBiocare: NobelReplace Conical Connection TiUltra RP 5.0 x 10 mm Ea- 300348,Nobel Biocare,128,1290.0,2.0,0.0,1290.0,True,True,False,True
26656,NobelBiocare: NobelReplace Conical Connection TiUltra RP 5.0 x 11.5 mm Ea - 300349,Nobel Biocare,128,1290.0,2.0,0.0,1290.0,True,True,False,True
26659,NobelBiocare: NobelReplace Conical Connection TiUltra RP 4.3 x 11.5 mm Ea - 300344,Nobel Biocare,128,1290.0,2.0,786.5,503.5,True,True,False,True
26678,NobelBiocare: Temporary Snap Coping Multi-unit Plus Ea - 38915,Nobel Biocare,128,555.0,5.0,0.0,555.0,False,True,False,True
26718,Dentsply: ProTaper Gold Rotary File Shaping SX 19mm 6/Pk - PTGRSX19,Dentsply Sirona,50,7458.54,97.0,5221.61,2236.9300000000003,True,True,True,True
26739,Zyris: Isolite Posterior Medium Mouthpiece 10/Pk - CIL0701,Zyris,115,1039.8600000000001,18.0,847.03,192.83000000000004,True,False,False,True
26746,Citagenix: RAPTOS .5cc Cortical Bone Allograft .25-1mm Jar Ea- COR02J-05,Citagenix,107,2946.8999999999996,22.0,571.26,2375.64,True,True,False,True
26777,NobelBiocare: Temporary Abutment Non-engaging Conical Connection NP Ea - 36661,Nobel Biocare,128,510.0,5.0,0.0,510.0,False,True,False,True
26778,NobelBiocare: Implant Replica Conical Connection RP Ea - 36698,Nobel Biocare,128,2170.0,35.0,42.71,2127.29,True,True,False,True
26781,NobelBiocare: NobelParallel Conical Connection TiUltra NP 3.75 x 11.5mm Ea - 300298,Nobel Biocare,128,1350.0,2.0,0.0,1350.0,True,True,False,True
26782,NobelBiocare: NobelParallel Conical Connection TiUltra RP 4.3 x 13mm Ea - 300306,Nobel Biocare,128,675.0,1.0,0.0,675.0,False,True,False,True
26783,NobelBiocare: NobelParallel Conical Connection TiUltra RP 5.0 x 10mm Ea - 300311,Nobel Biocare,128,1365.0,2.0,426.36,938.64,True,True,False,True
26784,NobelBiocare: NobelParallel Conical Connection TiUltra RP 5.0 x 11.5mm Ea - 300312,Nobel Biocare,128,1350.0,2.0,0.0,1350.0,True,True,False,True
26786,NobelBiocare: NobelParallel Conical Connection TiUltra WP 5.5 x 10mm Ea - 300318,Nobel Biocare,128,675.0,1.0,0.0,675.0,False,True,False,True
26803,Premier: Vac Attack Evacuation Cleaner Powder Green 800gm Ea - 9011105,Premier Dental,68,1046.8899999999999,11.0,770.3499999999999,276.53999999999996,True,False,False,True
26943,Straumann: Ø 4.1mm Bone Level Tapered Implants Ea - 021.5310,Straumann,128,4053.0,7.0,0.0,4053.0,True,True,False,True
26946,"Straumann: BLT, Ø 4.1mm RC, SLActive® 8mm, Roxolid®, Loxim™Bone Level Tapered Implant Ea - 021.5308",Straumann,128,1158.0,2.0,1090.0,68.0,True,False,False,True
26958,"Straumann: BLT, Ø 3.3mm NC, SLActive® 10mm, Roxolid®, Loxim™Bone Level Tapered Implant Ea- 021.3310",Straumann,128,579.0,1.0,0.0,579.0,False,True,False,True
26961,"Straumann: BLT, Ø 4.1mm RC, SLActive® 12mm, Roxolid®, Loxim™Bone Level Tapered Implant Ea - 021.5312",Straumann,128,1158.0,2.0,0.0,1158.0,True,True,False,True
27081,NobelBiocare: creos xenocote 3/4 in x 1½ in (2 cm x 4 cm) 10/Pk - WD62201,Nobel Biocare,128,1085.0,5.0,0.0,1085.0,True,True,False,True
27143,Kerr: SonicFill 3 Composite Unit Dose Refill 20/Pk - 367 : Kerr: SonicFill 3 Composite Unit Dose A2 Refill 20/Pk - 36712,Kerr,34,3923.82,19.0,1392.48,2531.34,True,True,False,True
27162,Dentsply: WaveOne Gold Conform Fit Gutta-Percha Points Primary 60/Pk - WGGPCP,Dentsply Sirona,47,2246.95,71.0,1431.26,815.6899999999999,True,True,True,True
27163,Dentsply: WaveOne Gold Conform Fit Gutta-Percha Points Small 60/Pk - WGGPCS,Dentsply Sirona,47,2413.39,77.0,1553.0,860.39,True,True,True,True
27199,Coltene: BioSonic Ultrasonic Scaler US100R Ea - US100R115T,Coltene,102,1779.99,1.0,1599.99,180.0,True,False,False,True
27209,Generic: Sterile Surgical Patient Pack Ea - VPP1009,Valuemed Professional,134,2759.54,46.0,2414.08,345.46000000000004,True,False,True,True
27231,Germiphene: Wash-Checks U Ultrasonic Test Strips 50/Bx - WC-108,Germiphene,67,3399.61,19.0,2717.0,682.6100000000001,True,True,False,True
27269,Vident: VITA ENAMIC HT 14 3M2 For CEREC 5/Pk - EC43M2HTEM14,Vident,34,851.96,4.0,0.0,851.96,False,True,False,True
27272,Ivoclar: IPS e.max CAD LT C14 A2 For CEREC 5/Bx - 605329,Ivoclar Vivadent,34,561.98,2.0,0.0,561.98,False,True,False,True
27277,DiaDent: Dia-Root Root Canal Sealer Regular Kit Ea - 1003-701,DiaDent,48,5648.43,95.0,5605.0,43.42999999999981,True,False,True,True
27317,Oral-B: Crest Gum Care Compact Toothbrush Extra Soft 12/Pk - 0041010656,Procter & Gamble,84,2548.3,170.0,1594.8899999999999,953.4100000000001,True,True,True,True
27336,Brasseler: 703L HP Long Flat-End Taper 44.5mm 100/Pk - 001408S1,Brasseler,3,1589.97,3.0,1511.88,78.08999999999997,True,False,False,True
27362,Generic: Stainless Steel Dental Luxating Elevators L–5C Ea - 40-4194,Sintco,106,1059.8,20.0,799.87,259.93,True,False,False,True
27373,NobelBiocare: NobelParallel Conical Connection TiUltra RP 4.3 x 11.5mm Ea - 300305,Nobel Biocare,,2025.0,3.0,0.0,2025.0,True,True,False,True
27374,Dentsply: Cavitron FSI Slimline Ultrasonic Insert FSI-SLI 10R 30 kHz Ea - 80397,Dentsply Sirona,102,1225.99,5.0,1021.1600000000001,204.82999999999996,True,False,False,True
27412,CeraRoot: CeraRoot34 8mmx4.1x4.8x5mm Short Abutement Ea - 340.008,CeraRoot,128,2700.0,3.0,2410.46,289.53999999999996,True,False,False,True
27459,H.S: Criterion N300 Ice Blue Ultra Exam Gloves Medium 300/bx - 1126831,Henry Schein,62,599.8,20.0,120.0,479.79999999999995,False,True,False,True
27509,"Straumann: RC Healing abutment - conical shape, Ø 4.5mm, H 4mm, Ti -  024.0001S",Straumann,128,602.0,7.0,0.0,602.0,False,True,False,True
27516,Straumann: Emdogain® - 5 x 0.15 ml (30 mg/ml) each - 075.098W,Straumann,128,1550.0,2.0,1028.42,521.5799999999999,True,True,False,True
27535,"Straumann: BL, Ø 4.8mm RC, SLActive® 10mm, Roxolid®, Loxim™Bone Level Implant each #021.6310",Straumann,128,1158.0,2.0,0.0,1158.0,True,True,False,True
27567,Philips: ZOOM Nightwhite 16% Syringes 25/Pk - 881010425520,Philips,127,1399.93,7.0,897.2,502.73,True,True,False,True
27712,Garrison: Strata-G Ring Matrix System - SGMA : Garrison: Strata-G Ring Matrix System - SGMA : Garrison: Strata-G Ring Matrix System Assorted Kit 3/Pk - SGR01,Garrison Dental Solutions,33,1099.98,2.0,910.0,189.98000000000002,True,False,False,True
27714,"Straumann: AlloGraft Min. Cort./Canc. Granules, 250-1000 Microns, 0.5 cc - 070.226",Straumann,128,480.0,4.0,0.0,480.0,False,True,False,True
27722,Parkell: Brush & Bond Self Etch Bonding Agent Complete Kit Ea - S284,Parkell,37,1024.97,3.0,414.53999999999996,610.4300000000001,False,True,False,True
27762,Septodont: BioRoot Flow Biocompatible Root Canal Sealer 2 Gm Ea - 01E0510,Septodont,48,5265.49,57.0,3833.56,1431.9300000000003,True,True,True,True
27796,Mark 3: Microbrush Disposable 100/Tube - 80MA : Mark 3: Microbrush Disposable Fine Yellow&Pink  100/Tube - 8095,MARK3,39,1098.24,179.0,463.71000000000004,634.53,True,True,True,True
27799,NobelBiocare: NobelParallel Conical Connection TiUltra NP 3.75 x 10mm Ea - 300297,Nobel Biocare,128,675.0,1.0,0.0,675.0,False,True,False,True
27824,Ivoclar: IPS e.max CAD LT B32 for CEREC 3/Box - 648MA : Ivoclar: IPS e.max CAD LT B32 A2 for CEREC 3/Box - 648205,Ivoclar Vivadent,34,558.99,1.0,0.0,558.99,False,True,False,True
27829,NobelBiocare: Implant Replica Conical Connection NP each - 36697,Nobel Biocare,128,1178.0,19.0,0.0,1178.0,True,True,False,True
27880,Medtronic: Bis-Quatro Sensor 25/case -E75-186-0106,Medtronic,106,2511.98,2.0,1738.58,773.4000000000001,True,True,False,True
27941,Kimberly: Kleenex Ultra Reveal Multi-fold Towels 9.4x8in 2400/Ca - 46321,Kimberly-Clark,81,3381.62,38.0,2578.29,803.33,True,True,True,True
27951,Oral Science: Cetylite Cetacaine Topical Anesthetic Liquid Clinical Kit Ea - CE-212,Oral Science,29,1285.98,2.0,1059.98,226.0,True,False,False,True
27996,H.S: Disposable Paper Solo Funnel Evacuator Cups w/ Rolled Edges 250/Pk - 6SRX-2050,Henry Schein,66,5979.88,112.0,5206.63,773.25,True,True,True,True
28049,Nobelbiocare: NobelActive RP 5.0 x 8.5 mm each - 35225,Nobel Biocare,128,653.0,1.0,0.0,653.0,False,True,False,True
28075,Plasdent: Dry Oral Cup Plastic Ea - 8118,Plasdent,64,565.47,103.0,391.21,174.26000000000005,False,False,True,True
28100,Zimmer: Puros Cortico-Cancellous Particulate Allograft 1cc 0.25-1.0mm Ea - 68801,Zimmer Biomet,108,1275.0,5.0,0.0,1275.0,True,True,False,True
28158,Kerr: SonicFill 3 Composite Unit Dose Refill 20/Pk - 367 : Kerr: SonicFill 3 Composite Unit Dose A3 Refill 20/Pk - 36713,Kerr,34,2833.87,13.0,1726.04,1107.8300000000002,True,True,False,True
28264,NobelBiocare: NobelParallel Conical Connection TiUltra RP 4.3 x 10 mm each - 300304,Nobel Biocare,,2025.0,3.0,0.0,2025.0,True,True,False,True
28265,NobelBiocare: NobelParallel Conical Connection TiUltra RP 5.0 x 8.5 mm each - 300310,Nobel Biocare,,675.0,1.0,0.0,675.0,False,True,False,True
28297,Dentsply: WaveOne Gold Reciprocating Files – Small/31mm (Yellow) 3/pk - WGSMALL31,Dentsply Sirona,50,4829.85,66.0,3553.06,1276.79,True,True,True,True
28378,NobelBiocare: NobelActive TiUltra RP 5.0 x 11.5mm Ea - 300258,Nobel Biocare,128,675.0,1.0,0.0,675.0,False,True,False,True
28456,Oral Science: Fluorimax 2.5% Sodium Fluoride Varnish Bottle 12ml Ea - 80079380BTMA : Oral Science: Fluorimax 2.5% Sodium Fluoride Varnish Bottle Mint 12ml Ea - 80079380BT-MT,Oral Science,79,2404.87,13.0,2116.55,288.32000000000005,True,False,False,True
28457,Oral Science: Fluorimax 2.5% Sodium Fluoride Varnish Bottle 12ml Ea - 80079380BTMA : Oral Science: Fluorimax 2.5% Sodium Fluoride Varnish Bottle Bubble Gum 12ml Ea - 80079380BT-BG,Oral Science,79,924.95,5.0,313.98,610.97,False,True,False,True
28521,"3D: Surgical Aspirator Large Tip 25/Bx - ASPMA : 3D: Surgical Aspirator Reg Tip 1/8"" White 25/Bx - ASP18",3D Dental,54,709.3100000000001,75.0,219.55,489.76,False,True,True,True
28522,"3D: Surgical Aspirator Large Tip 25/Bx - ASPMA : 3D: Surgical Aspirator Reg Tip 1/16"" Blue 25/Bx - ASP16",3D Dental,54,556.8,74.0,214.9,341.9,False,False,True,True
28523,"3D: Surgical Aspirator Large Tip 25/Bx - ASPMA : 3D: Surgical Aspirator Large Tip 1/4"" Green 25/Bx - ASP14",3D Dental,54,857.6800000000001,105.0,307.29,550.39,False,True,True,True
28570,Tokuyama: Estelite Sigma Quick PLT Composite A3 Refill 0.2g x 20/Bx - 13312,Tokuyama,34,1139.94,6.0,0.0,1139.94,True,True,False,True
28618,"Straumann: RC Closure cap - Ø 3.3mm, H 0mm, Ti each - 024.4100S",Straumann,128,528.0,6.0,0.0,528.0,False,True,False,True
28696,Mark 3: Microbrush Disposable 100/Tube - 80MA : Mark 3: Microbrush Disposable Superfine White 100/Tube - 8098,MARK3,39,451.19,76.0,152.44,298.75,False,False,True,True
28773,H.S: Bendable Dispos-a-Brush 144/Pk - 751236,Henry Schein,39,1637.67,33.0,1158.58,479.09,True,True,False,True
28818,"Straumann: RB Closure Cap - H 0.4mm, Ti each - 064.4100S",Straumann,128,1869.0,23.0,1256.0,613.0,True,True,False,True
28819,Premier: X5 Sectional Anatomical Matrix Refill 5.5mm 80/Pk - 9061162,Premier Dental,32,1393.8899999999999,12.0,934.77,459.11999999999995,True,False,False,True
28831,HSB: Crystal Air/Water Plastic Tips 250/Pk - 100605,Henry Schein,66,3176.04,99.0,1196.46,1979.58,True,True,True,True
28836,Baxter: Saline Sodium Chloride 0.9% bag : Baxter: Saline Sodium Chloride 0.9% 100ml  bag Ea - JB1302P,Baxter,155,263.46,36.0,108.18,155.27999999999997,False,False,True,True
28865,Medicom: Duraflor Ultra 5% Sodium Fluoride White Varnish Unit Dose Mint 0.4mL x 30/Packs  - 1031-M30,Medicom,79,2300.63,35.0,1944.9299999999998,355.7,True,False,False,True
28866,Medicom: Duraflor Ultra 5% Sodium Fluoride White Varnish Unit Dose Strawberry 0.4mL x 30/Packs  - 1031-ST30,Medicom,79,1341.34,18.0,934.8000000000001,406.5399999999999,True,False,False,True
28973,"Zimvie: Puros Cortico-Cancallous Particles 0.5cc, 250-1000 ea #68800",ZimVie,108,4550.0,25.0,2415.95,2134.05,True,True,False,True
30040,BioHorizons: Resorbable Collagen Membrane 15mm x 20mm each - RCM-ML1520,BioHorizons,128,1094.97,8.0,0.0,1094.97,True,True,False,True
30157,NobelBiocare: Cytoplast™ RTM Collagen Membrane 15 mm x 20 mm 2/pkg - CLMRTM1520,Nobel Biocare,108,1140.0,4.0,0.0,1140.0,True,True,False,True
30160,"HSB: Cotton Tipped Applicators 3"" 1000/Bx - 100420",Henry Schein,66,330.56,39.0,266.68,63.88,False,False,True,True
41707,Dentsply: PCD Nupro Revolv DPA (Disposable Prophy Angle) Soft Cup 200/Bx - 965250,Dentsply Sirona,83,1349.93,9.0,1100.24,249.6900000000001,True,False,False,True
41937,"BioHorizons: 4.2mm x 10.5mm Tapered Pro Implant, Laser-Lok, RBT - BTA4210",BioHorizons,128,1278.0,3.0,0.0,1278.0,True,True,False,True
41938,"BioHorizons: 4.6mm x 10.5mm Tapered Pro Implant, Laser-Lok, RBT - BTA4610",BioHorizons,128,828.01,2.0,0.0,828.01,False,True,False,True
41939,BioHorizons: MinerOss-Cortical & Cancellous Chips 0.5CC - MO-C0.5,BioHorizons,128,2684.45,20.0,0.0,2684.45,True,True,False,True
42088,Dentsply: WaveOne Gold Conform Fit Gutta-Percha Points Large - WGGPCL,Dentsply Sirona,47,693.3100000000001,20.0,179.95,513.36,False,True,False,True
42120,"Straumann: BLX Implant, 0 5.0mm WB, SLActive® 8mm, Roxolid® each - 061.7308",Straumann,128,584.0,1.0,0.0,584.0,False,True,False,True
42159,"Straumann: AlloGraft C/C Mix, 250-1000 Microns 1.0 CC, Cortical/Cancellous Mix - 070.227",Straumann,128,1050.0,6.0,0.0,1050.0,True,True,False,True
42222,NobelBiocare: NobelActive NP 3.5 x 10 mm Ea: 34125,Nobel Biocare,128,1305.0,2.0,0.0,1305.0,True,True,False,True
42226,NobelBiocare: NobelActive RP 4.3 x 8.5 mm Ea - 35223,Nobel Biocare,128,653.0,1.0,0.0,653.0,False,True,False,True
42279,DCI: Screen Disposable 1-7/8in. Diameter f/Vacuum canister Ea - 5820,DCI International,112,125.0,100.0,52.88,72.12,False,False,True,True
42322,"Sable: Motor Air Mini 20,000 RPM ISO E-type Ea - 1600111",Sable Industries,99,11002.93,40.0,9129.91,1873.02,True,True,True,True
42454,"Geistlich: Bio-Oss 0.2-1 granule size, Vial size 0.25g Ea - GS20111",Geistlich,128,2624.25,15.0,1902.6,721.6500000000001,True,True,False,True
42592,Geistlich: Geistlich Bio-Gide 25x25 - GS20152,Geistlich,128,1649.75,5.0,0.0,1649.75,True,True,False,True
42593,Geistlich: Geistlich Bio-Gide 30x40 - GS20154,Geistlich,128,2779.75,5.0,0.0,2779.75,True,True,False,True
42614,"TBS Dental: FRINGS Ganz Extracting Forceps – Micro Roots, Universal Ea - 33011F",Patterson Dental,105,1049.97,3.0,410.0,639.97,True,True,False,True
42630,"Metrex: CaviWipes HP Towelettes / Wipes Regular 6"" X 6.75"" 160/Cn - 11-1610",Metrex,36,1187.45,71.0,1097.75,89.69999999999997,True,False,True,True
42650,CHS: PerioPlus #2 Rinse Take Home Mint 250ml 36/Ca - PP6142502,Canadian Hospital Specialties,82,580.99,1.0,0.0,580.99,False,True,False,True
42677,Sable: Hygienist Swivel Prophy Handpiece  - 1600005,Sable Industries,99,1365.0,4.0,1020.41,344.59000000000003,True,False,False,True
43884,Primed: Medical Face Mask Ear Loop  - PG4MA : Primed: Medical Face Mask Ear Loop 50/PK - PG4-1273,PRIMED,63,890.4,100.0,900.0,-9.600000000000023,False,False,True,True
44214,Silmet: Spherodon Plus Spill Regular set 50/Pk - 1314MA : Silmet: Spherodon Plus Spill 2 Regular set 50/Pk - 131472,Silmet,89,891.95,5.0,0.0,891.95,False,True,False,True
44224,Straumann: Emdogain multipack 3 X 0.3 ML (30 MG/ML) Prefgel® 3 X 0.6 ML (24% EDTA) - 075.114W,Straumann,128,881.0,1.0,0.0,881.0,False,True,False,True
44785,"Straumann: BL, Ø 4.1MM RC, SLACTIVE® 10MM, ROXOLID®, LOXIM™BONE LEVEL IMPLANT - 021.4310",Straumann,128,2316.0,4.0,0.0,2316.0,True,True,False,True
45107,Medicom: SafeWear Form Fit Isolation Gown Open Back Knit Cuffs  Belt on Right Side Regular -Yellow - 12/Pack  - 8113,Medicom,66,1068.49,70.0,834.25,234.23999999999998,True,False,True,True
45205,J.Morita: Tri Auto ZX2+  - 24-K352ENG,J. Morita,99,2750.0,1.0,1948.99,801.01,True,True,False,True
45222,J.Morita: TwinPower Turbine 4H PAR-4HX-O-KV (Kavo MULTIflex LUX Coupling)  - 16-5901111,J. Morita,99,17600.0,17.0,12861.4,4738.6,True,True,False,True
45309,J.Morita: TwinPower Turbine 4H PAR-4HUEX-O-KV (Kavo MULTIflex LUX Coupling)  - 16-5357497,J. Morita,99,23400.0,27.0,18666.97,4733.03,True,True,False,True
45318,J.Morita: TwinPower Turbine 4H PAR-4HEX-O-KV-45 (Kavo MULTIflex LUX Coupling) with Light  - 16-5350522,J. Morita,99,21960.0,27.0,17381.14,4578.86,True,True,False,True
46321,SOBE: Disposable Scanner Sleeves 25/Bx - DSLEEVE,SOBE Hunan medical technology,64,5471.38,62.0,3936.74,1534.6399999999999,True,True,True,True
46394,"Geistlich: FIBRO-GIDE® 15X20X3 MM THINNER, 1 UNIT/BOX - 131200838 / GS00838 / 500838",Geistlich,128,1769.75,5.0,0.0,1769.75,True,True,False,True
48230,3M: Unitek Stainless Steel Crowns Size Assorted Primary Molar Set 112/Bx  - 902150,3M (Solventum),61,1249.99,1.0,1056.54,193.45000000000005,True,False,False,True
48231,3M: Finishing Strips Sof-Lex 7X5/64 Cor/Med/Nar 100/Pk  - 1954N,3M (Solventum),42,1064.98,16.0,897.76,167.21999999999997,True,False,False,True
48239,3M: Imprint 4 Bite Registration 50 mL Fast Set Refill 2/Pk  - 71529,3M (Solventum),52,2171.95,40.0,2244.0,-72.05000000000007,True,False,True,True
48240,3M: Imprint 4 Impression Material Heavy Mint Refill Ea  - 71492,3M (Solventum),57,5277.38,37.0,4874.0,403.38,True,False,True,True
48247,3M: Express Impression Material Putty 610 mL Kit Pk  - 7312,3M (Solventum),57,4166.21,13.0,2604.81,1561.4,True,True,False,True
48252,3M: Impregum F Polyether Double Package Medium Body Ea  - 31712,3M (Solventum),145,1285.97,6.0,1102.3000000000002,183.67000000000002,True,False,False,True
48273,3M: Scotchbond Universal Adhesive Light Cure Vial Refill 5ml  - 41258,3M (Solventum),34,38292.88,226.0,33837.1,4455.780000000002,True,True,True,True
48292,3M: Relyx Luting Plus Cement Clicker Automix Luting Cement Trial Kit Ea  - 3525TK,3M (Solventum),138,4038.5699999999997,19.0,3228.87,809.6999999999999,True,True,False,True
48293,3M: Relyx Luting Plus Cement Clicker Dentin Replacement Luting Cement Kit Pk  - 3525,3M (Solventum),138,2168.7200000000003,5.0,1595.6,573.12,True,True,False,True
48303,3M: Clinpro Sealant 1.2 mL Refill Syringe Pk  - 12627,3M (Solventum),144,1762.7,52.0,1467.81,294.8900000000001,True,False,True,True
48325,3M: RelyX Unicem Regular Automix Cement Mixing Tips Yellow 30/Pk  - 56851,3M (Solventum),54,1270.73,29.0,1134.8,135.93000000000004,True,False,False,True
48330,3M: Scotchbond Universal Plus Adhesive Light Cure 5 mL Vial Refill Ea  - 41294,3M (Solventum),56,37040.16,226.0,32596.579999999998,4443.580000000003,True,True,True,True
48522,3M: Adper Adhesive Plus Single Bond Vial : 3M: Adper Adhesive Plus Single Bond Vial Refill  - 51102,3M (Solventum),34,5860.83,17.0,3685.43,2175.4,True,True,False,True
48525,3M: Automix Resin Cement Relyx Unicem 2 Refill : 3M: Automix Resin Cement Relyx Unicem 2 Refill A2 Universal  - 56846,3M (Solventum),44,10921.5,55.0,8398.62,2522.88,True,True,True,True
48527,3M: Automix Resin Cement Relyx Unicem 2 Refill : 3M: Automix Resin Cement Relyx Unicem 2 Refill Translucent  - 56848,3M (Solventum),44,12436.880000000001,71.0,10894.88,1542.0000000000002,True,True,True,True
48528,3M: Automix Resin Cement Relyx Unicem 2 Value Pk : 3M: Automix Resin Cement Relyx Unicem 2 Value Pk A2 Universal  - 56849,3M (Solventum),44,7381.04,15.0,6284.08,1096.96,True,True,False,True
48529,3M: Automix Resin Cement Relyx Unicem 2 Value Pk : 3M: Automix Resin Cement Relyx Unicem 2 Value Pk A3 Opaque  - 56857,3M (Solventum),44,1208.99,2.0,799.4,409.59000000000003,True,False,False,True
48530,3M: Automix Resin Cement Relyx Unicem 2 Value Pk : 3M: Automix Resin Cement Relyx Unicem 2 Value Pk Translucent  - 56858,3M (Solventum),44,7521.2,18.0,7194.599999999999,326.6000000000004,True,False,False,True
48533,3M: Automix Resin Cement Uni Relyx Unicem Capsule Refill 50/Pk : 3M: Automix Resin Cement Uni Relyx Unicem Capsule Refill 50/Pk A2 Universal  - 56818,3M (Solventum),44,2040.97,3.0,1373.49,667.48,True,True,False,True
48534,3M: Cement Automix Relyx Luting : 3M: Cement Automix Relyx Luting Trial Pack  - 3535TK,3M (Solventum),44,2674.9700000000003,19.0,1799.4899999999998,875.4800000000002,True,True,False,True
48535,3M: Cement Automix Relyx Luting : 3M: Cement Automix Relyx Luting Value Pack  - 3535,3M (Solventum),44,9295.43,30.0,7734.599999999999,1560.8300000000002,True,True,False,True
48536,3M: Cement Resin 2 W/Clicker Disp : 3M: Cement Resin 2 W/Clicker Disp Translucent  - 56874,3M (Solventum),44,2085.95,5.0,1339.1999999999998,746.7500000000002,True,True,False,True
48539,3M: Cement System Ultimate Relyx Resin Automix Refill : 3M: Cement System Ultimate Relyx Resin Automix Refill A1  - 56887,3M (Solventum),44,3509.54,16.0,3290.24,219.3000000000002,True,False,False,True
48542,3M: Cement System Ultimate Relyx Resin Automix Refill : 3M: Cement System Ultimate Relyx Resin Automix Refill Translucent  - 56890,3M (Solventum),44,10860.15,43.0,9150.23,1709.9200000000008,True,True,True,True
48636,3M: Filtek Composite Restorative Universal Z250 Refill : 3M: Filtek Composite Restorative Universal Z250 Refill A1 0.2 g Capsule 20/Pk  - 6021A1,3M (Solventum),34,8854.48,62.0,8353.6,500.8799999999999,True,True,True,True
48637,3M: Filtek Composite Restorative Universal Z250 Refill : 3M: Filtek Composite Restorative Universal Z250 Refill A2 0.2 g Capsule 20/Pk  - 6021A2,3M (Solventum),34,63292.560000000005,424.0,57793.090000000004,5499.469999999999,True,True,True,True
48638,3M: Filtek Composite Restorative Universal Z250 Refill : 3M: Filtek Composite Restorative Universal Z250 Refill A3 0.2 g Capsule 20/Pk  - 6021A3,3M (Solventum),34,38491.88,275.0,36495.6,1996.279999999999,True,True,True,True
48639,3M: Filtek Composite Restorative Universal Z250 Refill : 3M: Filtek Composite Restorative Universal Z250 Refill A3.5 0.2 g Capsule 20/Pk  - 6021A3.5,3M (Solventum),34,6463.34,46.0,6147.18,316.1599999999999,True,False,True,True
48641,3M: Filtek Composite Restorative Universal Z250 Refill : 3M: Filtek Composite Restorative Universal Z250 Refill B1 0.2 g Capsule 20/Pk  - 6021B1,3M (Solventum),34,3441.6400000000003,18.0,2446.79,994.8500000000001,True,True,False,True
48642,3M: Filtek Composite Restorative Universal Z250 Refill : 3M: Filtek Composite Restorative Universal Z250 Refill B2 0.2 g Capsule 20/Pk  - 6021B2,3M (Solventum),34,1454.77,9.0,978.04,476.73,True,True,False,True
48649,3M: Filtek Composite Restorative Universal Z250 Refill : 3M: Filtek Composite Restorative Universal Z250 Refill A2 4 g Syringe 1/Pk  - 6020A2,3M (Solventum),34,6977.070000000001,37.0,5221.5,1755.5700000000002,True,True,True,True
48650,3M: Filtek Composite Restorative Universal Z250 Refill : 3M: Filtek Composite Restorative Universal Z250 Refill A3 4 g Syringe 1/Pk  - 6020A3,3M (Solventum),34,6696.64,36.0,5076.98,1619.6600000000003,True,True,True,True
48651,3M: Filtek Composite Restorative Universal Z250 Refill : 3M: Filtek Composite Restorative Universal Z250 Refill A3.5 4 g Syringe 1/Pk  - 6020A3.5,3M (Solventum),34,1473.92,8.0,1130.0,343.9200000000001,True,False,False,True
48660,3M: Filtek Flowable Dispensing Tips : 3M: Filtek Dispensing Tips Filtek Flow 20/Pk  - 3700T,3M (Solventum),34,614.79,52.0,609.65,5.139999999999981,False,False,True,True
48664,3M: Filtek Supreme Ultra Flowable Restorative Composite : 3M: Filtek Suprem Ultra Flowable Restorative Composite A3 0.2 g Capsule 20/Pk  - 6033A3,3M (Solventum),34,1108.6100000000001,7.0,759.0699999999999,349.5400000000001,True,False,False,True
48674,3M: Filtek Supreme Ultra Flowable Restorative Composite : 3M: Filtek Suprem Ultra Flowable Restorative Composite A1 2 g Syringe 2/Pk  - 6032A1,3M (Solventum),34,6194.84,50.0,5089.24,1105.6000000000001,True,True,True,True
48675,3M: Filtek Supreme Ultra Flowable Restorative Composite : 3M: Filtek Suprem Ultra Flowable Restorative Composite A2 2 g Syringe 2/Pk  - 6032A2,3M (Solventum),34,14371.58,127.0,12899.71,1471.8700000000003,True,True,True,True
48676,3M: Filtek Supreme Ultra Flowable Restorative Composite : 3M: Filtek Suprem Ultra Flowable Restorative Composite A3 2 g Syringe 2/Pk  - 6032A3,3M (Solventum),34,12604.050000000001,105.0,10662.58,1941.4700000000003,True,True,True,True
48677,3M: Filtek Supreme Ultra Flowable Restorative Composite : 3M: Filtek Suprem Ultra Flowable Restorative Composite A3.5 2 g Syringe 2/Pk  - 6032A3.5,3M (Solventum),34,2209.48,18.0,1826.37,383.11,True,False,False,True
48692,3M: Filtek Supreme Ultra Universal Restorative Composite : 3M: Filtek Supreme Ultra Universal Restorative Composite B2 Body 0.2 g Capsule 20/Pk  - 6029B2B,3M (Solventum),34,3224.12,25.0,2969.0,255.11999999999998,True,False,False,True
48713,3M: Filtek Supreme Ultra Universal Restorative Composite : 3M: Filtek Supreme Ultra Universal Restorative Composite B1 Body 0.2 g Capsule 20/Pk  - 6029B1B,3M (Solventum),34,2237.55,13.0,1549.83,687.72,True,True,False,True
48715,3M: Filtek Supreme Ultra Universal Restorative Composite : 3M: Filtek Supreme Ultra Universal Restorative Composite C2 Body 0.2 g Capsule 20/Pk  - 6029C2B,3M (Solventum),34,1378.6100000000001,9.0,1068.84,309.77,True,False,False,True
48719,3M: Filtek Supreme Ultra Universal Restorative Composite : 3M: Filtek Supreme Ultra Universal Restorative Composite A1 Body 4 g Capsule 20/Pk  - 6029A1B,3M (Solventum),34,16487.59,119.0,14630.7,1856.8900000000006,True,True,True,True
48720,3M: Filtek Supreme Ultra Universal Restorative Composite : 3M: Filtek Supreme Ultra Universal Restorative Composite A2 Body 4 g Capsule 20/Pk  - 6029A2B,3M (Solventum),34,70509.9,489.0,58887.9,11622.0,True,True,True,True
48721,3M: Filtek Supreme Ultra Universal Restorative Composite : 3M: Filtek Supreme Ultra Universal Restorative Composite A3.5 Body 4 g Capsule 20/Pk  - 6029A3.5B,3M (Solventum),34,13040.99,94.0,11163.44,1877.5500000000002,True,True,True,True
48722,3M: Filtek Supreme Ultra Universal Restorative Composite : 3M: Filtek Supreme Ultra Universal Restorative Composite A3 Body 4 g Capsule 20/Pk  - 6029A3B,3M (Solventum),34,39378.93,281.0,33752.42,5626.51,True,True,True,True
48725,3M: Filtek Supreme Ultra Universal Restorative Composite : 3M: Filtek Supreme Ultra Universal Restorative Composite A1 Body 4 g Syringe 1/Pk  - 6028A1B,3M (Solventum),34,1527.1200000000001,8.0,950.08,577.0400000000001,True,True,False,True
48728,3M: Filtek Supreme Ultra Universal Restorative Composite : 3M: Filtek Supreme Ultra Universal Restorative Composite A2 Body 4 g Syringe 1/Pk  - 6028A2B,3M (Solventum),34,1548.1200000000001,9.0,1068.8400000000001,479.28000000000003,True,True,False,True
48732,3M: Filtek Supreme Ultra Universal Restorative Composite : 3M: Filtek Supreme Ultra Universal Restorative Composite A3 Body 4 g Syringe 1/Pk  - 6028A3B,3M (Solventum),34,1538.02,8.0,950.08,587.94,True,True,False,True
48762,3M: Filtek Bulk Fill Flowable Restoratives : 3M: Filtek Bulk Fill Flowable Restoratives A2 0.2 g Capsule 15/Pk  - 4861A2,3M (Solventum),34,2630.6899999999996,24.0,2030.91,599.7799999999999,True,True,False,True
48765,3M: Filtek Bulk Fill Flowable Restoratives : 3M: Filtek Bulk Fill Flowable Restoratives A3 2 g Syringe 2/Pk  - 4862A3,3M (Solventum),34,2607.4900000000002,25.0,2454.37,153.12000000000018,True,False,False,True
48767,3M: Filtek Bulk Fill Flowable Restoratives : 3M: Filtek Bulk Fill Flowable Restoratives A2 2 g Syringe 2/Pk  - 4862A2,3M (Solventum),34,11353.53,104.0,9997.31,1356.2200000000003,True,True,True,True
48768,3M: Filtek Bulk Fill Flowable Restoratives : 3M: Filtek Bulk Fill Flowable Restoratives Universal 2 g Syringe 2/Pk  - 4862U,3M (Solventum),34,2008.91,16.0,1576.32,432.5900000000001,True,False,False,True
48779,3M: Vitrebond Plus Light Cure Glass Ionomer Liner/Base Refill : 3M: Vitrebond Plus Light Cure Glass Ionomer Liner/Base Refill Single Pack  - 7571,3M (Solventum),138,1520.08,5.0,949.01,571.0699999999999,True,True,False,True
48780,3M: Vitrebond Plus Light Cure Glass Ionomer Liner/Base Refill : 3M: Vitrebond Plus Light Cure Glass Ionomer Liner/Base Refill Double Pack  - 7572,3M (Solventum),138,9654.04,18.0,6428.370000000001,3225.6699999999996,True,True,False,True
48833,3M: Impression Material Imprint 3 Quick Step Wash Refill 4 - 50 ml Cartridges : 3M: Impression Material Imprint 3 Quick Step Wash Refill 4 - 50 ml Cartridges Heavy Body  - 10971,3M (Solventum),57,1434.93,8.0,1175.26,259.6700000000001,True,False,False,True
48837,3M: Impression Material Imprint 3 Refill 4 - 50 ml Cartridges : 3M: Impression Material Imprint 3 Refill 4 - 50 ml Cartridges Heavy Body  - 10771,3M (Solventum),57,1132.16,8.0,1173.92,-41.75999999999999,True,False,False,True
48859,3M: Impresssion Material Imprint 4 Cartridge Refill : 3M: Impresssion Material Imprint 4 Cartridge Refill Light Body  - 71488,3M (Solventum),57,1318.05,10.0,1332.45,-14.399999999999977,True,False,False,True
48863,3M: Polishing/Contour Disc Sof-Lex 1/2 85/Pk : 3M: Polishing/Contour Disc Sof-Lex 1/2 85/Pk Coarse Standard  - 1982C,3M (Solventum),42,3204.75,31.0,2523.86,680.8899999999999,True,True,False,True
48867,3M: Polishing/Contour Disc Sof-Lex 1/2 85/Pk : 3M: Polishing/Contour Disc Sof-Lex 1/2 85/Pk Coarse X-Thin  - 2382C,3M (Solventum),42,13547.609999999999,143.0,10491.18,3056.4299999999994,True,True,True,True
48868,3M: Polishing/Contour Disc Sof-Lex 1/2 85/Pk : 3M: Polishing/Contour Disc Sof-Lex 1/2 85/Pk Fine X-Thin  - 2382F,3M (Solventum),42,4311.08,46.0,3426.13,884.9499999999997,True,True,True,True
48869,3M: Polishing/Contour Disc Sof-Lex 1/2 85/Pk : 3M: Polishing/Contour Disc Sof-Lex 1/2 85/Pk Medium X-Thin  - 2382M,3M (Solventum),42,5320.42,56.0,4092.6600000000003,1227.7599999999998,True,True,True,True
48870,3M: Polishing/Contour Disc Sof-Lex 1/2 85/Pk : 3M: Polishing/Contour Disc Sof-Lex 1/2 85/Pk Super Fine X-Thin  - 2382SF,3M (Solventum),42,3185.7999999999997,35.0,2607.73,578.0699999999997,True,True,False,True
48871,3M: Polishing/Contour Disc Sof-Lex 3/8 85/Pk : 3M: Polishing/Contour Disc Sof-Lex 3/8 85/Pk Coarse Standard  - 1981C,3M (Solventum),42,3811.39,34.0,2699.4300000000003,1111.96,True,True,False,True
48873,3M: Polishing/Contour Disc Sof-Lex 3/8 85/Pk : 3M: Polishing/Contour Disc Sof-Lex 3/8 85/Pk Medium Standard  - 1981M,3M (Solventum),42,1402.31,13.0,1062.34,339.96999999999997,True,False,False,True
48875,3M: Polishing/Contour Disc Sof-Lex 3/8 X-Thin 85/Pk : 3M: Polishing/Contour Disc Sof-Lex 3/8 X-Thin 85/Pk Coarse Dark Orange X-Thin  - 2381C,3M (Solventum),42,3969.2799999999997,45.0,3325.0600000000004,644.2199999999998,True,True,True,True
48876,3M: Polishing/Contour Disc Sof-Lex 3/8 X-Thin 85/Pk : 3M: Polishing/Contour Disc Sof-Lex 3/8 X-Thin 85/Pk Fine Light Orange X-Thin  - 2381F,3M (Solventum),42,1826.95,22.0,1636.8000000000002,190.1499999999999,True,False,False,True
48877,3M: Polishing/Contour Disc Sof-Lex 3/8 X-Thin 85/Pk : 3M: Sof-Lex Medium Orange 3/8 Disc 85/Pk - 2381M,3M (Solventum),42,2018.44,21.0,1562.4,456.03999999999985,True,False,False,True
48879,3M: Refill Cement Resin Univ Automix 3.4G : 3M: Refill Cement Resin Univ Automix 3.4G Translucent  - 56971,3M (Solventum),44,1667.74,6.0,1071.6,596.14,True,True,False,True
48880,3M: Refill Cement Resin Univ Automix 3.4G : 3M: Refill Cement Resin Univ Automix 3.4G A1  - 56972,3M (Solventum),44,1155.96,4.0,386.96999999999997,768.99,True,True,False,True
48885,3M: Relyx Universal Automix Resin Cement : 3M: Relyx Universal Automix Resin Cement Translucent Value Pack  - 56977,3M (Solventum),44,2689.54,4.0,2281.16,408.38,True,False,False,True
49143,3M: Filtek One Bulk Fill Restorative Refill : 3M: Filtek One Bulk Fill Restorative Refill A1 0.2 g Capsule 20/Pk  - 4867A1,3M (Solventum),34,3401.7700000000004,23.0,2240.8900000000003,1160.88,True,True,False,True
49144,3M: Filtek One Bulk Fill Restorative Refill : 3M: Filtek One Bulk Fill Restorative Refill A2 0.2 g Capsule 20/Pk  - 4867A2,3M (Solventum),34,29762.38,229.0,22311.47,7450.910000000001,True,True,True,True
49145,3M: Filtek One Bulk Fill Restorative Refill : 3M: Filtek One Bulk Fill Restorative Refill A3 0.2 g Capsule 20/Pk  - 4867A3,3M (Solventum),34,10072.87,74.0,7209.66,2863.21,True,True,True,True
49146,3M: Filtek One Bulk Fill Restorative Refill : 3M: Filtek One Bulk Fill Restorative Refill B1 0.2 g Capsule 20/Pk  - 4867B1,3M (Solventum),34,1159.92,8.0,779.44,380.48,True,False,False,True
49153,3M: Filtek Universal Restorative Refill : 3M: Filtek Universal Restorative Refill A1 0.2 g Capsule 20/Pk  - 6550A1,3M (Solventum),34,1214.91,9.0,970.5600000000001,244.35000000000005,True,False,False,True
49154,3M: Filtek Universal Restorative Refill : 3M: Filtek Universal Restorative Refill A2 0.2 g Capsule 20/Pk  - 6550A2,3M (Solventum),34,6585.96,44.0,4766.5599999999995,1819.4000000000005,True,True,True,True
49155,3M: Filtek Universal Restorative Refill : 3M: Filtek Universal Restorative Refill A3 0.2 g Capsule 20/Pk  - 6550A3,3M (Solventum),34,2294.83,17.0,1833.28,461.5500000000001,True,False,False,True
49172,3M: Cavit Temporary Filling Material Refill 28 g : 3M: Cavit Temporary Filling Material Refill 28 g Gray - 44313,3M (Solventum),43,2095.05,43.0,1458.7,636.35,True,True,True,True
49175,3M: Temporary Material Protemp Plus Refill 67 g Cartridge 16 Tips : 3M: Temporary Material Protemp Plus Refill 67 g Cartridge 16 Tips A3  - 46958,3M (Solventum),43,4166.4400000000005,14.0,2958.23,1208.21,True,True,False,True
49177,3M: Temporary Material Protemp Plus Refill 67 g Cartridge 16 Tips : 3M: Temporary Material Protemp Plus Refill 67 g Cartridge 16 Tips A2  - 46963,3M (Solventum),43,5071.450000000001,21.0,4211.0,860.4499999999999,True,True,False,True
49356,3M: RelyX Veneer Cement : 3M: RelyX Veneer Cement Intro Kit  - 8716,3M (Solventum),44,1101.99,1.0,834.93,267.06000000000006,True,False,False,True
49374,3M: Astringent Retraction Paste 0.3 g Refill : 3M: Astringent Retraction Paste 0.3 g Refill 100/Pk  - 56945,3M (Solventum),60,1245.66,3.0,1024.08,221.57999999999998,True,False,False,True
49375,3M: Garant Dispenser Plastic : 3M: Garant Dispenser Plastic 1:1/2:1 - 77580,3M (Solventum),58,1274.56,6.0,1310.6399999999999,-36.08000000000004,True,False,False,True
49383,3M: Sof-Lex Finishing Strips Refill 7 in x 5/32 in (177.8 mm x 4 mm) : 3M: Sof-Lex Finishing Strips Refill 7 in x 5/32 in (177.8 mm x 4 mm) Coarse/Medium  - 1954,3M (Solventum),42,2241.4,32.0,1709.29,532.1099999999999,True,True,False,True
49399,3M: Mandrels Refill 3 Mandrels : 3M: Mandrels Refill 3 Mandrels RA  - 1983RA,3M (Solventum),42,1100.79,21.0,893.55,207.24000000000007,True,False,False,True
49518,3M: Polishing/Contour Disc Sof-Lex Right Angle : 3M: Polishing/Contour Disc Sof-Lex Right Angle X-Thin Kit - 2380,3M (Solventum),42,1320.3,6.0,1146.6,173.70000000000007,True,False,False,True
49624,3M: Paradigm DeepCure Curing Light LED Ea  - 76974,3M (Solventum),102,2378.37,3.0,2425.71,-47.34000000000026,True,False,False,True
50413,Ansell: MICROFLEX C52X NEOGARD SIZE (XS -XL) : Ansell: MICROFLEX C52X NEOGARD SIZE L (8.5-9.0) - C523,Ansell,62,2068.0,60.0,887.4300000000001,1180.57,True,True,True,True
50414,Ansell: MICROFLEX C52X NEOGARD SIZE (XS -XL) : Ansell: MICROFLEX C52X NEOGARD SIZE M (7.5-8.0) - C522,Ansell,62,1108.52,28.0,146.6,961.92,True,True,False,True
50415,Ansell: MICROFLEX C52X NEOGARD SIZE (XS -XL) : Ansell: MICROFLEX C52X NEOGARD SIZE S (6.5-7.0) - C521,Ansell,62,3934.6,120.0,1480.3,2454.2999999999997,True,True,True,True
51047,Ansell: MICRO-TOUCH Dermaclean (XS - XL) - New : Ansell: MICRO-TOUCH Dermaclean Size M - 3182-1 - New,Ansell,62,1196.37,75.0,998.0,198.3699999999999,True,False,True,True
51048,Ansell: MICRO-TOUCH Dermaclean (XS - XL) - New : Ansell: MICRO-TOUCH Dermaclean Size S - 3181-1 - New,Ansell,62,607.68,40.0,516.6,91.07999999999994,False,False,True,True
51069,Ansell: MICROFLEX Ultraform UF-524 (XS - XL) 300/Box - New : Ansell: MICROFLEX UF-524 ULTRAFORM SIZE L (8.5-9.0) 300/Box - UF-524-L - New,Ansell,62,6439.38,382.0,8264.78,-1825.4,True,False,True,True
51070,Ansell: MICROFLEX Ultraform UF-524 (XS - XL) 300/Box - New : Ansell: MICROFLEX UF-524 ULTRAFORM SIZE M (7.5-8.0) 300/Box - UF-524-M - New,Ansell,62,30745.760000000002,1663.0,33766.200000000004,-3020.4400000000005,True,False,True,True
51071,Ansell: MICROFLEX Ultraform UF-524 (XS - XL) 300/Box - New : Ansell: MICROFLEX UF-524 ULTRAFORM SIZE S (6.5-7.0) 300/Box - UF-524-S - New,Ansell,62,23778.71,1473.0,30091.600000000002,-6312.890000000001,True,False,True,True
51072,Ansell: MICROFLEX Ultraform UF-524 (XS - XL) 300/Box - New : Ansell: MICROFLEX UF-524 ULTRAFORM SIZE XL (9.5-10.0) 250/Box - UF-524-XL - New,Ansell,62,1163.64,59.0,1293.12,-129.48,True,False,True,True
51073,Ansell: MICROFLEX Ultraform UF-524 (XS - XL) 300/Box - New : Ansell: MICROFLEX UF-524 ULTRAFORM SIZE XS (5.5-6.0) 300/Box - UF-524-XS - New,Ansell,62,1417.63,72.0,1574.68,-157.05,True,False,True,True
51075,Ansell: MICROFLEX Ultraform UF-524 (XSS-ML) Half Sizes 300/Box - New : Ansell: MICROFLEX UF-524 ULTRAFORM SIZE M/L (8.5) 300/Box - UF-524-ML - New,Ansell,62,2905.12,92.0,2082.27,822.8499999999998,True,True,True,True
51076,Ansell: MICROFLEX Ultraform UF-524 (XSS-ML) Half Sizes 300/Box - New : Ansell: MICROFLEX UF-524 ULTRAFORM SIZE S/M (7.5) 300/Box - UF-524-SM - New,Ansell,62,6056.95,293.0,6563.67,-506.72,True,False,True,True
51183,"Zimmer: Puros Cancellous Particles, 0.5cc, 250-1000 - 68210",Zimmer Biomet,108,3640.0,20.0,0.0,3640.0,True,True,False,True
51229,3M: Attest Super Rapid Readout Biological Indicator 24-Minutes 50/Box - 1492V,3M (Solventum),67,79776.44,289.0,69957.22,9819.22,True,True,True,True
51230,3M: Attest Super Rapid Indicator Biological Indicator 50/Bx Ea - 1491,3M (Solventum),67,1911.77,5.0,1728.75,183.02000000000004,True,False,False,True
51253,3M: Comply Label Applicator - 1256B,3M (Solventum),67,1090.64,4.0,1055.52,35.12000000000012,True,False,False,True
51255,3M: Filtek P60 Syringe 1 - 4G/Pkg Composite : 3M: Filtek P60 Syringe A3 1 - 4G/Pkg Composite - 4720A3,3M (Solventum),34,1519.92,8.0,1188.16,331.76000000000005,True,False,False,True
51260,3M: Comply Integrators Sterigage Class 5 Refill : 3M: Comply Integrators Sterigage Class 5 Refill 500/Pk - 1243A,3M (Solventum),67,4392.400000000001,36.0,3391.56,1000.8400000000004,True,True,False,True
51263,3M: Attest Rapid Readout Indicators Readout 50/Box : 3M: Attest Rapid Readout Indicators 3 Hour Readout 50/Box - 1292,3M (Solventum),67,3465.36,15.0,2879.25,586.1100000000001,True,True,False,True
51265,3M: Comply Load Label Sterilization 12 Rolls/Bx : 3M: Comply Load Label Sterilization Blue 12 Rolls/Bx - 1269B,3M (Solventum),67,1425.95,6.0,1058.4,367.55,True,False,False,True
51266,3M: Comply Load Label Sterilization 12 Rolls/Bx : 3M: Comply Load Label Sterilization Black 12 Rolls/Bx - 1269BL,3M (Solventum),67,1124.96,5.0,549.92,575.0400000000001,True,True,False,True
53781,3M: Attest Mini Auto-Reader Charcoal/White 1/Pack - 490M,3M (Solventum),67,1569.85,2.0,696.65,873.2,True,True,False,True
53802,3M: Autoclave Tape Lead Free 18mm X 55m Roll 1322-18MM Ea - 1322-18MM,3M (Solventum),67,410.15999999999997,68.0,282.2,127.96,False,False,True,True
53804,3M: Rely X Fiber Post 3D Refill 10/Pk - 56949,3M (Solventum),53,2453.06,13.0,2092.48,360.58000000000004,True,False,False,True
54160,Mark 3: BIOFLOW Waterline Cleaner Tablets 60/bx - 7680,MARK3,67,2591.4,60.0,1814.62,776.7800000000001,True,True,True,True
54357,Dentsply : SmartLite Pro EndoActivator small Tips 25/pk- 644435,Dentsply Sirona,99,761.9300000000001,8.0,261.22,500.71,False,True,False,True
54371,Kuraray: CLEARFIL SE Bond 2 - Bond (5ml)  - Each   - 3281KA,Kuraray,37,1631.76,8.0,1355.69,276.06999999999994,True,False,False,True
54377,Mani: K-Files 6/Pk 25mm 6 - MN0625K,Endo Tech,46,781.85,87.0,257.85,524.0,False,True,True,True
54378,Mani: K-Files 6/Pk 25mm 8 - MN0825K,Endo Tech,46,420.57000000000005,43.0,127.25999999999999,293.31,False,False,True,True
54379,Mani: K-Files 6/Pk 25mm 10 - MN1025K,Endo Tech,46,524.52,58.0,171.6,352.92,False,False,True,True
54391,Endo Tech: Munce Discovery Bur #2 31mm 6/pk - CJ2S6,Endo Tech,90,1199.92,8.0,943.35,256.57000000000005,True,False,False,True
54400,"BioHorizons: Cortical & Cancellous Chips, 2.5cc - MIN-C2.5",BioHorizons,128,558.0,2.0,0.0,558.0,False,True,False,True
54454,Plasdent: Floss Waxssii Flossii Nylon Mint w/ Dispenser 200 Yards/Roll Ea - 2800B,Plasdent,78,316.27,58.0,153.62,162.64999999999998,False,False,True,True
54543,"Straumann: BLC IMPLANT, Ø 5.5MM WB, SLACTIVE® 10MM, ROXOLID® - 035.9710S",Straumann,128,584.0,1.0,0.0,584.0,False,True,False,True
54547,"Straumann: TLC SP IMPLANT, Ø 5.5MM WT, SLACTIVE® 10MM, ROXOLID® - 035.7710S",Straumann,128,584.0,1.0,0.0,584.0,False,True,False,True
54562,Dentsply: Cavitron Steri-Mate 360 Ultrasonic Scaler Handpiece Ea - 8183201,Dentsply Sirona,102,1590.0,4.0,1780.0,-190.0,True,False,False,True
54810,Septodont: Septoject Evolution Needles 30g Short 100/Bx - 01N1630,Septodont,28,867.72,35.0,0.0,867.72,False,True,False,True
54830,NOT AVAILABLE Baxter: Saline Sodium Chloride 0.9% Bottle 500ml Ea - JF7633P,Baxter,156,692.95,55.0,260.76,432.19,False,False,True,True
54831,(Inactive - OLD CODE) Baxter: Saline Sodium Chloride 0.9% Bottle 1000ml  Ea - JF7634,Baxter,156,1664.54,138.0,497.83000000000004,1166.71,True,True,True,True
54861,"3M: Comply Sterilization Load Labels ""Sterilized"" Red 5/8 in x 1-1/8in 12/Bx - 1269R",3M (Solventum),67,1113.24,5.0,679.03,434.21000000000004,True,False,False,True
54865,Oral B: Crest GUM & Sensitivity Toothpaste 20 mL 36/Ca -5610008130,Oral-B,119,3184.08,92.0,1978.42,1205.66,True,True,True,True
54893,3M: Filtek Easy Match Universal Restorative 0.2 g Capsule Ea - 6110MA : 3M: Filtek Easy Match Universal Restorative 0.2 g Bright Capsule 20/Pk - 6110B,3M (Solventum),34,11275.29,93.0,10029.12,1246.1699999999998,True,True,True,True
54895,3M: Filtek Easy Match Universal Restorative 0.2 g Capsule Ea - 6110MA : 3M: Filtek Easy Match Universal Restorative 0.2 g Natural Capsule 20/Pk - 6110N,3M (Solventum),34,34573.76,231.0,24911.04,9662.720000000001,True,True,True,True
54896,3M: Filtek Easy Match Universal Restorative 0.2 g Capsule Ea - 6110MA : 3M: Filtek Easy Match Universal Restorative 0.2 g Warm Capsule 20/Pk - 6110W,3M (Solventum),34,6198.610000000001,75.0,8088.0,-1889.3899999999999,True,False,True,True
54901,3M: Filtek Easy Match Universal Restorative 4g Syringe Ea - 6120MA : 3M: Filtek Easy Match Universal Restorative 4g Bright Syringe Ea - 6120B,3M (Solventum),34,1189.93,7.0,754.8800000000001,435.05,True,False,False,True
54906,Bisco: All-Bond Universal 6ml Bottle Ea- B7202P,Bisco,37,3269.8500000000004,15.0,1876.6,1393.25,True,True,False,True
54908,SDI: Pola Night Tooth Whitening 1.3 Gm Mini Kit 16% Carbamide Peroxide Spearmint Bx - 7700176,SDI,127,1439.55,57.0,1310.04,129.51,True,False,True,True
54915,Sultan: Purevac SC Cleaner Evacuation System 5 Liter 5L/Bottle-21135,Sultan Healthcare,36,2016.94,11.0,1488.0,528.94,True,True,False,True
54935,"Verify: Steam Indicator Strip Class V Bx- PCC0MA : Verify: Steam Indicator Strip Class V 2"" 500/bx - PCC067",STERIS,67,9957.46,111.0,5744.61,4212.85,True,True,True,True
54937,"Verify: Steam Indicator Strip Class V Bx- PCC0MA : Verify: Steam Indicator Strip Class V 4"" 250/bx - PCC064",STERIS,67,2922.94,71.0,2008.18,914.76,True,True,True,True
54946,Miltex: Heliplug Collagen Wound Dressing 10/Bx - 62-202,Miltex,14,1689.95,8.0,1241.76,448.19000000000005,True,False,False,True
54947,Germiphene: Gobble Plus Cleaner 10L Ea - GOB-AS-TP,Germiphene,115,3401.91,9.0,1935.92,1465.99,True,True,False,True
54952,Dentsply Sirona : OSSIX Bone 5*10*10 (0.5 cc) - 32310011,Dentsply Sirona,67,1299.95,5.0,1650.0,-350.04999999999995,True,False,False,True
54966,Pulpdent: Activa BioACTIVE Restorative Value Kit A2 Ea- VR2A2,Pulpdent,34,2531.61,8.0,1851.56,680.0500000000001,True,True,False,True
55012,3M: Clinpro Clear Fluoride Treatment UD 2.1% Sodium Fluoride 0.5ml 100/Pk - 7110MA : 3M: Clinpro Clear Fluoride Treatment UD 2.1% Sodium Fluoride 0.5ml Mint 100/Pk - 7110M,3M (Solventum),79,20290.97,79.0,16302.0,3988.9700000000003,True,True,True,True
55013,3M: Clinpro Clear Fluoride Treatment UD 2.1% Sodium Fluoride 0.5ml 100/Pk - 7110MA : 3M: Clinpro Clear Fluoride Treatment UD 2.1% Sodium Fluoride 0.5ml Unflavoured 100/Pk - 7110FF,3M (Solventum),79,13050.58,48.0,10296.0,2754.5800000000004,True,True,True,True
55014,3M: Clinpro Clear Fluoride Treatment UD 2.1% Sodium Fluoride 0.5ml 100/Pk - 7110MA : 3M: Clinpro Clear Fluoride Treatment UD 2.1% Sodium Fluoride 0.5ml Watermelon 100/Pk - 7110W,3M (Solventum),79,23118.78,87.0,18674.38,4444.400000000001,True,True,True,True
55019,3M: Clinpro Clear Fluoride Treatment UD 2.1% Sodium Fluoride 0.5ml 50/Pk - 7100MA : 3M: Clinpro Clear Fluoride Treatment UD 2.1% Sodium Fluoride 0.5ml Mint 50/Pk - 7100M,3M (Solventum),79,5614.98,44.0,4719.0,895.98,True,True,True,True
55020,3M: Clinpro Clear Fluoride Treatment UD 2.1% Sodium Fluoride 0.5ml 50/Pk - 7100MA : 3M: Clinpro Clear Fluoride Treatment UD 2.1% Sodium Fluoride 0.5ml Unflavoured 50/Pk - 7100FF,3M (Solventum),79,4155.52,32.0,3432.0,723.5200000000001,True,True,False,True
55021,3M: Clinpro Clear Fluoride Treatment UD 2.1% Sodium Fluoride 0.5ml 50/Pk - 7100MA : 3M: Clinpro Clear Fluoride Treatment UD 2.1% Sodium Fluoride 0.5ml Watermelon 50/Pk - 7100W,3M (Solventum),79,3879.36,30.0,3264.68,614.6800000000001,True,True,False,True
55037,EdgeEndo: EdgeTaper Platinum Rotary File 25 mm Size Assorted 6/Pk - S1.3B0.00.SLA.EE,EdgeEndo,47,974.76,12.0,104.45,870.31,False,True,False,True
55053,"HSB: Autoclave Indicating Tape Ea - 1012MA : HSB: Autoclave Indicating Tape 1"" Ea - 101247",Henry Schein,67,513.28,72.0,289.93,223.35,False,False,True,True
55054,"HSB: Autoclave Indicating Tape Ea - 1012MA : HSB: Autoclave Indicating Tape 3/4"" Ea - 101246",Henry Schein,67,314.62,38.0,124.23,190.39000000000001,False,False,True,True
55074,"Osteogenics: CytoPlast PTFE Suture - 4-0, 18"", 3/8 Circle 16mm - CS0618RC",Osteogenics,111,894.98,6.0,212.4,682.58,False,True,False,True
55133,Young: Pro-Matrix Straight Matrix Band Wide 6 mm 50/Bx - 19005,Young Dental,32,1096.8,12.0,1054.57,42.23000000000001,True,False,False,True
55173,Whaledent: FlexiDam Non-Latex 6x6 Purple Med 30/BX - H09945,Coltene,49,1560.72,24.0,1082.44,478.28,True,True,False,True
55184,Defend: Temporary Crown and Bridge Material A2 76g Ea - CB-9001,Mydent International,61,1119.93,7.0,616.06,503.87000000000006,True,True,False,True
55193,Oral-B: Crest Glide Floss 4m Cool Mint (3077213729) 72/Pk - 3700014302,Procter & Gamble,78,2003.6,40.0,1509.1899999999998,494.4100000000001,True,True,True,True
55217,Oral-B: Crest Satin Floss 9.2 Met 10yd (6830564126) 144/box - 84860306,Procter & Gamble,78,8259.19,85.0,5965.39,2293.7999999999997,True,True,True,True
55241,Tokuyama: Estelite Sigma Quick PLT Composite Refill 0.2g x 20/Bx - 133MAA : Tokuyama: Estelite Sigma Quick PLT Composite A2 Refill 0.2g x 20/Bx - 13311,Tokuyama,34,1139.94,6.0,0.0,1139.94,True,True,False,True
55347,Kuraray: CLEARFIL Universal Bond Quick 2 Bottle Refill - 5ml - Each   - 4042KA,Kuraray,37,2774.92,12.0,2035.25,739.6700000000001,True,True,False,True
55396,"BioHorizons: Tapered Pro Conical Implant, Ø4.2 x 10.5mm, Laser-Lok and RBT, Regular - CTA4210",BioHorizons,128,2677.99,6.0,308.85,2369.14,True,True,False,True
55407,Locin: EZ-Floss Flosser Mint 1200/BX - 61001-D,Locin Industries,78,1799.88,12.0,875.05,924.8300000000002,True,True,False,True
55431,"Zimmer: Puros Cancellous Particles, 1cc, 250-1000 - 68211",Zimmer Biomet,108,1275.0,5.0,0.0,1275.0,True,True,False,True
55450,Synca: Advanced Fiber 0.5 Posts 10/Pk - 6052A,Synca,53,779.98,2.0,276.0,503.98,False,True,False,True
55551,W&H: Sterilizer LEXA MN-111 w/TP316 Data Logger 220V - 19943101,W&H,112,7500.0,1.0,0.0,7500.0,True,True,False,True
55565,Nobel Biocare: NobelParallel Conical Connection TiUltra RP 4.3 x 15 mm Ea - 300307,Nobel Biocare,128,1350.0,2.0,0.0,1350.0,True,True,False,True
55654,3M: Comply Indicator Tape 24mm X 55mm Lead-Free EA - 1322-24MM,3M (Solventum),67,1012.03,158.0,785.26,226.77,False,False,True,True
55660,Oral-B: Crest Healthy Gums Glide Floss 160m Vial Dispenser Ea - 3077213727,Oral-B,78,2231.31,147.0,1446.98,784.33,True,True,True,True
55686,"BioHorizons: 3.0mm Healing Abutment, 3mm Height Ea - TP3HA3",BioHorizons,128,1050.0,14.0,480.0,570.0,True,True,False,True
55820,Germiphene: GermiCide 3 Wipes Unscented Refill Pouch 160/pkg - GERMI-3-SW-R-UN,Germiphene,36,4630.389999999999,271.0,3780.45,849.9399999999999,True,True,True,True
55913,"Straumann: RC Temporary Abutment, Crown, Ø 4.5mm, H 11mm, Tan Ea - 024.4371",Straumann,128,904.0,8.0,0.0,904.0,False,True,False,True
55914,Dentsply: Cavitron H/P Steri-Mate Black Single Pack - 78688,Dentsply Sirona,102,2579.9700000000003,8.0,2293.17,286.79999999999995,True,False,False,True
55930,Carestream: Sensor RVG 6200 Size 2 Ea - 5310727,Carestream Dental,147,8920.0,1.0,0.0,8920.0,True,True,False,True
55932,Dentsply: Prime & Bond Active Adhesive Agent LC Bottle 4ml Ea - 60667341,Dentsply Sirona,37,659.97,3.0,119.23,540.74,False,True,False,True
55939,"BioHorizons: 3.8mm x 10.5mm Tapered Pro Implant, Laser-Lok, RBT Ea - BTA3810",BioHorizons,128,878.0,2.0,0.0,878.0,False,True,False,True
56009,Oral-B: Floss Threader 30 Envelopes of 5 No Flavor 150/Bx - 0041011312,Oral-B,78,3155.5499999999997,45.0,2530.3,625.2499999999998,True,True,True,True
56280,OsteoGen: Bone Grafts Plug Large (20mmx10MM) 10/Pk - OPL1020-10,OsteoGen,108,2100.0,2.0,1627.33,472.6700000000001,True,True,False,True
56299,Oral-B: Crest Oral-B iO Power Electric Toothbrush Value Bag 3/Ca - 6905514121,Oral-B,84,5731.6900000000005,15.0,4470.0,1261.6900000000003,True,True,False,True
56333,Medicom: SafeMatrix Contour Single Use Contoured Matrix Bands Wide 6mm - Orange - 50/Pack  - 30055,Medicom,32,4368.6,45.0,3395.96,972.6400000000001,True,True,True,True
56347,Scican: OPTIM OS1 Wipes 160/ Can - SCI-OS1CA-W12-CAN,SciCan,36,785.74,50.0,525.5,260.24,False,False,True,True
56385,Dentsply Sirona: Reciproc Blue Reciprocating File R25|21mm 3/Pk - TSTRCBP321025,Dentsply Sirona,46,4551.8,55.0,2998.24,1553.5600000000004,True,True,True,True
56386,Dentsply Sirona: Reciproc Blue Reciprocating File R25|25mm 3/Pk - TSTRCBP325025,Dentsply Sirona,46,4551.8,55.0,2964.92,1586.88,True,True,True,True
56387,Dentsply Sirona: Reciproc Blue Reciprocating File R25|31mm 3/Pk - TSTRCBP331025,Dentsply Sirona,46,1241.4,15.0,376.53,864.8700000000001,True,True,False,True
56426,Hiossen: OssMem Hard Collagen Membrane 15x20mm - OCMH1520,Hiossen,108,903.0,6.0,0.0,903.0,False,True,False,True
56464,3M: RelyX Fiber Post 3D Refill Size 2 Red 10/pkg - 56950,3M (Solventum),53,1258.8,7.0,1126.72,132.07999999999998,True,False,False,True
56469,CeraRoot: CeraRoot16 10mm x4. 8x6. 5x8.0mm Implant Ea - 160.010,CeraRoot,128,2700.0,3.0,2311.85,388.1500000000001,True,False,False,True
56514,3M: Scotchbond Universal Plus Adhesive 5ml Vial Refill 3/Pk - 41295,3M (Solventum),56,16013.74,40.0,15474.08,539.6600000000005,True,True,True,True
56532,"J&J: Vicryl Suture 4-0 Polyglactin 910 FS-2 Violet 27"" 36/Bx - VCP397H",Johnson & Johnson,111,1137.96,4.0,924.88,213.08000000000004,True,False,False,True
56535,Align: iTero Element 5D Disposable Scanners Sleeves 25/Bx - 221963,Align Technology,64,1559.8700000000001,13.0,1212.0,347.8700000000001,True,False,False,True
56563,Sable: Access K4 Non-Optic Mini Head - 2000028,Sable Industries,102,1139.98,4.0,1020.0,119.98000000000002,True,False,False,True
56595,J&J: Vicryl Suture 4-0 Polyglactin 18in Suture 12/Bx -VCP464G,Johnson & Johnson,111,593.97,3.0,115.81,478.16,False,True,False,True
56671,"BioHorizons: Tapered Internal Implant, 3.0 x 10.5mm, Mountless, RBT+Laser-Lok Ea - TLX3409",BioHorizons,128,2195.0,5.0,0.0,2195.0,True,True,False,True
56944,Geistlich: Mucograft Collagen Tissue 15x20mm Ea - 50-1520,Geistlich,108,2615.7,6.0,0.0,2615.7,True,True,False,True
56947,BD: Catheter D-Port 22Gx1in NEXIVA 20/Bx - BD383532,BD,156,1439.92,8.0,769.1999999999999,670.7200000000001,True,True,False,True
57091,First Choice: Triangular Small Wooden Wedges 500/Pk - FST-3712,First Choice,17,1561.71,29.0,986.87,574.84,True,True,False,True
57105,Woodpecker: i-Sensor H2 Ea - WH2,Woodpecker,87,5999.9,2.0,3500.0,2499.8999999999996,True,True,False,True
57226,Sable: Sable Rotamax K6-Torque Head - 2000031,Sable Industries,99,4083.94,7.0,2472.0,1611.94,True,True,False,True
57249,Philips: DA Lamp ZME3000 LED Accel MED DV Ea - 881024201520,Philips,103,1899.0,1.0,1649.99,249.01,True,False,False,True
57272,BioHorizons: Striate+ 15x20mm Ea - OCG-152,BioHorizons,108,555.0,3.0,0.0,555.0,False,True,False,True
57275,"BioHorizons: 5.2mm x 9mm Tapered Pro Implant, Laser-Lok, RBT Ea - BTA5209",BioHorizons,128,878.0,2.0,0.0,878.0,False,True,False,True
57285,Maxill nes EARTH AF 300 Powder Free Nitrile - Medium - 51472,Maxill,62,521.4,20.0,0.0,521.4,False,True,False,True
57336,Abutment Direct: Novaloc Processing Package Overdenture Titanium Ea - 2010.601,Abutment Direct,128,2100.0,20.0,1900.0,200.0,True,False,False,True
57338,"Straumann: BLC IMPLANT, Ø 3.3MM RB, SLACTIVE® 14MM, ROXOLID - 035.9014S",Straumann,128,1168.0,2.0,723.54,444.46000000000004,True,False,False,True
57346,Dentsply: Densfil Obturators 25 mm Size 20 Plastic Yellow 30/Pk - 669249,Dentsply Sirona,6,1259.98,2.0,850.0,409.98,True,False,False,True
57493,(Old Do Not Use) Medicom: AssureTouch Lite Violet Blue Lightweight Nitrile PF Gloves 300/Bx - 9930-MA : (Old Do Not Use) Medicom: AssureTouch Lite Violet Blue Lightweight Nitrile PF Gloves 300/Bx - 9930-MA : Medicom: AssureTouch Lite Violet Blue Lightweight Nitrile PF Medium Gloves 300/Bx - 9930-C,Medicom,62,0.0,79.0,1473.35,-1473.35,False,False,True,True
57517,Air Techniques: VacStar Wet Dental Vacuum Systems 40 Ea - VS40,Air Techniques,7,5200.0,1.0,4500.0,700.0,True,True,False,True
58064,"Straumann: BLC Implant, Ø 3.75mm RB, SLActive® 10mm, Roxolid® Ea - 035.9210S",Straumann,128,1752.0,3.0,1117.35,634.6500000000001,True,True,False,True
58091,ZimVie: Puros Ci Particulate Allograft - 69801,ZimVie,128,834.0,3.0,0.0,834.0,False,True,False,True
58170,"Kulzer: Flexitime Easy Putty Refill, Handmix - 1x 300mL Base + 1x 300mL Catalyst  - 50034802",Kulzer,57,2143.15,9.0,1555.05,588.1,True,True,False,True
58567,Kulzer: Venus Pearl PLT Refill A3 - 20x 0.2g  - 66048143,Kulzer,34,5652.11,30.0,3377.6800000000003,2274.43,True,True,False,True
58779,Kulzer: Gluma Desensitizer Refill - 1x 5mL Bottle  - 65872354,Kulzer,132,11032.74,56.0,9302.73,1730.0099999999998,True,True,True,True
58780,Kulzer: Gluma Desensitizer Refill Value pack - 3x 5mL Bottles  - 66018221,Kulzer,132,9519.0,19.0,8361.56,1157.44,True,True,False,True
58781,Kulzer: Flexitime Correct Flow Cartridge Refill - 2x 50mL  - 50034806,Kulzer,57,2425.52,36.0,1893.08,532.4399999999998,True,True,False,True
58782,Kulzer: Flexitime Heavy Tray Cartridge Refill - 2x 50mL  - 50034804,Kulzer,57,6270.67,77.0,4312.67,1957.9999999999998,True,True,True,True
58789,Kulzer: Venus Diamond PLT Refill A2 - 20x 0.25g  - 66039009,Kulzer,34,2193.56,12.0,1809.0,384.5600000000001,True,False,False,True
58790,Kulzer: Venus Diamond PLT Refill A3 - 20x 0.25g  - 66039011,Kulzer,34,1135.3400000000001,6.0,923.8800000000001,211.45999999999998,True,False,False,True
58791,Kulzer: Venus Pearl PLT Refill A2 - 20x 0.2g  - 66048141,Kulzer,34,6775.0599999999995,35.0,3382.81,3392.25,True,True,False,True
58794,Kulzer: iBond Total Etch Refill - 1x 4mL Bottle  - 66040094,Kulzer,37,6128.09,26.0,5337.45,790.6400000000001,True,True,False,True
58796,Kulzer: iBond Universal Refill - 1x 4mL Bottle  - 66061411,Kulzer,37,1474.14,9.0,1314.93,159.21000000000004,True,False,False,True
58808,Kulzer: Venus White Pro Patient Refills 35% - 50x 1.2mL Syringes  - 40005465,Kulzer,127,1987.6,8.0,1726.72,260.87999999999994,True,False,False,True
58901,Owandy: OPTEO size #2 sensor - 9458100200,Owandy,7,5699.99,1.0,3175.86,2524.1299999999997,True,True,False,True
59132,Plasdent: Transparent Mixing Bowl Ea - 904MA : Plasdent: Transparent Mixing Bowl Dark Green Ea - 904MB-L,Plasdent,66,389.51,49.0,168.45,221.06,False,False,True,True
61566,Kuraray: CLEARFIL Photo Bond Kit - Each   - 070KA,Kuraray,37,2721.94,6.0,1872.5900000000001,849.3499999999999,True,True,False,True
61584,Kuraray: PANAVIA SA Cement Universal Automix (Translucent) - 8.2g/4.6ml - Each  - 4214KA,Kuraray,37,1126.51,5.0,847.72,278.7900000000001,True,False,False,True
61589,Kuraray: PANAVIA V5  Paste (Clear) - 8.1g/  4.6 ml - Each  - 3612KA,Kuraray,37,2225.08,9.0,1791.35,433.7300000000001,True,False,False,True
61600,BM: General Purpose Ultrasonic Cleaner Concentrate - 4L/Bottle  - BM-5000,BM Group,68,2830.16,71.0,1742.75,1087.41,True,True,True,True
61601,"BM: Tartar,Light Stain And Permanent Cement Remover - 4L/Bottle  - BM-5100",BM Group,68,3015.75,60.0,1721.51,1294.2400000000002,True,True,True,True
61605,BM: Evacuation System Cleaner - 4L/Bottle  - BM-6000,BM Group,115,16829.69,385.0,11978.06,4851.63,True,True,True,True
61607,BM: Isopropyl Alcohol 99%  - 4L/Bottle  - BM-4100,BM Group,36,1507.79,29.0,998.6800000000001,509.11,True,True,False,True
61610,BM: Activated 2% Glutaraldehyde Disinfectant - 4L/Bottle  - BM-28PLUS,BM Group,36,1784.64,36.0,1145.6,639.04,True,True,True,True
61735,Woodpecker: i-Sensor H1 Ea - WH1,Woodpecker,87,5199.95,2.0,3500.0,1699.9499999999998,True,True,False,True
61781,Metrex Caviwipes 2.0 Regular 160/cn - 11-1410,Metrex,36,988.4399999999999,60.0,802.0799999999999,186.35999999999999,False,False,True,True
61808,"Abutment Direct: Novaloc Abutment Straight - NobelReplace Conical CF - RP 4.3/5.0, G/H 1.0 Ea - CF 6010",Abutment Direct,128,1078.0,7.0,0.0,1078.0,True,True,False,True
61842,"Straumann: Bone Level Implant Ø 4.8mm RC, SLActive® 8mm, Roxolid® Loxim® Ea - 021.6308",Straumann,128,579.0,1.0,0.0,579.0,False,True,False,True
61880,4D: Isodam Non-Latex Dental Dam 6”x 6“  Medium Light Blue - 15/Pk - ISO01800615,Four D Rubber,49,2093.59,77.0,2083.81,9.78000000000003,True,False,True,True
61882,4D: Isodam Non-Latex Dental Dam 5”x 5” Economy Pack -  Medium Light Blue - 100/Pk - ISO01800510,Four D Rubber,49,1222.2800000000002,9.0,1003.29,218.99000000000007,True,False,False,True
61883,4D: Isodam Non-Latex Dental Dam 6”x 6“ Economy Pack -  Medium Light Blue - 75/Pk - ISO01800675,Four D Rubber,49,5445.84,41.0,4648.39,797.4500000000003,True,True,True,True
61993,Abutment Direct: Temporary Abutment NobelReplace Conical CF RP 4.3/5.0 Ea - CF 3510,Abutment Direct,128,496.0,8.0,0.0,496.0,False,True,False,True
62005,Henry Schein: Natural Elegance Universal Bonding Agent LC&DC / SC 5 mL Btl Ea - 90-00008-M,Henry Schein,37,1307.91,10.0,825.0,482.9100000000001,True,True,False,True
62144,Air Techniques: AirStar Dental Air Compressor 30 Ea - AS30,Air Techniques,7,18450.0,2.0,17500.0,950.0,True,True,False,True
62165,"Straumann: Bone Level Implant Ø 4.1mm RC, SLActive® 12mm, Roxolid® Loxim® Ea - 021.4312",Straumann,128,1737.0,3.0,0.0,1737.0,True,True,False,True
62180,SDI: Riva Light Cure Capsule A2 Refill 50/Pk - 8700002,SDI,138,514.99,1.0,0.0,514.99,False,True,False,True
62346,Zimvie: EXTERNAL HEX. EP PICK-UP IMPLANT IMPRESSION COPINGS -  iiC41,ZimVie,128,582.0,6.0,0.0,582.0,False,True,False,True
62348,"Woodpecker: Woodpecker ,LED Curing Light ,1/pk - O-Star",Woodpecker,99,1459.98,2.0,1160.0,299.98,True,False,False,True
62368,Sable: Rotamax K4 High Speed Handpiece Non Fiber Optic Ea - 2000029,Sable Industries,99,2099.96,5.0,1190.0,909.96,True,True,False,True
62373,Hiossen: OsteOss (FDBA) Cortical & Cancellous Bone Powder 1.0cc Ea - CCP100,Hiossen,108,469.0,3.0,0.0,469.0,False,True,False,True
62403,Aurelia: Blush Nitrile Gloves - Pink - X-Small - Powder Free - 200/Box - 78885,Aurelia,62,856.43,53.0,571.23,285.2,False,False,True,True
62405,Aurelia: Absolute 100 Nitrile Gloves - Black - Small - Powder Free - 100/Box - 9899A6,Aurelia,62,779.3000000000001,70.0,479.79,299.51,False,False,True,True
62406,Aurelia: Absolute 100 Nitrile Gloves - Black - Medium - Powder Free - 100/Box - 9899A7,Aurelia,62,870.59,81.0,519.45,351.14000000000004,False,False,True,True
62430,"Aurelia: Earloop Surgical Mask 3 ply, ASTM Level 3, Made in Canada - Blue - 50/Box - 2130",Aurelia,63,6833.2,1212.0,4858.74,1974.46,True,True,True,True
62431,"Aurelia: Earloop Surgical Mask 3 ply, ASTM Level 3, Made in Canada - Pink - 50/Box - 2132",Aurelia,63,524.74,203.0,924.3,-399.55999999999995,False,False,True,True
62432,"Aurelia: Earloop Surgical Mask 3 ply, ASTM Level 3, Made in Canada - Aqua - 50/Box - 2134",Aurelia,63,976.78,176.0,783.7,193.07999999999998,False,False,True,True
62435,"Aurelia: Premium Gauze Sponges 4 ply Non-Woven - White - 5000/Box 2""x2"" - 1322",Aurelia,76,7948.91,297.0,4442.16,3506.75,True,True,True,True
62436,"Aurelia: Premium Gauze Sponges 4 ply Non-Woven - White - 2000/Box 4""x4"" - 1344",Aurelia,76,1834.68,48.0,825.77,1008.9100000000001,True,True,True,True
62437,"Aurelia: Cotton Rolls Biodegradable - White - 2000/Box 1.5""x0.375"" - CR1538",Aurelia,73,713.49,40.0,467.02,246.46999999999997,False,False,True,True
62440,"Aurelia: Dental Bibs Disposable - 2 Ply Paper & 1 Ply Plastic - Sky blue - 17""x24"" - 500/Box - 2001",Aurelia,75,3985.67,149.0,2448.45,1537.22,True,True,True,True
62442,"Aurelia: Dental Bibs Disposable - 2 Ply Paper & 1 Ply Plastic - Lavender - 17""x24"" - 500/Box - 2003",Aurelia,75,2135.65,78.0,1236.25,899.4,True,True,True,True
62449,"Aurelia: Dental Bibs Disposable - 2 Ply Paper & 1 Ply Plastic - Capri blue - 17""x24"" - 500/Box - 2012",Aurelia,75,1029.08,41.0,780.0,249.07999999999998,False,False,True,True
62451,"Aurelia: Dental Headrest Cover - White - 10""x13"" - 500/Box - HR1013",Aurelia,64,1632.13,48.0,998.42,633.71,True,True,True,True
62466,"Aurelia: Self - Sealing Sterilization Pouches - Blue - 2.25""x4"" - 200/Box - SP22540",Aurelia,67,1810.2,499.0,1352.68,457.52000000000004,True,False,True,True
62467,"Aurelia: Self - Sealing Sterilization Pouches - Blue - 2.75""x9"" - 200/Box - SP27590",Aurelia,67,10674.61,1474.0,6749.29,3925.32,True,True,True,True
62468,"Aurelia: Self - Sealing Sterilization Pouches - Blue - 3.5""x5.25"" - 200/Box - SP35525",Aurelia,67,9368.6,1251.0,8101.04,1267.5600000000002,True,True,True,True
62469,"Aurelia: Self - Sealing Sterilization Pouches - Blue - 3.5""x9"" - 200/Box - SP35900",Aurelia,67,12542.6,1522.0,8407.14,4135.46,True,True,True,True
62470,"Aurelia: Self - Sealing Sterilization Pouches - Blue - 5.25""x6.5"" - 200/Box - SP52565",Aurelia,67,4288.0,590.0,2388.38,1899.6200000000001,True,True,True,True
62471,"Aurelia: Self - Sealing Sterilization Pouches - Blue - 5.25""x10"" - 200/Box - SP52510",Aurelia,67,12018.5,846.0,9223.68,2794.8199999999997,True,True,True,True
62472,"Aurelia: Self - Sealing Sterilization Pouches - Blue - 7""x13"" - 200/Box - SP71300",Aurelia,67,1664.91,113.0,824.2,840.71,True,True,True,True
62476,"Aurelia: CSR Sterilization Wraps - Blue - 12""x12"" - 1000/Box - SP1212",Aurelia,67,1657.94,36.0,1512.0,145.93999999999994,True,False,True,True
62477,"Aurelia: CSR Sterilization Wraps - Blue - 15""x15"" - 500/Box - SP1515",Aurelia,67,3861.1,74.0,2861.08,1000.0199999999999,True,True,True,True
62478,"Aurelia: CSR Sterilization Wraps - Blue - 18""x18"" - 500/Box - SP1818",Aurelia,67,1502.46,21.0,936.9200000000001,565.54,True,True,False,True
62479,"Aurelia: CSR Sterilization Wraps - Blue - 20""x20"" - 500/Box - SP2020",Aurelia,67,2241.38,26.0,1225.1,1016.28,True,True,False,True
62492,Aurelia: Sonic 100 Nitrile Gloves - Cobalt blue - Small - Powder Free - 100/Box - 9377B6,Aurelia,62,1307.6200000000001,150.0,678.0,629.62,True,True,True,True
62493,Aurelia: Sonic 100 Nitrile Gloves - Cobalt blue - Medium - Powder Free - 100/Box - 9377B7,Aurelia,62,604.6700000000001,81.0,400.2,204.47000000000003,False,False,True,True
62632,"Allpro: Prophy Cups, Screw, Ribbed, Aqua Unscented, Non-Latex - 1000/Pack - 101-S-1000",Allpro,83,8224.76,26.0,5505.34,2719.4200000000005,True,True,False,True
62643,"Allpro: Prophy Cups, Screw, 6 Web, Aqua Unscented, Non-Latex - 1000/Pack - 103-S-1000",Allpro,83,739.98,2.0,214.85,525.13,False,True,False,True
62671,"Allpro: Prophy Cups, Snap On, Ribbed & Web, Aqua Unscented, Non-Latex - 1000/Pack -302-S-1000",Allpro,83,4235.21,18.0,3035.29,1199.92,True,True,False,True
62689,"Allpro: Prophy Cups, Latch Mandrel, Ribbed & Web, Royal Blue, Non-Latex - 144/Pack - 402-B-144",Allpro,83,1634.83,17.0,748.38,886.45,True,True,False,True
62694,"Allpro: Prophy Cups, Latch Mandrel, Ribbed & Web, Aqua Unscented, Non-Latex - 1000/Pack - 402-S-1000",Allpro,83,3797.9300000000003,8.0,2716.6800000000003,1081.25,True,True,False,True
62695,"Allpro: Prophy Cups, Latch Mandrel, Ribbed & Web, Aqua Unscented, Non-Latex - 144/Pack - 402-S-144",Allpro,83,1290.84,17.0,925.16,365.68,True,False,False,True
62734,"Straumann: NT Temporary Abutment, for bridge, H 10.3mm, TAN a - 037.0001",Straumann,128,620.0,5.0,93.2,526.8,False,True,False,True
62763,GC G-CEM LinkForce Resin Composite Cement Translucent Refill Ea -  010121,GC America,138,691.98,2.0,0.0,691.98,False,True,False,True
62835,Hu-Friedy: Syringe Infinity A/W Clip for Single Cassette  - IM1005N,Hu-Friedy,130,1586.31,69.0,939.43,646.8800000000001,True,True,True,True
63985,Hu-Friedy: Cassette IMS Infinity 16 Instrument Blue  - IMN4168,Hu-Friedy,130,4319.88,12.0,2576.29,1743.59,True,True,False,True
63986,Hu-Friedy: Cassette IMS Infinity 16 Instrument Green  - IMN4169,Hu-Friedy,130,1439.96,4.0,858.78,581.1800000000001,True,True,False,True
64017,Hu-Friedy: Cassette IMS Infinity 10 Instrument Lavender  - IMN5106,Hu-Friedy,130,6357.780000000001,23.0,3848.0299999999997,2509.75,True,True,False,True
64027,Hu-Friedy: Cassette IMS Infinity 5 Instrument Yellow  - IMN6055,Hu-Friedy,130,6127.780000000001,31.0,3889.31,2238.4700000000003,True,True,False,True
64051,Hu-Friedy: Cassette IMS Infinity 12 Instrument Signa Stat Lavender  - IMN8126,Hu-Friedy,130,1415.96,4.0,857.9,558.0600000000001,True,True,False,True
64053,Hu-Friedy: Cassette IMS Infinity 12 Instrument Signa Stat Blue  - IMN8128,Hu-Friedy,130,1782.0,6.0,1279.79,502.21000000000004,True,True,False,True
64147,Hu-Friedy: IMS Cleaning Monitor Ultrasonic 50 pcs.  - IMS-1200U,Hu-Friedy,68,1389.93,7.0,494.40000000000003,895.5300000000001,True,True,False,True
64200,Hu-Friedy: Pliers #2 College Dressing  - DP2,Hu-Friedy,117,1814.65,35.0,1314.21,500.4400000000001,True,True,False,True
64204,Hu-Friedy: Pliers Dressing Foil/Meriam Serrated beaks #318  - DP318,Hu-Friedy,117,4179.24,84.0,2747.6099999999997,1431.63,True,True,True,True
64332,Hu-Friedy: Expro XP23/UNC15 Color Coded #6 Handle  - XP23/UNC6,Hu-Friedy,117,1779.9,30.0,1254.1200000000001,525.78,True,True,False,True
64353,Hu-Friedy: Mirror Handle Cone Socket #6 Handle  - MH6,Hu-Friedy,117,2191.55,65.0,1449.24,742.31,True,True,True,True
64385,Hu-Friedy: Mirror #5 Front Surface Cone Socket Single Sided each  - MIR5,Hu-Friedy,117,740.4300000000001,57.0,557.68,182.75,False,False,True,True
64461,"Hu-Friedy: CC NOVATECH PROBE,UNC 15 6 SATIN STL HDL  - PCPNT156",Hu-Friedy,117,1700.73,27.0,1217.72,483.01,True,True,False,True
64497,Hu-Friedy: Probe QULIX PQ-OW Williams Thin #6 handle 1-2-3-5-7-8-9-10 SE  - PQOW6,Hu-Friedy,117,2051.62,38.0,1450.35,601.27,True,True,True,True
64726,"Hu-Friedy: Pliers Endo Locking 6-1/2""  - EPL1",Hu-Friedy,135,1055.92,8.0,627.36,428.56000000000006,True,False,False,True
64884,Hu-Friedy: Forceps Mead 3 Serrated MD-3  - FMD3,Hu-Friedy,106,1687.96,4.0,1007.12,680.84,True,True,False,True
64885,Hu-Friedy: Forceps Mead 4  - FMD4,Hu-Friedy,106,1687.96,4.0,1028.74,659.22,True,True,False,True
64887,Hu-Friedy: Forceps 13 European style Serrated  - FX13,Hu-Friedy,106,1559.96,4.0,931.72,628.24,True,True,False,True
64889,Hu-Friedy: Forceps 17 European style Serrated  - FX17,Hu-Friedy,106,1559.96,4.0,931.72,628.24,True,True,False,True
64891,Hu-Friedy: Forceps 18 European style Serrated  - FX18,Hu-Friedy,106,1559.96,4.0,931.72,628.24,True,True,False,True
64978,Hu-Friedy: Forceps Atraumair Root #45 Serrated Lower Roots  - FX45XS,Hu-Friedy,106,1819.96,4.0,1085.54,734.4200000000001,True,True,False,True
64981,Hu-Friedy: Forceps Atraumair Root #51 Serrated Upper Roots  - FX51XS,Hu-Friedy,106,1819.96,4.0,1085.54,734.4200000000001,True,True,False,True
65010,Hu-Friedy: Forceps 23  - F23,Hu-Friedy,106,1451.96,4.0,885.34,566.62,True,True,False,True
65050,Hu-Friedy: Needle Holder Simion  - NH5024SIM,Hu-Friedy,106,1611.98,2.0,978.22,633.76,True,True,False,True
65103,Hu-Friedy: Surgical Rongeurs Blumenthal  - RBL,Hu-Friedy,106,4543.92,8.0,2721.37,1822.5500000000002,True,True,False,True
65408,Hu-Friedy: Burnisher 18 Ball #41 Round handle DE (1.6-2.4)  - BB18,Hu-Friedy,39,1115.82,18.0,658.8299999999999,456.99,True,False,False,True
65695,Hu-Friedy: Satin Steel XTS Composite Burnisher #21B  - TNBB21B,Hu-Friedy,39,1547.8200000000002,18.0,923.6099999999999,624.2100000000002,True,True,False,True
65697,Hu-Friedy: Satin Steel XTS Composite Burnisher Ladmore 2  - TNBBL2,Hu-Friedy,39,1375.8400000000001,16.0,818.2,557.6400000000001,True,True,False,True
65711,Hu-Friedy: XTS Composite Instrument R/L  - TNCFIR/L,Hu-Friedy,39,1375.8400000000001,16.0,818.2,557.6400000000001,True,True,False,True
65770,Hu-Friedy: Excavator 18 #6 Handle  - EXC186,Hu-Friedy,39,1071.84,16.0,636.13,435.7099999999999,True,False,False,True
65849,Hu-Friedy: Articulating Paper Forceps  - APF2,Hu-Friedy,39,1253.78,22.0,842.91,410.87000000000006,True,False,False,True
65930,Hu-Friedy: Spatula Novatech #7 Short blade DE CSNT7  - CSNT7,Hu-Friedy,154,1079.88,12.0,650.94,428.94000000000005,True,False,False,True
66556,Hu-Friedy: Gracey Curette 1/2 EverEdge 2.0 #9 handle  - SG1/29E2,Hu-Friedy,143,1116.0,12.0,797.22,318.78,True,False,False,True
66576,Hu-Friedy: Gracey Curette 11/12 #6 Handle  - SG11/126,Hu-Friedy,143,1559.33,19.0,765.0,794.3299999999999,True,True,False,True
66583,Hu-Friedy: Gracey Curette 11/12 EverEdge 2.0 #9 Handle  - SG11/129E2,Hu-Friedy,143,5377.11,56.0,2604.23,2772.88,True,True,True,True
66626,Hu-Friedy: Gracey Curette 13/14 #6 Handle  - SG13/146,Hu-Friedy,143,1740.79,21.0,897.31,843.48,True,True,False,True
66633,Hu-Friedy: Gracey Curette 13/14 EverEdge 2.0 #9 Handle  - SG13/149E2,Hu-Friedy,143,1806.81,19.0,821.47,985.3399999999999,True,True,False,True
66691,Hu-Friedy: Gracey Curette 17/18 EverEdge 2.0 #9 handle  - SG17/189E2,Hu-Friedy,143,1109.9,10.0,585.29,524.6099999999999,True,True,False,True
67157,Hu-Friedy: Sickle Scaler 204S #6 Handle DE  - S204S6,Hu-Friedy,143,1182.34,16.0,765.0,417.33999999999986,True,False,False,True
67160,Hu-Friedy: Sickle Scaler 204S EverEdge 2.0 #9 Handle  - S204S9E2,Hu-Friedy,143,6826.06,75.0,5017.08,1808.98,True,True,True,True
67167,Hu-Friedy: Sickle Scaler 204SD #6 Handle  - S204SD6,Hu-Friedy,143,2773.62,38.0,1990.26,783.3599999999998,True,True,True,True
67215,Hu-Friedy: Sickle Scaler Nevi 2 Posterior EverEdge 2.0 #9 Handle  - SCNEVI29E2,Hu-Friedy,143,2007.9,22.0,1006.88,1001.02,True,True,False,True
67222,Hu-Friedy: Sickle Scaler Nevi 3 Posterior EverEdge 2.0 #9 Handle  - SCNEVI39E2,Hu-Friedy,143,942.45,10.0,469.73,472.72,False,True,False,True
67230,Hu-Friedy: Sickle Scaler Nevi 4 Posterior EverEdge 2.0 #9 Handle  - SCNEVI49E2,Hu-Friedy,143,1291.8899999999999,13.0,882.97,408.91999999999996,True,False,False,True
67260,Hu-Friedy: Sickle Scaler Hygienist H6/H7 #6 Handle  - SH6/76,Hu-Friedy,143,1375.84,16.0,765.0,610.8399999999999,True,True,False,True
67263,Hu-Friedy: Sickle Scaler Hygienist H6/H7 EverEdge 2.0 #9 Handle  - SH6/79E2,Hu-Friedy,143,3890.4,40.0,2680.4900000000002,1209.9099999999999,True,True,True,True
67492,Hu-Friedy: Curette Columbia 4R/4L EverEdge 2.0 #9 Handle  - SC4R/4L9E2,Hu-Friedy,143,2014.07,23.0,1548.66,465.40999999999997,True,True,False,True
67537,Hu-Friedy: Curette Younger-Good 7/8 EverEdge 2.0 #9 handle  - SYG7/89E2,Hu-Friedy,143,1085.0,14.0,891.59,193.40999999999997,True,False,False,True
68098,Hu-Friedy: Elevator Small Precision Tip Curved #6 Handle  - EPTSMC,Hu-Friedy,106,1481.94,6.0,882.64,599.3000000000001,True,True,False,True
68593,Hu-Friedy: Surgical Curette Molt 2/4  - CM2/4,Hu-Friedy,106,1043.94,6.0,661.1600000000001,382.78000000000003,True,False,False,True
68940,Dentsply: NUPRO Freedom Cordless Prophy System Kit - 90741L01,Dentsply Sirona,102,1232.99,1.0,960.0,272.99,True,False,False,True
68953,"BioHorizons: 5.2mm x 10.5mm Tapered Pro Implant, Laser-Lok, RBT Ea - BTA5210",BioHorizons,128,828.01,2.0,0.0,828.01,False,True,False,True
68972,Garrison: Composi-Tight 3D Fusion Matrix Deluxe Kit Ea - FX-KFF-11,Garrison Dental Solutions,33,1299.99,1.0,1015.19,284.79999999999995,True,False,False,True
69005,KP: Smile 2 Intraoral Scanner – Precision Digital Dentistry Workflow Complete Unit Ea - PH-SMILE2,KP,67,7500.0,1.0,6500.0,1000.0,True,True,False,True
69019,"Diadent: Dia-X SIL Bite Registration VPS Impression Material 4 x 50mL, 4 x Tips - A2006-1005",DiaDent,57,1559.92,61.0,2135.0,-575.08,True,False,True,True
69076,3M: Filtek Easy Match Flowable Restorative Syringe Natural - 2 x 2g/Pack - 6125N,3M (Solventum),34,3313.29,24.0,2313.07,1000.2200000000001,True,True,False,True
69117,Plasdent: Flowbowl Mixing Bowls 350cc Medium Dark Green - Each - 904MB-M,Plasdent,58,319.46,54.0,139.62,179.83999999999997,False,False,True,True
69123,"Straumann: RC Temporary Abutment, bridge, Ø 4.5mm, H 11mm, TAN Ea - 024.4375",Straumann,128,678.0,6.0,0.0,678.0,False,True,False,True
71058,Medicom: AssureTouch Lite Nitrile Medical Examination Powder Free Gloves - Violet Blue - X- Small - 300/Box  - 9930-A,Medicom,62,6919.42,480.0,8952.0,-2032.58,True,False,True,True
71059,Medicom: AssureTouch Lite Nitrile Medical Examination Powder Free Gloves - Violet Blue - Small - 300/Box  - 9930-B,Medicom,62,53173.45,3015.0,56229.75,-3056.3,True,False,True,True
71060,Medicom: AssureTouch Lite Nitrile Medical Examination Powder Free Gloves - Violet Blue - Medium - 300/Box  - 9930-C,Medicom,62,24335.52,2446.0,45638.4,-21302.88,True,False,True,True
71061,Medicom: AssureTouch Lite Nitrile Medical Examination Powder Free Gloves - Violet Blue - Large - 300/Box  - 9930-D,Medicom,62,9215.95,680.0,12682.0,-3466.05,True,False,True,True
71064,Medicom: Ocean Pacific TruAloe Textured Fingertips Nitrile Medical Examination Powder Free Gloves - Aloe Green - Small - 200/Box  - 1226-B,Medicom,62,899.6,50.0,919.25,-19.649999999999977,False,False,True,True
71068,"Medicom: SafeBasics Self-Sealing Sterilization Pouches 2.75"" x 9"" - 200/Pack  - 99000",Medicom,67,352.70000000000005,42.0,371.34000000000003,-18.639999999999986,False,False,True,True
71069,"Medicom: SafeBasics Self-Sealing Sterilization Pouches 3.5"" x 5.25"" - 200/Pack  - 99005",Medicom,67,269.8,43.0,448.62,-178.81999999999994,False,False,True,True
71070,"Medicom: SafeBasics Self-Sealing Sterilization Pouches 3.5"" x 9"" - 200/Pack  - 99010",Medicom,67,491.31,74.0,702.23,-210.92,False,False,True,True
71084,Medicom: SAFETOUCH REJUVENATE Latex Textured Fingertips Medical Examination Powder Free Gloves - Cream - X-Large - 100/Box  - 1163-E,Medicom,62,1749.2,80.0,1315.4,433.8,True,False,True,True
71095,Medicom: AssureTouch Basics Nitrile Medical Examination Powder Free Gloves - Blue - Small - 100/Box  - 9985-B,Medicom,62,359.7,60.0,448.5,-88.80000000000001,False,False,True,True
71096,Medicom: AssureTouch Basics Nitrile Medical Examination Powder Free Gloves - Blue - Medium - 100/Box  - 9985-C,Medicom,62,564.83,76.0,536.79,28.040000000000056,False,False,True,True
71106,Medicom: Ocean Pacific Blue Lite Nitrile Textured Fingertips Medical Examination Powder Free Gloves - Blue - Medium - 200/Box  - OPM-BL2,Medicom,62,929.69,40.0,974.0,-44.31,False,False,True,True
71206,Medicom: SafeMask SofSkin Level 3 Procedure Earloop Face Mask - White - 50/Box  - 2086,Medicom,63,1619.3000000000002,100.0,1535.0,84.30000000000007,True,False,True,True
71216,Medicom: SafeMask Classics Level 3 Procedure Earloop Face Mask - Blue - 50/Box  - 205315,Medicom,63,4375.54,544.0,5528.51,-1152.97,True,False,True,True
71217,Medicom: SafeMask Classics Level 3 Procedure Earloop Face Mask - Pink - 50/Box  - 205316,Medicom,63,841.94,122.0,1253.88,-411.93999999999994,False,False,True,True
71218,Medicom: SafeMask Classics Level 3 Procedure Earloop Face Mask - Lavender - 50/Box  - 205317,Medicom,63,800.1,107.0,1094.8600000000001,-294.76,False,False,True,True
71219,Medicom: SafeMask Classics Level 3 Procedure Earloop Face Mask - White - 50/Box  - 205314,Medicom,63,344.94,50.0,510.14,-165.2,False,False,True,True
71263,"Medicom: SafeGauze Premium Non-Woven 4 Ply Non-Sterile  Gauze Sponges 2"" x 2"" - 4000/Box  - 4522",Medicom,76,1204.67,14.0,847.2,357.47,True,False,False,True
71380,"DMG: Icon Infiltration Concept Smooth Surface Mini 3 Patient Syringe Kit - 3 x 0.45mL Icon-Etch, 3 x 0.45mL Icon-Dry, 3 x 0.45mL Icon-Infiltrant, 18 x Tips, 3 x LuerLock Tip  - 220402",DMG,40,1169.98,4.0,830.6,339.38,True,False,False,True
71442,"DMG: Luxatemp Automix Plus Temporary Crown and Bridge Material Refill Kit A2 - 1 x 76gm Cartridge, 15 x Automix Tips  - 110402",DMG,61,2404.94,6.0,1368.0,1036.94,True,True,False,True
71509,"DMG: Premium Dispered Phase Alloy Fast Set 50 Capsules Double Spill Cap Dark Blue, Body White  - 61013",DMG,89,1100.98,7.0,855.95,245.03000000000003,True,False,False,True
71584,"Straumann: RB/WB Temporary Abutment, Bridge, Ø 4.5mm, GH 1.5mm, AH 10mm, TAN Ea - 064.4352",Straumann,128,1736.0,14.0,0.0,1736.0,True,True,False,True
71613,"Straumann: NT Impression Post Open Tray, long, incl. guide screw, H 21mm, non-engaging, TAN Ea - 065.0137",Straumann,128,840.0,12.0,238.0,602.0,False,True,False,True
71629,Dentsply: Thermafil Plus Obturator PL -Vented 25|25 30pk - PV02523,Dentsply Sirona,47,825.98,2.0,131.13,694.85,False,True,False,True
71637,3Shape: TRIOS3 Tips w/ Mirror 3/Box - 22002388,3Shape,102,1600.0,2.0,1546.0,54.0,True,False,False,True
71647,"Straumann: BLX Implant, Ø 4.5mm RB, SLActive® 18mm, Roxolid® Ea - 061.6318",Straumann,128,584.0,1.0,0.0,584.0,False,True,False,True
71651,Nobel Biocare: Surgical Template Fully Guided 2 Implants Ea - 75566,Nobel Biocare,128,1246.0,2.0,404.95,841.05,True,True,False,True
71667,"Straumann: BLC Implant, Ø 4.0mm RB, SLActive® 14mm, Roxolid® Ea - 035.9314S",Straumann,128,1752.0,3.0,361.56,1390.44,True,True,False,True
71679,"Straumann: Emdogain® Multipack 3 x 0.7 ml (30 mg/ml), PrefGel® 3 x 0.6 ml (24% EDTA) - 075.116W",Straumann,128,1207.0,1.0,0.0,1207.0,True,True,False,True
71680,Straumann: Emdogain® - 1 x 0.3 ml (30 mg/ml) Ea - 075.101W,Straumann,128,4070.0,11.0,0.0,4070.0,True,True,False,True
71682,"Straumann: GM Helix Acqua Implant, Titanium, 4.0X10 mm Ea - 140.983",Straumann,128,762.3,3.0,0.0,762.3,False,True,False,True
71721,"Straumann:TLC SP Implant, Ø 4.5mm WT, SLActive® 10mm, Roxolid® - 035.7610s",Straumann,128,584.0,1.0,0.0,584.0,False,True,False,True
71723,"Straumann: BLC Implant, Ø 5.0mm WB, SLActive® 8mm, Roxolid® - 035.9508s",Straumann,128,2336.0,5.0,361.75,1974.25,True,True,False,True
71743,Voco: Retraction Paste Capsule Refill 100/Pk - 1013,VOCO,60,1248.98,3.0,601.64,647.34,True,True,False,True
71767,W&H: HP-44 M Proxeo Prophy Straight Electric Handpiece Ea - 10114403,W&H,99,2496.0,4.0,2800.0,-304.0,True,False,False,True
71769,"Straumann:RC Novaloc® ADLC, straight, Ø 3.8mm, H 2mm, TAV - 022.0053",Straumann,128,824.0,4.0,0.0,824.0,False,True,False,True
71774,"Nobel Biocare: RPM™, reinforced PTFE mesh, 200µm, 24 x 38 mm, shape N°10 1/Pk - RPM200ATC",Nobel Biocare,128,2150.0,5.0,0.0,2150.0,True,True,False,True
71781,Nsk S-Max M900 Air driven Non-Optic High Speed Standard Head Handpiece - P1256,NSK,,1095.99,1.0,986.39,109.60000000000002,True,False,False,True
71818,"Straumann: BLC Implant, Ø 4.0mm RB, SLActive® 10mm, Roxolid® Ea - 035.9310S",Straumann,128,1168.0,2.0,0.0,1168.0,True,True,False,True
71820,Woodpecker: PT-A Dental Ultrasonic Scaler and Air Polisher (Full Kit) Ea - PT-A,Woodpecker,7,5700.0,1.0,4953.78,746.2200000000003,True,True,False,True
71844,Keystone: Mouthguard Resin Sheets .160 (4mm) White - 9597750,Keystone Industries,122,1349.7,30.0,1008.13,341.57000000000005,True,False,False,True
71870,Solventum: Filtek™ Easy Match Flowable Restorative Syringe Bright - 2g x 2 / Pack - 6125B,3M (Solventum),34,3131.55,22.0,2117.7200000000003,1013.8300000000002,True,True,False,True
71872,"BioHorizon: Tapered Internal Implant, 3.0 x 15mm, Mountless, RBT+Laser-Lok - TLX3015",BioHorizons,128,4041.0,9.0,1377.04,2663.96,True,True,False,True
71873,"Biohorizon: Tapered Internal Implant, RBT, Laser-Lok, 3.4 x 15mm - TLX3415",BioHorizons,128,4041.0,9.0,1853.1,2187.9,True,True,False,True
71877,Nsk H/P FX Series FX65K 1:1 Straight Direct Drive Kavo & W&H Back End - HA1202,NSK,99,1500.0,6.0,1695.0,-195.0,True,False,False,True
71880,Not allowed Hu-Friedy: PWR Piezo Tip P10 Curved Ea - UPP10,Hu-Friedy,112,3167.92,8.0,2000.0,1167.92,True,True,False,True
71893,Clinical Research: PlanB Dental® miniKUT EZP Rotary NiTi Files .03 #15 21mm 6/Pk - 1031521,Clinical Research Dental,50,1249.9,10.0,949.5,300.4000000000001,True,False,False,True
71894,Clinical Research: PlanB Dental® miniKUT EZP Rotary NiTi Files .03 #15 25mm 6/Pk - 1031525,Clinical Research Dental,50,1249.9,10.0,949.5,300.4000000000001,True,False,False,True
71901,"Straumann: RB/WB Screw-retained Abutment, straight, Ø 4.6mm, GH 2.5mm, TAN Ea - 062.4723S",Straumann,128,544.0,4.0,0.0,544.0,False,True,False,True
71902,"Straumann: RB/WB Screw-retained Abutment, angled 17°, Ø 4.6mm, GH 3.5mm, TAN Ea - 062.4733S",Straumann,128,600.0,4.0,0.0,600.0,False,True,False,True
71906,"Straumann: AlloGraft Demineralized Fibers and Cancellous Chips, 1 cc Ea - 070.249",Straumann,128,1324.0,5.0,0.0,1324.0,True,True,False,True
71929,"BioHorizons: Tapered Pro Conical Implant, Ø4.2 x 9mm, Laser-Lok and RBT, Regular Ea - CTA4209",BioHorizons,128,1290.0,3.0,0.0,1290.0,True,True,False,True
71930,"BioHorizons: Tapered Pro Conical Implant, Ø3.8 x 10.5mm, Laser-Lok and RBT, Narrow Ea - CTA3810",BioHorizons,128,860.0,2.0,0.0,860.0,False,True,False,True
71943,Baxter: Sodium Chloride 0.9% Normal Saline Solution for Irrigation 1000ml Bottle Ea - JF7124,Baxter,155,961.19,108.0,594.9100000000001,366.28,False,False,True,True
71960,"Straumann: Bone Level Implant Ø 3.3mm NC, SLActive® 12mm, Roxolid® Loxim® Ea - 021.2312",Straumann,128,579.0,1.0,0.0,579.0,False,True,False,True
72573,"Biohorizon: Mem-Lok Pericardium, 15mm x 20mm - PERI-ML1520INT",BioHorizons,128,534.0,3.0,0.0,534.0,False,True,False,True
72586,ZimVie: Temporary Hexed Cylinder w/ Retention 4.1mm Ea - ITCS41,ZimVie,128,810.0,6.0,0.0,810.0,False,True,False,True
72588,ZimVie: Temporary Non-Hexed Cylinder w/ Retention 4.1mm Ea - ITCS42,ZimVie,128,810.0,6.0,0.0,810.0,False,True,False,True
73039,"Beyes: M800X-M/K, KaVo Backend, Quattro Spray, Instant Stop, 25 MTHS WTY Handpiece - HP3036X",Beyes Dental,158,1899.99,2.0,954.8,945.19,True,True,False,True
73678,Kavo: MASTERtorque High Speed Handpiece Cellular Optic Ea -  1.008.7800,KaVo Dental GMBH,99,5999.97,5.0,5550.0,449.97000000000025,True,False,False,True
73835,Acero: Accero Crowns 3S Pediatric Kit 240pcs - 5 of each crown - 3S-KIT,Acero,59,1199.99,1.0,873.6,326.39,True,False,False,True
73856,"Beyes: Comfort Sonic P9 Piezo Ultrasonic Scaler, Direct-LED, Includes 8 Tips, 110V - UL2103",Beyes,102,2099.98,2.0,1569.8,530.1800000000001,True,True,False,True
